UID,ID10,ID,ETAG,BRD,YR,SEA,LINE,STM,PEN,GRP,TRT,TB,TR,AOD,BAND,DAYBN,WNWT,WNAGE,ADG,SPWT,YRWT,DAYSH,YADG,SL,ADJ_SL,FLGR,FLWT,ADJ_FLWT,FLRATIO,MICRON,SD,CV,DIGR,H,J,F,NOBN,LBWN,SIRE,SBRD,DAM,DBRD,SAWT,SADAY,JUWT,JDAY,JADG,AGE,RMK,PD,GENO,DNA,M_IDX,F_IDX,BOVIS,CODON136,CODON171,LIB,LIBING,LIBBRDG,FERT,LOT,OLD_LOT,LOT3,STUDY,STUDY2,ORIENT,RANK,APP,MOT,RFM,ABN,WBC,SEMEN,SELL,ELG,REGNO,LY2,LY3,LY5,YRREC,DISP,DAYDIS,IDZ65,ALTID,INBRL
16RA00001,2012057479,H7479,H7479,05,12,1,,30,44,,,2,1,3.0,M,85,99,114,0.753,224,152,44,0.144,2.0,,,12.1,,,22.5,3.8,16.8,62,1,1,2,,,H5750,05,H4891,05,,,262,194,0.453,4.0,Nice Polypay,3,,,,,,AA,QR,,,,,.,,,,,,,,,,,,,,,,6,15,14.0,2016,,,0,,0.032
16RA00002,2013058061,H8061,H8061,05,13,1,,30,55,,,2,2,3.0,M,84,80,113,0.614,199,153,44,0.197,2.4,,,9.9,,,21.4,4.6,21.7,64,1,1,2-,,,H6777,05,H6233,05,,,235,194,0.428,3.0,.,3,,,,,,AA,RR,,,,,,,,,,,,,,,,,,,,,3,5,5.0,2016,,,0,,0.033
16RA00003,2013058066,H8066,H8066,05,13,1,,30,59,,,2,2,3.0,M,84,75,113,0.573,175,134,44,0.159,2.6,,,12.1,,,29.5,5.1,17.5,50,1,1,3,,,H7410,00,H5706,05,,,219,194,0.398,3.0,Saved; nice,3,,,,,,AA,RR,,,,,,,,,,,,,,,,,,,,,5,11,9.0,2016,,,0,,0.0
16RA00004,2013058210,H8210,H8210,05,13,1,,30,59,,,3,3,4.0,M,90,71,107,0.574,191,133,44,0.165,2.4,,,11.8,,,26.9,4.3,15.9,56,1,1,2-,,,H7410,00,H4891,05,,,231,194,0.442,3.0,SCOURS,1,,,,,,AA,QR,,,,,e3,,,,,,,,,,,,,,,,6,15,14.0,2016,,,0,,0.0
16RA00005,2013058327,H8327,H8327,05,13,1,,30,57,,,2,2,4.0,M,95,76,101,0.631,217,146,44,0.183,2.5,,,12.1,,,24.6,5.8,23.5,60,2,1,2-,,,H6969,05,H4591,05,,,266,194,0.523,3.0,NICE LAMB,3,,,,,,AA,QR,,,,,,,,,,,,,,,,,,,,,6,10,9.5,2016,,,0,,0.037
16RA00006,2013058376,H8376,H8376,05,13,1,,30,58,,,3,3,6.0,M,96,69,100,0.581,220,159,44,0.235,2.4,,,7.7,,,23.4,3.7,15.7,62,2,1,3-,,,H7260,05,H3490,05,,,243,194,0.479,3.0,Pink eyes,3,,,,,,AA,RR,,,,,GRN,,,,,,,,,,,,,,,,6,16,12.0,2016,,,0,,0.021
16RA00007,2014058485,H8485,H8485,05,14,1,,30,16,,,3,2,5.0,M,78,85,118,0.628,147,136,44,0.143,3.0,,,8.8,,,0.0,0.0,0.0,0,1,1,2,,,H7410,00,H5038,05,,,207,194,0.336,2.0,.,1,,,,,,AA,QR,,,,,GRN,,,,,,,,,,,,,,,,5,12,11.0,2016,,,0,,0.0
16RA00008,2014058497,H8497,H8497,05,14,1,,30,15,,.,2,1,4.0,M,79,123,116,0.943,235,218,44,0.265,3.6,,,12.1,,,0.0,0.0,0.0,0,2,1,2,,,H7508,05,H5979,05,,,285,194,0.445,2.0,Nice,2,,,,,,AA,QR,,,,,.,,,,,,,,,,,,,,,,5,9,8.5,2016,,,0,,0.027
16RA00009,2014058507,H8507,H8507,05,14,1,,30,10,,,2,2,2.0,M,79,80,116,0.607,171,141,44,0.17,3.3,,,12.1,,,0.0,0.0,0.0,0,1,1,2+,,,H5934,05,H7500,05,,,224,194,0.396,2.0,Conjunctiviti,1,,,,,,AA,RR,,,,,e4,,,,,,,,,,,,,,,,3,5,5.0,2016,,,0,,0.029
16RA00010,2014058543,H8543,H8543,05,14,1,,30,13,,,3,2,5.0,M,82,79,113,0.62,168,151,44,0.199,3.1,,,12.1,,,0.0,0.0,0.0,0,1,1,3,,,H7809,05,H5213,05,,,218,194,0.382,2.0,Cloudy L. Eye,2,,,,,,AA,RR,,,,,.,,,,,,,,,,,,,,,,6,14,12.0,2016,,,0,,0.023
16RA00011,2014058555,H8555,H8555,05,14,1,,30,12,,.,2,2,4.0,,82,94,113,0.687,0,205,,0.307,2.4,,,,,,0.0,0.0,0.0,0,1,1,2,,,H7783,05,H5998,05,,,,,,2.0,NICE LAMB,7,,,,,,AA,RR,,,,,.,,,,,,,,,,,,,,,,5,10,6.0,2016,97,0211,0,,0.0
16RA00012,2014058587,H8587,H8587,05,14,1,,30,12,,.,3,2,3.0,,83,77,112,0.62,0,154,44,0.212,3.0,,,7.7,,,0.0,0.0,0.0,0,1,1,2,,,H7783,05,H6830,05,,,,,,2.0,1ST,6,,,,,,AA,RR,,,,,.,,,,,,,,,,,,,,,,3,6,4.5,2016,01,0321,0,,0.044
16RA00013,2014058705,H8705,H8705,05,14,1,,30,16,,.,2,2,4.0,M,87,80,109,0.649,171,146,44,0.18,2.8,,,13.2,,,0.0,0.0,0.0,0,2,1,2+,,,H7410,00,H6419,05,,,221,194,0.388,2.0,.,1,,,,,,AA,QR,,,,,GRN,,,,,,,,,,,,,,,,4,7,7.0,2016,,,0,,0.0
16RA00014,2014058708,H8708,H8708,05,14,1,,30,15,,,3,2,6.0,M,87,73,108,0.579,183,140,44,0.183,2.9,,,12.1,,,0.0,0.0,0.0,0,1,1,2,,,H7508,05,H4333,05,,,221,194,0.407,2.0,PoorQuality,2,,,,,,AA,RR,,,,,GRN,,,,,,,,,,,,,,,,7,14,11.0,2016,,,0,,0.029
16RA00015,2014058715,H8715,H8715,05,14,1,,30,15,,.,3,2,4.0,M,88,84,107,0.697,163,130,44,0.125,2.7,,,9.9,,,0.0,0.0,0.0,0,1,1,2,,,H7508,05,H5844,05,,,216,194,0.363,2.0,.,1,,,,,,AA,RR,,,,,38,,,,,,,,,,,,,,,,5,11,7.0,2016,,,0,,0.029
16RA00016,2014058787,H8787,H8787,05,14,1,,30,13,,.,3,2,4.0,M,92,92,104,0.806,172,158,44,0.178,3.1,,,8.8,,,0.0,0.0,0.0,0,2,1,2,,,H7809,05,H5696,05,,,237,194,0.399,2.0,.,1,,,,,,AA,RR,,,,,e5,,,,,,,,,,,,,,,,5,11,9.5,2016,,,0,,0.0
16RA00017,2015058837,H8837,H8837,05,15,1,,30,17,,,2,2,2.0,Y,71,75,123,0.534,152,152,44,0.218,2.4,,,8.8,,,26.7,4.3,16.2,56,2,1,1-,,,H8210,05,H8410,05,,,199,194,0.34,1.0,Pink eyes,1,,,,,,AA,RR,,,,,GRN,,,,,,,,,,,,,,,,2,3,3.0,2016,,,0,,0.031
16RA00018,2015058840,H8840,H8840,05,15,1,,30,18,,.,3,2,5.0,Y,71,110,123,0.809,177,177,44,0.189,2.4,,,8.8,,,23.5,4.1,17.4,60,2,1,3,,,H8376,05,H5730,05,,,234,194,0.34,1.0,Scurs,1,,,,,,AA,RR,,,,,39,,,,,,,,,,,,,,,,5,10,8.0,2016,,,0,,0.015
16RA00019,2015058862,H8862,H8862,05,15,1,,30,18,,.,2,2,5.0,Y,73,101,121,0.726,184,184,44,0.233,3.1,,,11.0,,,26.0,5.2,20.1,58,1,1,2,,,H8376,05,H6438,05,,,235,194,0.367,1.0,.,1,,,,,,AA,QR,,,,,,,,,,,,,,,,,,,,,5,9,8.0,2016,,,0,,0.018
16RA00020,2015058865,H8865,H8865,05,15,1,,30,14,,.,2,2,4.0,Y,73,87,122,0.603,139,139,44,0.146,2.4,,,5.5,,,,,,,2,1,2,,,H7479,05,H7103,05,,,201,194,0.313,1.0,Parrot mouth,3,,,,,,AA,RR,,,,,.,,,,,,,,,,,,,,,,4,6,6.0,2016,93,0901,0,,0.024
16RA00021,2015058888,H8888,H8888,05,15,1,,30,15,,,3,2,6.0,Y,74,84,120,0.608,154,154,44,0.196,2.6,,,6.6,,,,,,,2,1,2+,,,H7809,05,H4891,05,,,209,194,0.342,1.0,Small scurs,2,,,,,,,QR,,,,,GRN,,,,,,,,,,,,,,,,6,15,14.0,2016,,,0,,0.025
16RA00022,2015058894,H8894,H8894,05,15,1,,30,17,,,2,1,2.0,Y,75,83,119,0.606,119,119,44,0.101,2.6,,,8.8,,,28.2,4.7,16.7,54,1,1,1-,,,H8210,05,H8262,05,,,182,194,0.271,1.0,Pink eyes,1,,,,,,AA,RR,,,,,40,,,,,,,,,,,,,,,,2,3,2.0,2016,,,0,,0.029
16RA00023,2015058897,H8897,H8897,05,15,1,,30,15,,,2,2,2.0,Y,75,80,119,0.579,103,103,44,0.064,2.2,,,2.2,,,25.0,5.1,20.3,58,1,1,2,,,H7809,05,H8452,05,,,168,194,0.241,1.0,.,1,,,,,,AA,RR,,,,,,,,,,,,,,,,,,,,,2,4,3.0,2016,,,0,,0.019
16RA00024,2015058907,H8907,H8907,05,15,1,,30,17,,.,2,2,5.0,Y,75,107,119,0.809,145,145,44,0.106,2.6,,,6.6,,,,,,,1,1,1-,,,H8210,05,H5979,05,,,198,194,0.249,1.0,Loose scurs,2,,,,,,AA,QR,,,,,GRN,,,,,,,,,,,,,,,,5,9,8.5,2016,,,0,,0.033
16RA00025,2015058956,H8956,H8956,05,15,1,,30,13,,.,3,2,4.0,Y,77,85,117,0.638,143,143,44,0.161,2.6,,,4.4,,,24.6,4.9,19.8,60,1,1,2,,,H7424,05,H6548,05,,,201,194,0.318,1.0,.,1,,,,,,AA,RR,,,,,.,,,,,,,,,,,,,,,,4,9,6.0,2016,,,0,,0.029
16RA00026,2015058966,H8966,H8966,05,15,1,,30,17,,.,3,2,5.0,Y,77,84,117,0.63,142,142,44,0.161,2.4,,,8.8,,,,,,,1,1,3,,,H8210,05,H5693,05,,,199,194,0.315,1.0,.,2,,,,,,AA,QR,,,,,GRN,,,,,,,,,,,,,,,,5,10,8.0,2016,,,0,,0.029
16RA00027,2015058970,H8970,H8970,05,15,1,,30,14,,,2,2,3.0,Y,78,120,116,0.914,172,172,44,0.144,2.6,,,7.7,,,,,,,2,1,4,,,H7479,05,H7473,05,,,244,194,0.34,1.0,Scurs,2,,,,,,AA,RR,,,,,GRN,,,,,,,,,,,,,,,,3,6,5.0,2016,,,0,,0.027
16RA00028,2015059003,H9003,H9003,05,15,1,,30,17,,,2,2,2.0,Y,80,80,114,0.611,131,131,44,0.14,1.8,,,6.6,,,,,,,2,1,2+,,,H8210,05,H8301,05,,,184,194,0.285,1.0,.,2,,,,,,AA,RR,,,,,,,,,,,,,,,,,,,,,2,3,3.0,2016,,,0,,0.024
16RA00029,2015059064,H9064,H9064,05,15,1,,30,14,,,2,2,2.0,Y,83,70,111,0.532,105,105,44,0.096,2.6,,,4.4,,,23.7,4.0,16.9,60,2,1,2,,,H7479,05,H8054,05,,,165,194,0.26,1.0,Loose scurs,1,,,,,,AA,RR,,,,,,,,,,,,,,,,,,,,,2,4,3.0,2016,,,0,,0.029
16RA00030,2015059065,H9065,H9065,05,15,1,,30,18,,.,2,2,5.0,Y,83,73,111,0.557,138,138,44,0.178,2.4,,,7.7,,,27.8,4.9,17.6,56,1,1,3,,,H8376,05,H5686,05,,,196,194,0.337,1.0,Pink eyes,1,,,,,,AA,RR,,,,,41,,,,,,,,,,,,,,,,5,9,9.0,2016,,,0,,0.018
16RA00031,2015059098,H9098,H9098,05,15,1,,30,13,,,3,2,6.0,Y,84,64,110,0.482,122,122,44,0.158,2.6,,,5.5,,,,,,,2,1,3,,,H7424,05,H5114,05,,,178,194,0.312,1.0,"SmScur,Under",2,,,,,,AA,QR,,,,,,,,,,,,,,,,,,,,,6,15,12.0,2016,,,0,,0.023
16RA00032,2015059116,H9116,H9116,05,15,1,,30,18,,.,2,2,4.0,Y,84,81,110,0.636,145,145,44,0.174,2.4,,,7.7,,,,,,,2,1,2,,,H8376,05,H6671,05,,,204,194,0.337,1.0,Pink eyes,3,,,,,,AA,RR,,,,,,,,,,,,,,,,,,,,,4,6,6.0,2016,,,0,,0.037
16RA00033,2015059120,H9120,H9120,05,15,1,,30,16,,.,3,2,5.0,Y,84,84,110,0.665,145,145,44,0.166,2.6,,,4.4,,,,,,,1,1,1-,,,H8061,05,H5825,05,,,186,194,0.279,1.0,Small scur,2,,,,,,AA,QR,,,,,,,,,,,,,,,,,,,,,5,10,9.0,2016,,,0,,0.03
16RA00034,2015059130,H9130,H9130,05,15,1,,30,13,,.,3,2,4.0,Y,85,72,109,0.57,143,143,44,0.193,2.8,,,4.4,,,28.5,4.9,17.3,54,1,1,3+,,,H7424,05,H6539,05,,,199,194,0.348,1.0,.,1,,,,,,AA,RR,,,,,42,,,,,,,,,,,,,,,,4,10,7.0,2016,,,0,,0.026
16RA00035,2015059136,H9136,H9136,05,15,1,,30,18,,,2,2,3.0,Y,85,80,109,0.622,130,130,44,0.136,2.2,,,6.6,,,24.5,5.1,20.8,60,1,1,2-,,,H8376,05,H7498,05,,,186,194,0.29,1.0,.,1,,,,,,AA,RR,,,,,,,,,,,,,,,,,,,,,3,5,5.0,2016,,,0,,0.03
16RA00036,2015059155,H9155,H9155,05,15,1,,30,16,,.,3,1,5.0,Y,86,81,108,0.646,139,139,44,0.157,2.8,,,6.6,,,,,,,3,1,2,,,H8061,05,H5843,05,,,197,194,0.318,1.0,NICE LAMB,3,,,,,,AA,RR,,,,,GRN,,,,,,,,,,,,,,,,5,12,8.0,2016,,,0,,0.047
16RA00037,2015059196,H9196,H9196,05,15,1,,30,13,,,3,2,3.0,Y,87,80,107,0.65,141,141,44,0.165,3.0,,,7.7,,,,,,,2,1,2,,,H7424,05,H7892,05,,,191,194,0.304,1.0,Undershot,3,,,,,,AA,RR,,,,,GRN,,,,,,,,,,,,,,,,3,6,5.0,2016,,,0,,0.025
16RA00038,2015059233,H9233,H9233,05,15,1,,30,e14,,,1,1,1.0,Y,89,87,105,0.697,134,134,44,0.126,2.4,,,5.5,,,23.0,4.7,20.4,62,1,1,2-,,,H8327,05,H8785,05,,,190,194,0.282,1.0,NICE.LEFT,1,,,,,,AA,RR,,,,,43,,,,,,,,,,,,,,,,1,1,1.0,2016,,,0,,0.041
16RA00039,2013644942,K4942,K4942,64,13,1,,06,12,,,1,1,2.0,M,81,107,117,0.786,267,208,44,0.276,2.7,,,12.6,,,23.8,3.7,15.6,60,1,1,3,,,K4848,64,K4772,64,,,317,194,0.582,3.0,NICE LAMB,1,,,,,,AA,QR,,,,,36,,,,,,,,,,,,,,,,3,4,3.0,2016,,,0,,0.023
16RA00040,2013644960,K4960,K4960,64,13,1,,06,26,,,2,1,3.0,M,87,68,111,0.504,223,151,44,0.223,2.9,,,11.0,,,24.7,4.7,18.8,60,2,1,4+,,,K4924,00,K4694,64,,,264,194,0.543,3.0,NICE.K,1,,,,,,AA,RR,,,,,37,,,,,,,,,,,,,,,,3,5,3.5,2016,,,0,,0.0
16RA00041,2012700762,L0762,L0762,70,12,1,,PC,36,,,2,2,5.0,M,82,88,118,0.625,256,166,44,0.215,2.6,,,8.4,,,27.7,5.3,19.1,56,1,1,2,,,X7237,82,X5080,82,,,301,194,0.593,4.0,Unicorn,1,,,,,,AA,RR,,,,,e6,,,,,,,,,,,,,,,,4,8,6.0,2016,,,0,,0.003
16RA00042,2013701151,L1151,L1151,70,13,1,,PC,17,,,1,1,4.0,M,78,127,120,0.921,230,157,44,0.083,2.5,,,8.2,,,27.8,5.1,18.3,56,1,1,3+,,,L0105,70,L0028,70,,,273,194,0.404,3.0,10GR.NICE,1,,,,,,AA,QR,,,,,e6,,,,,,,,,,,,,,,,4,6,3.0,2016,,,0,,0.007
16RA00043,2013701339,L1339,L1339,70,13,1,,PC,21,,,1,1,3.0,M,86,93,112,0.706,234,159,44,0.178,2.5,,,9.0,,,27.9,5.0,17.9,54,2,1,3+,,,L0495,70,L0154,70,,,275,194,0.504,3.0,MYO AA,1,,,,,,AA,RR,,,,,5,,,,,,,,,,,,,,,,4,4,4.0,2016,,,0,,0.007
16RA00044,2013701441,L1441,L1441,70,13,1,,PC,e13,,,1,1,1.0,M,94,94,104,0.765,216,154,44,0.158,2.4,,,10.4,,,27.9,4.9,17.7,54,1,4,2-,,,L0277,70,L0700,70,,,272,194,0.493,3.0,Overbite,1,,,,,,AA,RR,,,,,6,,,,,,,,,,,,,,,,3,4,4.0,2016,,,0,,0.004
16RA00045,2014701549,L1549,L1549,70,14,1,,PC,e7,,,1,1,1.0,M,83,105,113,0.805,197,175,44,0.193,2.9,,,7.4,,,0.0,0.0,0.0,0,1,1,2,,,L0289,70,L1309,70,,,248,194,0.394,2.0,MYO AA,1,,,,,,AA,RR,,,,,7,,,,,,,,,,,,,,,,2,3,3.0,2016,,,0,,0.013
16RA00046,2014701564,L1564,L1564,70,14,1,,PC,5,,.,1,1,4.0,,85,135,111,1.036,0,190,44,0.151,2.8,,,7.4,,,0.0,0.0,0.0,0,1,1,1,,,L0239,70,L0228,70,,,,,,2.0,MYO AA,3,,,,,,AA,RR,,,,,OR,,,,,,,,,,,,,,,,5,6,5.5,2016,93,0310,13903,,0.007
16RA00047,2014701614,L1614,L1614,70,14,1,,PC,6,,.,2,1,3.0,M,91,137,105,1.128,235,213,44,0.205,3.3,,,9.2,,,0.0,0.0,0.0,0,2,1,1,,,L0650,70,L0461,70,,,294,194,0.433,2.0,MYO AA,1,,,,,,AARH,QR,,,,,e6,,,,,,,,,,,,,,,,4,7,5.0,2016,,,0,,0.007
16RA00048,2015701654,L1654,L1654,70,15,1,,PC,9,,.,2,2,5.0,Y,74,81,121,0.546,153,153,44,0.202,,,,7.8,,,,,,,2,1,2,,,L1441,70,L0044,70,,,197,194,0.319,1.0,25BLK.NICE,1,,,,,,AA,RR,,,,,e6,,,,,,,,,,,,,,,,5,8,7.0,2016,,,0,,0.005
16RA00049,2015701665,L1665,L1665,70,15,1,,PC,5,,,2,2,3.0,Y,76,108,119,0.78,194,194,44,0.24,,,,9.6,,,,,,,2,1,1-,,,L0650,70,L0844,70,,,259,194,0.415,1.0,2ND SMOKEY,1,,,,,,AA,RR,,,,,10,,,,,,,,,,,,,,,,3,5,5.0,2016,,,0,,0.017
16RA00050,2015701676,L1676,L1676,70,15,1,,PC,6,,.,2,2,4.0,Y,78,106,117,0.817,200,200,44,0.261,,,,7.6,,,,,,,1,1,1-,,,L0762,70,L0399,70,,,250,194,0.396,1.0,80BLK,1,,,,,,AA,RR,,,,,11,,,,,,,,,,,,,,,,4,6,6.0,2016,,,0,,0.014
16RA00051,2015701683,L1683,L1683,70,15,1,,PC,7,,.,1,1,4.0,,79,114,116,0.868,0,0,44,,,,,6.8,,,,,,,2,1,1-,,,L1175,70,L0351,70,,,,,,1.0,05BRN,6,,,,,,AA,QR,,,,,OR,,,,,,,,,,,,,,,,4,4,4.0,2016,16,0220,0,,0.015
16RA00052,2015701690,L1690,L1690,70,15,1,,PC,5,,.,3,2,4.0,Y,80,107,115,0.823,197,197,44,0.249,,,,6.6,,,,,,,2,1,2+,,,L0650,70,L0461,70,,,265,194,0.434,1.0,50BRN,1,,,,,,AARH,QR,,,,,12,,,,,,,,,,,,,,,,4,7,5.0,2016,,,0,,0.007
16RA00053,2015701701,L1701,L1701,70,15,1,,PC,6,,,4,2,3.0,Y,83,88,112,0.695,177,177,44,0.244,,,,6.8,,,,,,,1,1,1-,,,L0762,70,L0937,70,,,226,194,0.379,1.0,2ND20TAN,1,,,,,,AA,RR,,,,,13,,,,,,,,,,,,,,,,3,8,5.5,2016,,,0,,0.012
16RA00054,2015701721,L1721,L1721,70,15,1,,PC,9,,.,1,1,5.0,Y,88,121,107,0.981,202,202,44,0.219,,,,9.4,,,,,,,2,1,1-,,,L1441,70,L0228,70,,,251,194,0.357,1.0,15-20BRN,1,,,,,,AA,RR,,,,,14,,,,,,,,,,,,,,,,5,6,5.5,2016,,,0,,0.014
16RA00055,2015701730,L1730,L1730,70,15,1,,PC,7,,,1,1,1.0,,93,86,102,0.681,0,0,44,,,,,6.2,,,,,,,2,1,1-,,,L1175,70,L1544,70,,,,,,1.0,5-10BRN.UGLY,3,,,,,,AA,QR,,,,,OR,,,,,,,,,,,,,,,,1,1,1.0,2016,93,0310,13902,,0.016
16RA00056,2012119425,R9425,R9425,11,12,1,,07,49,,,1,1,2.0,M,96,80,103,0.651,206,138,44,0.153,2.8,,,14.3,,,16.8,2.9,17.1,80,1,1,3,,,R8405,11,R8055,11,,,254,194,0.483,4.0,Nat Left,3,,,,,,AA,RR,,,,,.,,,,,,,,,,,,,,,,2,3,3.0,2016,,,0,,0.038
16RA00057,2013119597,R9597,R9597,11,13,1,,07,46,,,1,1,3.0,M,84,93,113,0.717,212,168,44,0.203,2.6,,,13.2,,,20.5,3.2,15.7,70,1,1,3,,,R9101,11,R8087,11,,,254,194,0.445,3.0,CUforSuffolks,1,,,,,,AA,RR,,,,,CU,,,,,,,,,,,,,,,,5,10,8.0,2016,,,0,,0.017
16RA00058,2013119841,R9841,R9841,11,13,1,,07,e16,,,1,1,1.0,M,97,76,99,0.644,204,135,44,0.154,2.4,,,14.3,,,22.0,3.4,15.4,64,1,1,3,,,R8760,11,R9149,11,,,254,194,0.49,3.0,TargheeHead?,1,,,,,,AA,QR,,,,,,,,,,,,,,,,,,,,,3,6,5.0,2016,,,0,,0.016
16RA00059,2013119922,R9922,R9922,11,13,1,,07,45,,,1,1,7.0,M,100,81,96,0.692,226,147,44,0.171,2.4,,,16.2,,,20.2,3.5,17.4,70,1,1,4+,,,R9420,11,R6521,11,,,270,194,0.521,3.0,.,1,,,,,,AA,QR,,,,,GRN,,,,,,,,,,,,,,,,7,12,10.0,2016,,,0,,0.022
16RA00060,2014119992,R9992,R9992,11,14,1,,07,19,,.,3,1,4.0,M,81,102,115,0.805,206,188,44,0.239,2.7,,,16.5,,,0.0,0.0,0.0,0,1,1,3,,,R9366,11,R8636,11,,,264,194,0.446,2.0,3RD,3,,,,,,AA,RR,,,,,,,,,,,,,,,,,,,,,3,6,5.0,2016,,,0,,0.038
16RA00061,2014119999,R9999,R9999,11,14,1,,07,17,,,2,2,5.0,M,82,80,113,0.612,199,167,44,0.24,2.7,,,16.2,,,0.0,0.0,0.0,0,2,1,3,,,R9205,11,R7714,11,,,234,194,0.423,2.0,NICE LAMB,2,,,,,,AA,RR,,,,,GRN,,,,,,,,,,,,,,,,6,10,10.0,2016,,,0,,0.036
16RA00062,2014120041,S0041,S0041,12,14,1,,07,22,,,1,1,2.0,M,84,103,111,0.793,211,179,44,0.209,2.8,,,11.8,,,0.0,0.0,0.0,0,1,1,3,,,R9554,11,R9141,11,,,249,194,0.401,2.0,Nice; saved,2,,,,,,AA,,,,,,.,,,,,,,,,,,,,,,,3,4,4.0,2016,,,0,,0.021
16RA00063,2014120052,S0052,S0052,12,14,1,,07,18,,,1,1,6.0,M,85,105,111,0.829,199,177,44,0.198,3.1,,,14.3,,,0.0,0.0,0.0,0,1,1,3,,,R9215,11,R7335,11,,,262,194,0.433,2.0,.,2,,,,,,AA,RR,,,,,GRN,,,,,,,,,,,,,,,,6,11,9.0,2016,,,0,,0.042
16RA00064,2014120058,S0058,S0058,12,14,1,,07,19,,,2,1,5.0,M,85,100,111,0.804,166,169,44,0.19,3.1,,,11.8,,,0.0,0.0,0.0,0,1,1,3,,,R9366,11,R7743,11,,,231,194,0.361,2.0,HAIRY,3,,,,,,AA,,,,,,,,,,,,,,,,,,,,,,5,10,9.0,2016,,,0,,0.051
16RA00065,2014120123,S0123,S0123,12,14,1,,07,20,,,2,1,6.0,M,89,88,106,0.708,173,149,44,0.165,3.0,,,15.1,,,0.0,0.0,0.0,0,2,1,3,,,R9425,11,R7368,11,,,231,194,0.393,2.0,.,2,,,,,,AA,QR,,,,,GRN,,,,,,,,,,,,,,,,7,13,12.0,2016,,,0,,0.044
16RA00066,2014120209,S0209,S0209,12,14,1,,07,23,,,2,2,2.0,M,93,80,103,0.67,193,174,44,0.253,2.6,,,15.4,,,0.0,0.0,0.0,0,1,1,3,,,R8405,11,R9185,11,,,243,194,0.449,2.0,.,1,,,,,,AA,QR,,,,,GRN,,,,,,,,,,,,,,,,3,5,5.0,2016,,,0,,0.018
16RA00067,2015110310,S0310,S0310,11,15,1,,07,20,,,2,2,6.0,Y,75,80,119,0.576,138,138,44,0.162,2.4,,,6.6,,,,,,,4,1,4-,,,R9327,11,R7487,11,,,194,194,0.312,1.0,Broken horn,3,,,,,,AA,QR,,,,,,,,,,,,,,,,,,,,,6,12,11.0,2016,,,0,,0.051
16RA00068,2015110353,S0353,S0353,11,15,1,,07,23,,,1,1,3.0,Y,78,116,116,0.864,198,198,44,0.227,2.8,,,8.8,,,,,,,1,1,3-,,,R9597,11,R9566,11,,,266,194,0.411,1.0,HAIRY,3,,,,,,AA,QR,,,,,,,,,,,,,,,,,,,,,2,3,2.0,2016,,,0,,0.035
16RA00069,2015110377,S0377,S0377,11,15,1,,07,19,,,1,1,2.0,Y,79,98,115,0.727,135,135,44,0.102,2.4,,,11.0,,,,,,,1,1,5-,,,R8760,11,R9589,11,,,193,194,0.26,1.0,NICE LAMB,3,,,,,,AA,QR,,,,,,,,,,,,,,,,,,,,,1,1,1.0,2016,,,0,,0.014
16RA00070,2015110380,S0380,S0380,11,15,1,,07,23,,,1,1,6.0,Y,79,107,115,0.803,165,165,44,0.16,2.6,,,9.9,,,,,,,1,1,3+,,,R9597,11,R7810,11,,,234,194,0.348,1.0,.,1,,,,,,AA,RR,,,,,GRN,,,,,,,,,,,,,,,,6,7,7.0,2016,,,0,,0.038
16RA00071,2015110404,S0404,S0404,11,15,1,,07,20,,,2,2,7.0,Y,80,77,115,0.535,154,154,44,0.213,2.6,,,11.0,,,,,,,2,1,3-,,,R9327,11,R7172,11,,,215,194,0.379,1.0,1ST,1,,,,,,AA,QR,,,,,57,,,,,,,,,,,,,,,,7,11,10.0,2016,,,0,,0.026
16RA00072,2015110418,S0418,S0418,11,15,1,,07,23,,,2,2,6.0,Y,81,76,113,0.575,132,132,44,0.154,2.6,,,8.8,,,,,,,3,1,2,,,R9597,11,R7879,11,,,189,194,0.31,1.0,.,3,,,,,,AA,QR,,,,,,,,,,,,,,,,,,,,,6,12,10.0,2016,,,0,,0.028
16RA00073,2015110429,S0429,S0429,11,15,1,,07,24,,,2,2,3.0,Y,82,81,113,0.604,160,160,44,0.217,2.0,,,7.7,,,,,,,1,1,3,,,R9757,11,R9553,11,,,208,194,0.349,1.0,.,2,,,,,,AARH,QR,,,,,GRN,,,,,,,,,,,,,,,,3,4,4.0,2016,,,0,,0.026
16RA00074,2015110456,S0456,S0456,11,15,1,,07,26,,.,2,2,5.0,Y,84,81,110,0.636,118,118,44,0.101,2.4,,,4.4,,,,,,,2,1,3,,,R9841,11,R8205,11,,,182,194,0.277,1.0,.,1,,,,,,AA,QR,,,,,,,,,,,,,,,,,,,,,4,7,7.0,2016,,,0,,0.017
16RA00075,2015110548,S0548,S0548,11,15,1,,07,23,,,2,1,3.0,Y,88,98,106,0.812,163,163,44,0.175,2.6,,,11.0,,,22.9,3.9,17.3,62,1,1,3,,,R9597,11,R9168,11,,,219,194,0.332,1.0,.,1,,,,,,AA,RR,,,,,58,,,,,,,,,,,,,,,,3,6,5.0,2016,,,0,,0.041
16RA00076,2015110549,S0549,S0549,11,15,1,,07,25,,,2,2,3.0,Y,88,85,106,0.661,124,124,44,0.105,2.5,,,7.7,,,,,,,4,1,3-,,,R9829,11,R9226,11,,,187,194,0.279,1.0,1ST H,3,,,,,,,QQ,,,,,GRN,,,,,,,,,,,,,,,,3,5,4.5,2016,,,0,,0.035
16RA00077,2015110570,S0570,S0570,11,15,1,,07,22,,.,2,2,4.0,Y,89,84,105,0.659,150,150,44,0.177,2.2,,,7.7,,,22.1,3.9,17.3,62,1,1,3,,,R9596,11,R8814,11,,,211,194,0.348,1.0,.,1,,,,,,AA,RR,,,,,59,,,,,,,,,,,,,,,,3,6,6.0,2016,,,0,,0.018
16RA00078,2015110571,S0571,S0571,11,15,1,,07,22,,.,2,2,4.0,Y,89,77,105,0.589,145,145,44,0.183,2.6,,,7.7,,,,,,,1,1,5,,,R9596,11,R8814,11,,,208,194,0.359,1.0,Closed Face,2,,,,,,AA,RR,,,,,GRN,,,,,,,,,,,,,,,,3,6,6.0,2016,,,0,,0.018
16RA00079,2015110583,S0583,S0583,11,15,1,,07,23,,,2,2,3.0,Y,90,76,104,0.616,140,140,44,0.172,2.4,,,2.2,,,,,,,1,1,3-,,,R9597,11,R9185,11,,,202,194,0.345,1.0,.,1,,,,,,,QR,,,,,GRN,,,,,,,,,,,,,,,,3,5,5.0,2016,,,0,,0.014
16RA00080,2015110594,S0594,S0594,11,15,1,,07,26,,.,2,2,5.0,Y,91,78,103,0.621,109,109,44,0.083,1.8,,,2.2,,,,,,,2,1,2-,,,R9841,11,R8548,11,,,174,194,0.263,1.0,TA,3,,,,,,AA,RR,,,,,GRN,,,,,,,,,,,,,,,,4,6,6.0,2016,,,0,,0.009
16RA00081,2015110611,S0611,S0611,11,15,1,,07,26,,.,2,2,5.0,Y,91,79,103,0.65,138,138,44,0.158,2.4,,,8.8,,,23.3,4.8,20.5,62,2,1,3,,,R9841,11,R8459,11,,,204,194,0.342,1.0,.,1,,,,,,,QQ,,,,,60,,,,,,,,,,,,,,,,4,7,6.0,2016,,,0,,0.015
16RA00082,2015110612,S0612,S0612,11,15,1,,07,20,,,1,1,2.0,Y,91,107,103,0.87,155,155,44,0.128,2.8,,,3.3,,,,,,,2,1,3-,,,R9327,11,R9759,11,,,,,,1.0,.,3,,,,,,,QQ,,,,,,,,,,,,,,,,,,,,,2,2,2.0,2016,93,0628,13905,,0.021
16RA00083,2015110627,S0627,S0627,11,15,1,,07,20,,.,2,1,8.0,Y,91,86,103,0.697,143,143,44,0.152,2.0,,,7.3,,,,,,,2,1,3-,,,R9327,11,R6933,11,,,200,194,0.312,1.0,Small scurs,1,,,,,,,QQ,,,,,GRN,,,,,,,,,,,,,,,,8,14,12.0,2016,,,0,,0.012
16RA00084,2015110649,S0649,S0649,11,15,1,,07,19,,.,4,1,5.0,Y,93,64,101,0.553,117,117,44,0.141,2.5,,,3.3,,,23.6,5.0,21.4,60,2,1,2-,,,R8760,11,R8087,11,,,175,194,0.304,1.0,.,1,,,,,,AA,RR,,,,,,,,,,,,,,,,,,,,,5,10,8.0,2016,,,0,,0.025
16RA00085,2015110668,S0668,S0668,11,15,1,,07,24,,,2,2,3.0,Y,94,79,101,0.648,142,142,44,0.168,2.2,,,6.6,,,19.9,3.5,17.4,70,2,1,3,,,R9757,11,R9528,11,,,191,194,0.308,1.0,2ND,1,,,,,,AA,QR,,,,,61,,,,,,,,,,,,,,,,3,5,5.0,2016,,,0,,0.02
16RA00086,2015110704,S0704,S0704,11,15,1,,07,19,,,1,1,3.0,Y,99,94,95,0.807,157,157,44,0.165,2.5,,,11.0,,,,,,,1,1,3,,,R8760,11,R9328,11,,,208,194,0.312,1.0,.,1,,,,,,AA,QQ,,,,,GRN,,,,,,,,,,,,,,,,2,3,3.0,2016,,,0,,0.008
16RA00087,2014000730,S0730,S0730,00,14,1,,07,,,,U,U,0.0,M,0,0,0,0.0,201,0,44,,4.1,,,20.9,,,0.0,0.0,0.0,0,7,1,3-,,,,,,,,,245,194,0.438,2.0,,1,,,,,,AA,RR,,,,,,,,,,,,,,,,,,,,,0,0,0.0,2016,,,0,14/5858,0.0
16RA00088,2013000732,S0732,S0732,00,13,2,,07,,,,1,1,0.0,M,0,0,0,0.0,229,0,44,,3.1,,,22.0,,,0.0,0.0,0.0,0,7,1,3,,,,,,,,,262,194,0.469,2.5,,1,,,,,,AA,RR,,,,,,,,,,,,,,,,,,,,,0,0,0.0,2016,,,0,3484,0.0
16RA00089,2014000733,S0733,S0733,00,14,1,,07,,,,U,U,0.0,M,0,0,0,0.0,220,0,44,,3.5,,,13.2,,,0.0,0.0,0.0,0,7,1,3,,,,,,,,,245,194,0.438,2.0,,1,,,,,,,QR,,,,,62,,,,,,,,,,,,,,,,0,0,0.0,2016,,,0,9804,0.0
16RA00090,2014000734,S0734,S0734,00,14,1,,07,,,,U,U,0.0,M,0,0,0,0.0,187,0,44,,3.9,,,18.7,,,0.0,0.0,0.0,0,7,1,3,,,,,,,,,228,194,0.408,2.0,,1,,,,,,AA,RR,,,,,63,,,,,,,,,,,,,,,,0,0,0.0,2016,,,0,6924,0.0
16RA00091,2014000735,S0735,S0735,00,14,1,,07,,,,U,U,0.0,M,0,0,0,0.0,195,0,44,,3.5,,,15.4,,,0.0,0.0,0.0,0,7,1,2-,,,,,,,,,237,194,0.424,2.0,,1,,,,,,,QR,,,,,64,,,,,,,,,,,,,,,,0,0,0.0,2016,,,0,9803,0.0
16RA00092,2014000736,S0736,S0736,00,14,1,,07,,,,,,0.0,M,0,0,0,0.0,190,0,44,,3.1,,,11.0,,,0.0,0.0,0.0,0,7,1,3,,,,,,,,,241,194,0.431,2.0,,1,,,,,,,,,,,,65,,,,,,,,,,,,,,,,0,0,0.0,2016,,,0,080/1437SD,0.0
16RA00093,2014000737,S0737,S0737,00,14,1,,07,,,,,,0.0,M,0,0,0,0.0,216,0,44,,2.8,,,15.4,,,0.0,0.0,0.0,0,7,1,3,,,,,,,,,268,194,0.479,2.0,,1,,,,,,,,,,,,66,,,,,,,,,,,,,,,,0,0,0.0,2016,,,0,1401/5831,0.0
16RA00094,2014000738,S0738,S0738,00,14,1,,07,,,,,,0.0,M,0,0,0,0.0,215,0,44,,2.8,,,14.3,,,0.0,0.0,0.0,0,2,1,4-,,,,,,,,,259,194,0.463,2.0,Wool blind,1,,,,,,,,,,,,,,,,,,,,,,,,,,,,0,0,0.0,2016,,,0,,
16RA00095,2013000739,S0739,S0739,00,13,1,,42,,,,,,0.0,M,0,0,0,0.0,208,0,44,,2.8,,,15.4,,,0.0,0.0,0.0,0,7,1,3,,,,,,,,,233,194,0.417,3.0,,1,,,,,,,,,,,,67,,,,,,,,,,,,,,,,0,0,0.0,2016,,,0,35431NVR70794,0.0
16RA00096,2013000740,S0740,S0740,00,13,1,,41,,,,,,0.0,M,0,0,0,0.0,189,0,44,,2.8,,,17.6,,,0.0,0.0,0.0,0,7,1,3,,,,,,,,,239,194,0.428,3.0,,1,,,,,,,,,,,,,,,,,,,,,,,,,,,,0,0,0.0,2016,,,0,31485NVR70769,0.0
16RA00097,2013000741,S0741,S0741,00,13,1,,41,,,,,,0.0,M,0,0,0,0.0,188,0,44,,2.8,,,13.2,,,0.0,0.0,0.0,0,2,1,3,,,,,,,,,224,194,0.401,3.0,,1,,,,,,,,,,,,68,,,,,,,,,,,,,,,,0,0,0.0,2016,,,0,31527,0.0
16RA00098,2014000742,S0742,S0742,00,14,1,,07,,,,,,0.0,M,0,0,0,0.0,175,0,44,,3.1,,,22.0,,,0.0,0.0,0.0,0,1,1,3,,,,,,,,,232,194,0.415,2.0,,1,,,,,,,,,,,,69,,,,,,,,,,,,,,,,0,0,0.0,2016,,,0,RT-24/92/4381,0.0
16RA00099,2014000743,S0743,S0743,00,14,1,,07,,,,,,0.0,M,0,0,0,0.0,201,0,44,,0.0,,,18.7,,,0.0,0.0,0.0,0,2,1,3,,,,,,,,,246,194,0.44,2.0,,1,,,,,,,,,,,,,,,,,,,,,,,,,,,,0,0,0.0,2016,,,0,4248/4-120,0.0
16RA00100,2012454366,T4366,T4366,45,12,1,,02,26,,,1,1,6.0,M,81,107,117,0.79,218,162,44,0.151,2.9,,,6.6,,,21.1,3.9,18.7,64,1,4,3,,,T3250,45,T0957,45,,,263,194,0.432,4.0,Parrot mouth,3,,,,,,AA,RR,,,,,.,,,,,,,,,,,,,,,,7,12,8.0,2016,,,0,,0.039
16RA00101,2013454854,T4854,T4854,45,13,1,,02,43,,,1,1,5.0,M,78,112,118,0.811,229,184,44,0.197,2.8,,,12.1,,,21.6,4.3,19.6,64,1,1,4+,,,T3264,45,T2019,45,,,292,194,0.496,3.0,.,3,,,,,,AA,QR,,,,,CTL,,,Ctrl,,,,,,,,,,,,,6,10,9.0,2016,,,0,,0.026
16RA00102,2013455017,T5017,T5017,45,13,1,,02,33,,,2,2,3.0,M,85,77,112,0.575,185,134,44,0.154,2.3,,,9.9,,,0.0,0.0,0.0,0,1,1,4+,,,T4439,45,T3029,45,,,,,,3.0,WatchRTestis,3,,,,,,AA,RR,,,,,SEL,,,Slct,,,,,,,,,,,,,4,6,6.0,2016,,,0,,0.045
16RA00103,2014455331,T5331,T5331,45,14,1,,02,36,,,1,1,2.0,M,87,93,109,0.734,220,184,44,0.249,2.7,,,14.3,,,0.0,0.0,0.0,0,1,1,3,,,T4411,45,T4585,45,,,266,194,0.477,2.0,Bee'sAssScur,1,,,,,,AA,RR,,,,,44,,,Slct,,,,,,,,,,,,,3,4,4.0,2016,,,0,,0.031
16RA00104,2014455424,T5424,T5424,45,14,1,,02,31,,,1,1,6.0,M,91,91,104,0.731,164,150,44,0.159,2.7,,,11.8,,,0.0,0.0,0.0,0,1,1,3,,,T3214,45,T2237,45,,,,,,2.0,NICE LAMB,6,,,,,,AA,QR,,,,,CTL,,,Ctrl,,,,,,,,,,,,,6,9,7.0,2016,01,0422,0,,0.042
16RA00105,2014455603,T5603,T5603,45,14,1,,02,39,,,2,2,5.0,M,98,75,97,0.652,164,139,44,0.169,2.7,,,11.3,,,0.0,0.0,0.0,0,1,1,3,,,T3862,45,T2636,45,,,217,194,0.39,2.0,.,1,,,,,,AA,QR,,,,,SEL,,,Slct,,,,,,,,,,,,,6,7,7.5,2016,,,0,,0.036
16RA00106,2014455615,T5615,T5615,45,14,1,,02,34,,.,2,1,3.0,M,98,98,97,0.872,201,179,44,0.214,2.4,,,10.7,,,0.0,0.0,0.0,0,2,1,4,,,T4366,45,T3832,45,,,252,194,0.423,2.0,.,1,,,,,,AA,RR,,,,,CTL,,,Ctrl,,,,,,,,,,,,,2,4,1.0,2016,,,0,,0.035
16RA00107,2014455618,T5618,T5618,45,14,1,,02,39,,,1,1,6.0,M,98,104,97,0.903,197,176,44,0.19,2.8,,,14.3,,,0.0,0.0,0.0,0,1,1,3,,,T3862,45,T2170,45,,,246,194,0.39,2.0,NICE.LameRH,1,,,,,,AA,QR,,,,,SEL,,,Slct,,,,,,,,,,,,,5,8,7.0,2016,,,0,,0.035
16RA00108,2014455629,T5629,T5629,45,14,1,,02,31,,.,1,1,3.0,M,99,101,96,0.871,186,176,44,0.198,2.6,,,10.7,,,0.0,0.0,0.0,0,1,1,3,,,T3214,45,T3906,45,,,250,194,0.409,2.0,P.H.,1,,,,,,AA,RR,,,,,CTL,,,Ctrl,,,,,,,,,,,,,3,4,4.0,2016,,,0,,0.048
16RA00109,2015455845,T5845,T5845,45,15,1,,02,e22,,,1,1,1.0,D,79,90,115,0.657,177,177,44,0.24,2.4,,,6.6,,,23.9,4.2,17.4,60,1,1,3,,,T4656,45,T5573,45,,,238,194,0.405,1.0,Sl.Overbite,1,,,,,,AA,QR,,,,,45,,,,,,,,,,,,,,,,1,1,1.0,2016,,,0,,0.047
16RA00110,2015455860,T5860,T5860,45,15,1,,02,29,,,2,2,2.0,D,80,84,114,0.632,149,149,44,0.179,2.4,,,9.9,,,,,,,1,1,4+,,,T4387,45,T5126,45,,,,,,1.0,.,3,,,,,,AA,QQ,,,,,SEL,,,,,,,,,,,,,,,,2,4,3.0,2016,93,0628,13906,,0.064
16RA00111,2015455879,T5879,T5879,45,15,1,,02,36,,,2,2,6.0,Y,81,80,113,0.596,146,146,44,0.181,2.2,,,9.9,,,,,,,1,1,3,,,T5269,45,T2530,45,,,,,,1.0,.,3,,,,,,AA,QQ,,,,,SEL,,,,,,,,,,,,,,,,6,9,8.0,2016,93,0628,13907,,0.054
16RA00112,2015455891,T5891,T5891,45,15,1,,02,36,,.,2,2,4.0,Y,82,81,112,0.629,141,141,44,0.164,2.5,,,7.7,,,,,,,1,1,3,,,T5269,45,T3878,45,,,189,194,0.296,1.0,RCordSwollen,3,,,,,,AA,QR,,,,,SEL,,,,,,,,,,,,,,,,3,5,5.0,2016,,,0,,0.045
16RA00113,2015455892,T5892,T5892,45,15,1,,02,35,,.,1,1,5.0,Y,82,105,112,0.795,150,150,44,0.123,2.6,,,7.7,,,,,,,1,1,3,,,T4950,45,T3308,45,,,218,194,0.31,1.0,.,1,,,,,,AA,QR,,,,,CTL,,,,,,,,,,,,,,,,4,5,5.0,2016,,,0,,0.036
16RA00114,2015455918,T5918,T5918,45,15,1,,02,27,,.,3,2,5.0,Y,83,83,111,0.64,150,150,44,0.183,2.0,,,4.4,,,,,,,2,1,3,,,T3862,45,T3354,45,,,197,194,0.312,1.0,HAIRY,1,,,,,,AA,QR,,,,,46,,,,,,,,,,,,,,,,4,9,8.0,2016,,,0,,0.027
16RA00115,2015455919,T5919,T5919,45,15,1,,02,29,,,2,1,3.0,Y,84,97,110,0.755,125,125,44,0.076,2.2,,,8.8,,,,,,,1,1,4+,,,T4387,45,T4181,45,,,199,194,0.279,1.0,.,3,,,,,,AA,RR,,,,,SEL,,,,,,,,,,,,,,,,3,5,2.0,2016,93,0901,0,,0.052
16RA00116,2015455924,T5924,T5924,45,15,1,,02,29,,,2,2,3.0,Y,84,88,110,0.68,146,146,44,0.158,2.4,,,8.8,,,,,,,1,1,3,,,T4387,45,T4585,45,,,204,194,0.318,1.0,.,2,,,,,,AA,QQ,,,,,SEL,,,,,,,,,,,,,,,,3,4,4.0,2016,,,0,,0.035
16RA00117,2015455932,T5932,T5932,45,15,1,,02,30,,,1,1,3.0,Y,84,103,110,0.791,167,167,44,0.174,3.0,,,9.9,,,,,,,1,1,2,,,T4825,45,T4535,45,,,220,194,0.321,1.0,.,1,,,,,,AA,QQ,,,,,47,,,,,,,,,,,,,,,,3,3,3.0,2016,,,0,,0.051
16RA00118,2015456021,T6021,T6021,45,15,1,,02,35,,.,2,2,5.0,Y,88,80,106,0.625,132,132,44,0.14,2.4,,,8.8,,,,,,,3,1,3,,,T4950,45,T3146,45,,,183,194,0.282,1.0,.,3,,,,,,AA,QQ,,,,,CTL,,,,,,,,,,,,,,,,4,7,7.0,2016,,,0,,0.041
16RA00119,2015456062,T6062,T6062,45,15,1,,02,31,,,2,2,2.0,Y,89,74,105,0.594,127,127,44,0.142,2.8,,,7.7,,,,,,,1,1,3-,,,T4776,45,T4947,45,,,186,194,0.307,1.0,PINK,3,,,,,,AA,QR,,,,,SEL,,,,,,,,,,,,,,,,2,3,3.0,2016,,,0,,0.035
16RA00120,2015456066,T6066,T6066,45,15,1,,02,32,,,3,2,6.0,Y,89,84,105,0.658,150,150,44,0.177,2.6,,,8.8,,,,,,,1,1,3-,,,T4854,45,T2763,45,,,209,194,0.342,1.0,3RD,3,,,,,,AA,QR,,,,,CTL,,,,,,,,,,,,,,,,6,11,7.5,2016,,,0,,0.038
16RA00121,2015456070,T6070,T6070,45,15,1,,02,35,,.,3,2,5.0,Y,89,87,106,0.694,121,121,44,0.092,2.6,,,5.5,,,,,,,1,1,3,,,T4950,45,T3378,45,,,191,194,0.286,1.0,MSU,3,,,,,,,QQ,,,,,CTL,,,,,,,,,,,,,,,,5,8,7.0,2016,93,0919,0,,0.04
16RA00122,2015456089,T6089,T6089,45,15,1,,02,32,,.,2,2,5.0,Y,90,83,104,0.648,136,136,44,0.142,2.6,,,6.6,,,,,,,1,1,5,,,T4854,45,T3255,45,,,194,194,0.304,1.0,Closed Face,3,,,,,,,QR,,,,,CTL,,,,,,,,,,,,,,,,5,8,8.0,2016,,,0,,0.047
16RA00123,2015456093,T6093,T6093,45,15,1,,02,35,,,1,1,3.0,Y,90,88,104,0.715,120,120,44,0.086,2.8,,,4.4,,,,,,,1,1,3-,,,T4950,45,T4545,45,,,185,194,0.266,1.0,HAIRY,1,,,,,,AA,RR,,,,,CTL,,,,,,,,,,,,,,,,3,3,3.0,2016,,,0,,0.041
16RA00124,2015456105,T6105,T6105,45,15,1,,02,33,,,2,2,6.0,Y,91,81,103,0.645,151,151,44,0.187,2.2,,,4.4,,,,,,,2,1,3,,,T4891,45,T2533,45,,,219,194,0.378,1.0,.,2,,,,,,,QQ,,,,,GRN,,,,,,,,,,,,,,,,6,8,7.5,2016,,,0,,0.047
16RA00125,2015456121,T6121,T6121,45,15,1,,02,35,,,2,2,7.0,Y,91,80,103,0.67,132,132,44,0.139,2.6,,,8.8,,,,,,,1,1,3-,,,T4950,45,T2019,45,,,171,194,0.249,1.0,.,3,,,,,,,,,,,,GRN,,,,,,,,,,,,,,,,6,10,9.0,2016,,,0,,0.037
16RA00126,2015456126,T6126,T6126,45,15,1,,02,34,,,2,2,3.0,Y,91,69,103,0.52,142,142,44,0.195,2.0,,,6.6,,,,,,,1,1,3-,,,T4948,45,T4427,45,,,197,194,0.351,1.0,.,1,,,,,,AA,RR,,,,,48,,,,,,,,,,,,,,,,3,6,5.0,2016,,,0,,0.039
16RA00127,2015456229,T6229,T6229,45,15,1,,02,e23,,,1,1,1.0,,96,73,98,0.607,0,0,44,,2.4,,,6.6,,,,,,,1,1,3,,,T5017,45,T5686,45,,,,,,1.0,.,3,,,,,,,QR,,,,,SEL,,,,,,,,,,,,,,,,1,1,1.0,2016,93,0310,13904,,0.045
16RA00128,2014006297,T6297,T6297,00,14,1,,02,,,,,,0.0,M,0,0,0,0.0,215,0,44,,3.1,,,15.4,,,0.0,0.0,0.0,0,1,1,3,,,,,,,,,253,194,0.453,2.0,,1,,,,,,,,,,,,,,,,,,,,,,,,,,,,0,0,0.0,2016,,,0,4139MT3341508,0.0
16RA00129,2014006298,T6298,T6298,00,14,1,,02,,,,,,0.0,M,0,0,0,0.0,189,0,44,,3.1,,,15.1,,,0.0,0.0,0.0,0,1,1,3,,,,,,,,,242,194,0.433,2.0,,1,,,,,,,,,,,,,,,,,,,,,,,,,,,,0,0,0.0,2016,,,0,10494/0598,0.0
16RA00130,2014006299,T6299,T6299,00,14,1,,02,,,,,,0.0,M,0,0,0,0.0,222,0,44,,3.1,,,15.1,,,0.0,0.0,0.0,0,1,1,3,,,,,,,,,254,194,0.454,2.0,,1,,,,,,,,,,,,,,,,,,,,,,,,,,,,0,0,0.0,2016,,,0,8689/3293MT,0.0
16RA00131,2014006300,T6300,T6300,00,14,1,,02,,,,,,0.0,M,0,0,0,0.0,212,0,44,,3.3,,,16.5,,,0.0,0.0,0.0,0,2,1,3,,,,,,,,,250,194,0.447,2.0,,1,,,,,,,,,,,,,,,,,,,,,,,,,,,,0,0,0.0,2016,,,0,4280/MTAH4845,0.0
16RA00132,2014006301,T6301,T6301,00,14,1,,02,,,,,,0.0,M,0,0,0,0.0,208,0,44,,3.5,,,16.2,,,0.0,0.0,0.0,0,1,1,4-,,,,,,,,,256,194,0.458,2.0,Face score 5,1,,,,,,,,,,,,49,,,,,,,,,,,,,,,,0,0,0.0,2016,,,0,2337/MT0527,0.0
16RA00133,2013006302,T6302,T6302,00,13,1,,02,,,,,,0.0,M,0,0,0,0.0,211,0,44,,3.0,,,11.0,,,0.0,0.0,0.0,0,1,1,3,,,,,,,,,271,194,0.485,3.0,,1,,,,,,,,,,,,50,,,,,,,,,,,,,,,,0,0,0.0,2016,,,0,1709/95839,0.0
16RA00134,2012831259,Z1259,Z1259,83,12,1,,SC,23,,,2,2,3.0,M,89,83,110,0.65,266,128,44,0.121,2.1,,,8.2,,,23.4,4.7,20.3,62,2,1,2-,,,X9282,82,K4488,64,,,320,194,0.658,4.0,4T.50BLK,3,,,,,,AA,RR,,,,,.,,,,,,,,,,,,,,,,4,7,6.0,2016,,,0,,0.0
16RA00135,2013831475,Z1475,Z1475,83,13,1,,97,6,,,2,1,2.0,M,69,120,129,0.819,243,189,44,0.195,2.3,,,3.6,,,26.3,3.8,14.3,58,1,1,1,,,Z1457,00,X9828,82,,,272,194,0.421,3.0,SavedForCU,3,,,,,,AA,QR,,,,,B3G,,,,,,,,,,,,,,,,3,6,1.0,2016,,,0,,0.0
16RA00136,2013831488,Z1488,Z1488,83,13,1,,97,6,,,2,2,4.0,M,70,106,128,0.714,238,155,44,0.138,2.7,,,4.0,,,31.1,5.6,18.0,48,1,3,1,,,Z1457,00,X7497,82,,,298,194,0.532,3.0,SavedForCU,3,,,,,,AA,RR,,,,,B3G,,,,,,,,,,,,,,,,5,8,8.0,2016,,,0,,0.0
16RA00137,2013831524,Z1524,Z1524,83,13,1,,97,4,,,2,2,3.0,M,72,85,126,0.56,242,164,44,0.221,2.0,,,5.6,,,30.6,5.7,18.8,50,2,1,1-,,,Z1449,00,X8564,82,,,284,194,0.551,3.0,R. scur only,3,,,,,,AA,RR,,,,,B3G,,,,,,,,,,,,,,,,4,7,6.0,2016,,,0,,0.0
16RA00138,2013831559,Z1559,Z1559,83,13,1,,CS,26,,,1,1,5.0,M,74,125,124,0.865,246,201,44,0.212,2.8,,,9.2,,,28.4,4.8,17.0,54,1,1,3+,,,K4924,00,X6675,82,,,298,194,0.479,3.0,85BRN.NICE,1,,,,,,AA,RR,,,,,1,,,,,,,,,,,,,,,,5,11,5.0,2016,,,0,,0.0
16RA00139,2013831583,Z1583,Z1583,83,13,1,,97,7,,,3,2,3.0,M,76,83,122,0.595,224,127,44,0.122,2.2,,,2.4,,,28.3,5.3,18.6,54,2,1,1,,,Z1458,00,X8716,82,,,282,194,0.551,3.0,NotMuchWool,3,,,,,,AA,RR,,,,,B3G,,,,,,,,,,,,,,,,5,9,6.5,2016,,,0,,0.0
16RA00140,2013831650,Z1650,Z1650,83,13,1,,CM,11,,,1,1,2.0,M,79,87,117,0.638,175,124,44,0.101,2.6,,,13.2,,,24.3,5.9,24.1,60,1,1,2-,,,X8804,82,K4802,64,,,224,194,0.377,3.0,.,3,,,,,,AA,RR,,,,,,,,,,,,,,,,,,,,,3,4,2.0,2016,93,0901,0,,0.006
16RA00141,2013831765,Z1765,Z1765,83,13,1,,97,5,,,2,2,5.0,M,86,97,112,0.77,238,171,44,0.199,2.4,,,3.2,,,0.0,0.0,0.0,0,1,1,1,,,Z1454,00,X7178,82,,,270,194,0.479,3.0,SavedForCU,3,,,,,,AA,RR,,,,,B3G,,,,,,,,,,,,,,,,4,7,5.0,2016,,,0,,0.0
16RA00142,2013831823,Z1823,Z1823,83,13,1,,CM,11,,,2,2,5.0,M,89,84,107,0.633,221,138,44,0.144,2.6,,,10.0,,,26.1,4.7,18.0,58,1,1,3+,,,X8804,82,K4341,64,,,279,194,0.537,3.0,NICE LAMB,2,,,,,,AA,RR,,,,,,,,,,,,,,,,,,,,,4,6,5.0,2016,,,0,,0.007
16RA00143,2014832306,Z2306,Z2306,83,14,1,,97,9,,.,2,2,8.0,M,81,106,115,0.786,250,223,44,0.325,2.4,,,8.2,,,0.0,0.0,0.0,0,1,1,1,,,Z1460,00,X3433,82,,,,,,2.0,B2CU,1,,,,,,AA,QR,,,,,20,,,,,,,,,,,,,,,,7,12,11.0,2016,,,0,,0.0
16RA00144,2014832458,Z2458,Z2458,83,14,1,,97,9,,,2,2,6.0,M,91,96,105,0.762,219,184,44,0.238,2.0,,,5.0,,,0.0,0.0,0.0,0,1,1,1,,,Z1460,00,X6499,82,,,290,194,0.534,2.0,SavedForCU,1,,,,,,AA,RR,,,,,e1,,,,,,,,,,,,,,,,6,9,8.0,2016,,,0,,0.0
16RA00145,2014832499,Z2499,Z2499,83,14,1,,CM,3,,,2,2,2.0,,92,95,104,0.769,0,158,44,0.17,3.1,,,12.9,,,0.0,0.0,0.0,0,1,1,1,,,Z0964,83,Z1297,83,,,,,,2.0,MYO AA,3,,,,,,AA,RR,,,,,OR,,,,,,,,,,,,,,,,2,5,4.0,2016,93,0310,13901,,0.023
16RA00146,2014832544,Z2544,Z2544,83,14,1,,CM,4,,,1,1,2.0,M,94,110,102,0.937,178,161,44,0.137,2.8,,,8.8,,,0.0,0.0,0.0,0,1,1,3,,,Z1286,83,Z1424,83,,,246,194,0.375,2.0,AA.PigeonToed,1,,,,,,AA,QR,,,,,OR,,,,,,,,,,,,,,,,1,1,1.0,2016,,,0,,0.042
16RA00147,2014832574,Z2574,Z2574,83,14,1,,97,9,,,2,2,5.0,M,97,93,99,0.792,190,168,44,0.199,2.2,,,4.4,,,0.0,0.0,0.0,0,1,1,1,,,Z1460,00,X7497,82,,,238,194,0.399,2.0,.,3,,,,,,AA,RR,,,,,GRN,,,,,,,,,,,,,,,,5,8,8.0,2016,,,0,,0.0
16RA00148,2014832576,Z2576,Z2576,83,14,1,,CM,28,,.,2,1,4.0,M,97,111,99,0.969,216,202,44,0.242,3.3,,,14.0,,,0.0,0.0,0.0,0,1,1,2-,,,K4756,64,X8894,82,,,278,194,0.46,2.0,.,2,,,,,,AARH,QR,,,,,OR,,,,,,,,,,,,,,,,5,8,7.0,2016,,,0,,0.009
16RA00149,2015832682,Z2682,Z2682,83,15,1,,97,12,,,2,1,3.0,Y,71,124,124,0.885,160,160,44,0.102,,,,6.0,,,,,,,1,1,1,,,Z1788,83,Z1042,83,,,223,194,0.272,1.0,NICE LAMB,1,,,,,,AA,RR,,,,,e7,,,,,,,,,,,,,,,,3,5,2.0,2016,,,0,,0.034
16RA00150,2015832695,Z2695,Z2695,83,15,1,,CM,3,,,1,1,2.0,Y,74,125,121,0.911,230,230,44,0.295,,,,7.4,,,,,,,1,1,3,,,Z1702,83,Z1532,83,,,267,194,0.39,1.0,NICE LAMB,1,,,,,,AA,QQ,,,,,2,,,,,,,,,,,,,,,,2,2,2.0,2016,,,0,,0.017
16RA00151,2015832723,Z2723,Z2723,83,15,1,,97,10,,,2,2,7.0,Y,76,91,119,0.657,136,136,44,0.126,,,,3.8,,,,,,,2,1,1,,,Z1488,83,X6020,82,,,206,194,0.316,1.0,Small scurs,1,,,,,,AA,RR,,,,,B1CU,,,,,,,,,,,,,,,,6,9,7.0,2016,,,0,,0.021
16RA00152,2015832747,Z2747,Z2747,83,15,1,,97,12,,,2,2,3.0,Y,78,90,117,0.646,131,131,44,0.114,,,,4.2,,,,,,,1,1,1,,,Z1788,83,Z1063,83,,,196,194,0.291,1.0,1ST,1,,,,,,,QR,,,,,B2CU,,,,,,,,,,,,,,,,3,5,4.0,2016,,,0,,0.04
16RA00153,2015832748,Z2748,Z2748,83,15,1,,97,12,,,2,2,3.0,Y,78,96,117,0.726,145,145,44,0.136,,,,4.8,,,,,,,1,1,1,,,Z1788,83,Z1063,83,,,206,194,0.302,1.0,B1CU,1,,,,,,,QR,,,,,15,,,,,,,,,,,,,,,,3,5,4.0,2016,,,0,,0.04
16RA00154,2015832764,Z2764,Z2764,83,15,1,,97,e11,,,2,2,1.0,Y,79,74,116,0.56,119,119,44,0.125,,,,3.0,,,,,,,2,1,1,,,Z1184,83,Z2322,83,,,190,194,0.319,1.0,Small scurs,3,,,,,,,QR,,,,,,,,,,,,,,,,,,,,,1,2,2.0,2016,,,0,,0.022
16RA00155,2015832765,Z2765,Z2765,83,15,1,,97,e11,,,2,2,1.0,Y,79,78,116,0.582,124,124,44,0.127,,,,3.2,,,,,,,2,1,1,,,Z1184,83,Z2322,83,,,190,194,0.308,1.0,Small scurs,1,,,,,,AA,RR,,,,,e7,,,,,,,,,,,,,,,,1,2,2.0,2016,,,0,,0.022
16RA00156,2015832775,Z2775,Z2775,83,15,1,,97,11,,,2,2,3.0,Y,79,100,116,0.761,139,139,44,0.108,,,,2.8,,,,,,,2,1,1,,,Z1765,83,Z0884,83,,,213,194,0.31,1.0,1ST,1,,,,,,AA,RR,,,,,e7,,,,,,,,,,,,,,,,3,5,3.0,2016,,,0,,0.034
16RA00157,2015832791,Z2791,Z2791,83,15,1,,97,10,,,2,2,2.0,Y,79,97,116,0.726,122,122,44,0.069,,,,2.2,,,,,,,1,1,1,,,Z1488,83,Z1638,83,,,189,194,0.253,1.0,Scurs,3,,,,,,AA,RR,,,,,,,,,,,,,,,,,,,,,2,3,2.5,2016,,,0,,0.008
16RA00158,2015832797,Z2797,Z2797,83,15,1,,97,e10,,.,1,1,1.0,Y,80,101,115,0.764,151,151,44,0.138,,,,3.2,,,,,,,1,1,1,,,Z1114,83,Z2277,83,,,193,194,0.253,1.0,B1CU,1,,,,,,,QR,,,,,16,,,,,,,,,,,,,,,,1,1,1.0,2016,,,0,,0.024
16RA00159,2015832826,Z2826,Z2826,83,15,1,,97,11,,,2,2,2.0,Y,82,101,113,0.782,163,163,44,0.17,,,,3.8,,,,,,,1,1,1-,,,Z1765,83,Z1648,83,,,226,194,0.343,1.0,NICE LAMB,3,,,,,,,QQ,,,,,,,,,,,,,,,,,,,,,2,3,2.0,2016,,,0,,0.019
16RA00160,2015832838,Z2838,Z2838,83,15,1,,97,10,,,2,2,6.0,Y,82,87,113,0.646,113,113,44,0.071,,,,3.0,,,,,,,1,1,1,,,Z1488,83,X7431,82,,,183,194,0.264,1.0,.,1,,,,,,AA,RR,,,,,e7,,,,,,,,,,,,,,,,6,7,7.0,2016,,,0,,0.017
16RA00161,2015832930,Z2930,Z2930,83,15,1,,97,12,,,2,2,3.0,Y,86,87,109,0.688,140,140,44,0.144,,,,3.0,,,,,,,1,1,1,,,Z1788,83,Z1148,83,,,200,194,0.31,1.0,.,1,,,,,,,QQ,,,,,B2CU,,,,,,,,,,,,,,,,3,5,2.5,2016,,,0,,0.048
16RA00162,2015832941,Z2941,Z2941,83,15,1,,97,11,,,2,2,6.0,Y,86,89,109,0.689,146,146,44,0.155,,,,3.2,,,,,,,2,1,1,,,Z1765,83,X7244,82,,,205,194,0.319,1.0,B2CU,1,,,,,,AA,RR,,,,,17,,,,,,,,,,,,,,,,6,11,10.0,2016,,,0,,0.026
16RA00163,2015832945,Z2945,Z2945,83,15,1,,97,e11,,,1,1,1.0,Y,87,97,108,0.775,150,150,44,0.144,,,,4.0,,,,,,,2,1,1,,,Z1184,83,Z2467,83,,,213,194,0.319,1.0,B1CU,1,,,,,,,QQ,,,,,18,,,,,,,,,,,,,,,,1,1,1.0,2016,,,0,,0.02
16RA00164,2015832949,Z2949,Z2949,83,15,1,,97,12,,,2,1,7.0,Y,87,117,108,0.958,171,171,44,0.146,,,,4.4,,,,,,,1,1,1,,,Z1788,83,X5771,82,,,230,194,0.31,1.0,Nice,1,,,,,,AA,RR,,,,,B2CU,,,,,,,,,,,,,,,,6,9,6.5,2016,,,0,,0.018
16RA00165,2015832972,Z2972,Z2972,83,15,1,,97,e10,,.,1,1,1.0,Y,88,101,107,0.826,163,163,44,0.168,,,,3.0,,,,,,,2,1,1-,,,Z1114,83,Z2424,83,,,185,194,0.231,1.0,Scurs,1,,,,,,,QQ,,,,,B1CU,,,,,,,,,,,,,,,,1,1,1.0,2016,,,0,,0.028
16RA00166,2014003202,Z3202,Z3202,00,14,1,,97,,,,2,2,0.0,M,0,0,0,0.0,191,0,44,,0.0,,,5.6,,,0.0,0.0,0.0,0,2,1,1,,,,,,,,,240,194,0.429,2.0,Thin,1,,,,,,,,,,,,19,,,,,,,,,,,,,,,,0,0,0.0,2016,,,0,0500/J4514,0.0
16RA00167,2014003203,Z3203,Z3203,00,14,1,,97,,,,,,0.0,M,0,0,0,0.0,222,0,44,,0.0,,,1.6,,,0.0,0.0,0.0,0,2,,1,,,,,,,,,252,194,0.451,2.0,PoorBCS.Scurs,1,,,,,,,,,,,,e2,,,,,,,,,,,,,,,,0,0,0.0,2016,,,0,14027,0.0
16RA00168,2014003204,Z3204,Z3204,00,14,1,,SM,,,,,,0.0,M,0,0,0,0.0,190,0,44,,3.0,,,12.1,,,0.0,0.0,0.0,0,1,,1-,,,,,,,,,230,194,0.411,2.0,,1,,,,,,,,,,,,28,,,,,,,,,,,,,,,,0,0,0.0,2016,,,0,4214/14140,0.0
16RA00169,2014003205,Z3205,Z3205,00,14,1,,SM,,,,,,0.0,M,0,0,0,0.0,164,0,44,,2.6,,,5.5,,,0.0,0.0,0.0,0,2,,1,,,,,,,,,217,194,0.388,2.0,,3,,,,,,,,,,,,,,,,,,,,,,,,,,,,0,0,0.0,2016,,,0,14019,0.0
16RA00170,2014003206,Z3206,Z3206,00,14,1,,07,,,,,,0.0,M,0,0,0,0.0,235,0,44,,2.8,,,15.4,,,0.0,0.0,0.0,0,2,,3,,,,,,,,,307,194,0.549,2.0,Sl.Underbite,1,,,,,,,,,,,,70,,,,,,,,,,,,,,,,0,0,0.0,2016,,,0,06454,0.0
16RA00171,2014003207,Z3207,Z3207,00,14,1,,SM,,,,,,0.0,M,0,0,0,0.0,183,0,44,,3.3,,,8.8,,,0.0,0.0,0.0,0,1,,1-,,,,,,,,,237,194,0.424,2.0,,1,,,,,,,,,,,,e8,,,,,,,,,,,,,,,,0,0,0.0,2016,,,0,14067,0.0
16RA00172,2014003208,Z3208,Z3208,00,14,1,,97,,,,,,0.0,M,0,0,0,0.0,195,0,44,,0.0,,,2.8,,,0.0,0.0,0.0,0,2,,1,,,,,,,,,234,194,0.419,2.0,,3,,,,,,,,,,,,,,,,,,,,,,,,,,,,0,0,0.0,2016,,,0,S276,0.0
16RA00173,2014003209,Z3209,Z3209,00,14,1,,SM,,,,,,0.0,M,0,0,0,0.0,180,0,44,,2.8,,,7.7,,,0.0,0.0,0.0,0,1,,1-,,,,,,,,,217,194,0.388,2.0,Parrot mouth,1,,,,,,,,,,,,e8,,,,,,,,,,,,,,,,0,0,0.0,2016,,,0,14101,0.0
16RA00174,2014003210,Z3210,Z3210,00,14,1,,97,,,,,,0.0,M,0,0,0,0.0,217,0,44,,0.0,,,3.0,,,0.0,0.0,0.0,0,1,,1,,,,,,,,,244,194,0.436,2.0,Bad left eye,3,,,,,,,,,,,,,,,,,,,,,,,,,,,,0,0,0.0,2016,,,0,4171,0.0
16RA00175,2014003211,Z3211,Z3211,00,14,1,,97,,,,,,0.0,M,0,0,0,0.0,233,0,44,,0.0,,,3.2,,,0.0,0.0,0.0,0,3,,1,,,,,,,,,286,194,0.512,2.0,Big scurs,1,,,,,,,,,,,,21,,,,,,,,,,,,,,,,0,0,0.0,2016,,,0,4159/0906,0.0
16RA00176,2014003212,Z3212,Z3212,00,14,1,,SM,,,,,,0.0,M,0,0,0,0.0,206,0,44,,2.8,,,6.6,,,0.0,0.0,0.0,0,2,,1-,,,,,,,,,248,194,0.444,2.0,,1,,,,,,,,,,,,29,,,,,,,,,,,,,,,,0,0,0.0,2016,,,0,14073,0.0
16RA00177,2014003213,Z3213,Z3213,00,14,1,,SM,,,,,,0.0,M,0,0,0,0.0,171,0,44,,2.4,,,7.7,,,0.0,0.0,0.0,0,1,,1,,,,,,,,,227,194,0.406,2.0,,6,,,,,,,,,,,,,,,,,,,,,,,,,,,,0,0,0.0,2016,66,0809,0,4215/14103,0.0
16RA00178,2014003215,Z3215,Z3215,00,14,1,,97,,,,,,0.0,M,0,0,0,0.0,183,0,44,,0.0,,,1.8,,,0.0,0.0,0.0,0,1,,1,,,,,,,,,229,194,0.41,2.0,,3,,,,,,,,,,,,,,,,,,,,,,,,,,,,0,0,0.0,2016,,,0,S324,0.0
16RA00179,2014003216,Z3216,Z3216,00,14,1,,SM,,,,,,0.0,M,0,0,0,0.0,151,0,44,,3.1,,,7.7,,,0.0,0.0,0.0,0,1,,1-,,,,,,,,,199,194,0.356,2.0,,1,,,,,,,,,,,,e8,,,,,,,,,,,,,,,,0,0,0.0,2016,,,0,4216/14081,0.0
16RA00180,2014003217,Z3217,Z3217,00,14,1,,SM,,,,,,0.0,M,0,0,0,0.0,171,0,44,,2.4,,,9.9,,,0.0,0.0,0.0,0,2,,1-,,,,,,,,,232,194,0.415,2.0,,1,,,,,,,,,,,,e8,,,,,,,,,,,,,,,,0,0,0.0,2016,,,0,14165,0.0
16RA00181,2015120462,S0462,S0462,12,15,1,,07,23,,,1,1,2.0,Y,84,97,110,0.753,175,175,44,0.213,3.1,,,11.0,,,,,,,3,1,3,,,R9597,11,R9585,11,,,223,194,0.345,1.0,.,3,,,,,,AA,QR,,,,,GRN,,,,,,,,,,,,,,,,2,2,2.0,2016,,,0,,0.028
16RA00182,2015005342,05342,05342,00,15,,,97,,,,,,,,,,,,,,,,,,,,,,,,,,,,,,,,,,,,,,,,1.0,Mint Gold Ram,6,,,,,,,,,,,,,,,,,,,,,,,,,,,,,,,,16,0808,,,
16RA00183,2015001124,S1124,S1124,00,15,1,,41,,,,,,,,,,,,,,,,,,,,,,,,,,,,,,,,,,,,,,,,1.0,Jewell,1,,,,,,,,,,,,71,,,,,,,,,,,,,,,,,,,2016,,,,58465,0.0
16RA00184,2015001125,S1125,S1125,00,15,1,,41,,,,,,,,,,,,,,,,,,,,,,,,,,,,,,,,,,,,,,,,1.0,Jewell,1,,,,,,,,,,,,72,,,,,,,,,,,,,,,,,,,2016,,,,58470,0.0
16RA00185,2015001126,S1126,S1126,00,15,1,,42,,,,,,,,,,,,,,,,,,,,,,,,,,,,,,,,,,,,,,,,1.0,Helle,1,,,,,,,,,,,,73,,,,,,,,,,,,,,,,,,,2016,,,,58446,0.0
16RA00186,2016006578,T6578,T6578,00,16,1,,02,,,,,,,,,,,,,,,,,,,,,,,,,,,,,,,,,,,,,,,,0.0,MSU,1,,,,,,,,,,,,51,,,,,,,,,,,,,,,,,,,2016,,,,T5019,0.0
16RA00187,2015006579,T6579,T6579,00,15,1,,02,,,,,,,,,,,,,,,,,,,,,,,,,,,,,,,,,,,,,,,,1.0,Paugh,1,,,,,,,,,,,,52,,,,,,,,,,,,,,,,,,,2016,,,,546/F557/545,0.0
16RA00188,2015006580,T6580,T6580,00,15,1,,02,,,,,,,,,,,,,,,,,,,,,,,,,,,,,,,,,,,,,,,,1.0,Scanlan,1,,,,,,,,,,,,53,,,,,,,,,,,,,,,,,,,2016,,,,0609/173,0.0
16RA00189,2016006581,T6581,T6581,00,16,1,,02,,,,,,,,,,,,,,,,,,,,,,,,,,,,,,,,,,,,,,,,0.0,MSU,1,,,,,,,,,,,,54,,,,,,,,,,,,,,,,,,,2016,,,,T5052,0.0
16RA00190,2016006582,T6582,T6582,00,16,1,,02,,,,,,,,,,,,,,,,,,,,,,,,,,,,,,,,,,,,,,,,0.0,MSU,1,,,,,,,,,,,,55,,,,,,,,,,,,,,,,,,,2016,,,,T5088,0.0
16RA00191,2015006583,T6583,T6583,00,15,1,,02,,,,,,,,,,,,,,,,,,,,,,,,,,,,,,,,,,,,,,,,1.0,Roeder,1,,,,,,,,,,,,56,,,,,,,,,,,,,,,,,,,2016,,,,5R095/88941,0.0
16RA00192,2014004085,Z4085,Z4085,00,14,1,,97,,,,,,,,,,,,,,,,,,,,,,,,,,,,,,,,,,,,,,,,2.0,U of I 433/07,1,,,,,,,,,,,,22,,,,,,,,,,,,,,,,,,,2016,,,,0589IDY375,0.0
16RA00193,2015004086,Z4086,Z4086,00,15,1,,97,,,,,,,,,,,,,,,,,,,,,,,,,,,,,,,,,,,,,,,,1.0,U of I 453/04,1,,,,,,,,,,,,23,,,,,,,,,,,,,,,,,,,2016,,,,0588IDY375,0.0
16RA00194,2015004099,Z4099,Z4099,00,15,1,,SM,,,,,,,,,,,,,,,,,,,,,,,,,,,,,,,,,,,,,,,,1.0,Cindy Wolf,1,,,,,,,,,,,,30,,,,,,,,,,,,,,,,,,,2016,,,,15079,0.0
16RA00195,2015004100,Z4100,Z4100,00,15,1,,97,,,,,,,,,,,,,,,,,,,,,,,,,,,,,,,,,,,,,,,,1.0,Kitzan,1,,,,,,,,,,,,24,,,,,,,,,,,,,,,,,,,2016,,,,53722,0.0
16RA00196,2015004101,Z4101,Z4101,00,15,1,,97,,,,,,,,,,,,,,,,,,,,,,,,,,,,,,,,,,,,,,,,1.0,Schultz,1,,,,,,,,,,,,25,,,,,,,,,,,,,,,,,,,2016,,,,3118,0.0
16RA00197,2015004102,Z4102,Z4102,00,15,1,,97,,,,,,,,,,,,,,,,,,,,,,,,,,,,,,,,,,,,,,,,1.0,Schultz,1,,,,,,,,,,,,26,,,,,,,,,,,,,,,,,,,2016,,,,3119,0.0
16RA00198,2015004103,Z4103,Z4103,00,15,1,,SM,,,,,,,,,,,,,,,,,,,,,,,,,,,,,,,,,,,,,,,,1.0,Cindy Wolf,1,,,,,,,,,,,,31,,,,,,,,,,,,,,,,,,,2016,,,,0999/15103,0.0
16RA00199,2015004104,Z4104,Z4104,00,15,1,,SM,,,,,,,,,,,,,,,,,,,,,,,,,,,,,,,,,,,,,,,,1.0,Cindy Wolf,1,,,,,,,,,,,,32,,,,,,,,,,,,,,,,,,,2016,,,,C5117,0.0
16RA00200,2015004105,Z4105,Z4105,00,15,1,,SM,,,,,,,,,,,,,,,,,,,,,,,,,,,,,,,,,,,,,,,,1.0,Cindy Wolf,1,,,,,,,,,,,,33,,,,,,,,,,,,,,,,,,,2016,,,,4260/15038,0.0
16RA00201,2015004106,Z4106,Z4106,00,15,1,,SM,,,,,,,,,,,,,,,,,,,,,,,,,,,,,,,,,,,,,,,,1.0,Cindy Wolf,1,,,,,,,,,,,,34,,,,,,,,,,,,,,,,,,,2016,,,,15018,0.0
16RA00202,2015004107,Z4107,Z4107,00,15,1,,97,,,,,,,,,,,,,,,,,,,,,,,,,,,,,,,,,,,,,,,,1.0,MintGoldWormy,1,,,,,,,,,,,,27,,,,,,,,,,,,,,,,,,,2016,,,,5373,0.0
16RA00203,2015004108,Z4108,Z4108,00,15,1,,SM,,,,,,,,,,,,,,,,,,,,,,,,,,,,,,,,,,,,,,,,1.0,Cindy Wolf,1,,,,,,,,,,,,35,,,,,,,,,,,,,,,,,,,2016,,,,15061,0.0
16RA00204,2016004109,Z4109,Z4109,00,16,1,,TS,,,,,,,,,,,,,,,,,,,,,,,,,,,,,,,,,,,,,,,,0.0,Silverdale,1,,,,,,,,,,,,3,,,,,,,,,,,,,,,,,,,2016,,,,0293/13,0.0
16RA00205,2016004110,Z4110,Z4110,00,16,1,,TS,,,,,,,,,,,,,,,,,,,,,,,,,,,,,,,,,,,,,,,,0.0,Silverdale,1,,,,,,,,,,,,4,,,,,,,,,,,,,,,,,,,2016,,,,0274/14,0.0
