UID,ETAG,BRD,YR,SEA,LINE,STM,PEN,TRT,TB,TR,AOD,BAND,DAYBN,WNWT,WNAGE,ADG,SPWT,YRWT,DAYSH,YADG,SL,ADJ_SL,FLGR,FLWT,ADJ_FLWT,FLRATIO,MICRON,SD,CV,DIGR,H,J,F,NOBN,LBWN,SIRE,SBRD,DAM,DBRD,JUWT,JDAY,JADG,AGE,RMK,PD,GENO,DNA,M_IDX,F_IDX,BOVIS,LIB,LIBING,LIBBRDG,PD_DEC,FERT,LOT,NAX,STUDY,STUDY2,RANK,APP,MOT,RFM,ABN,WBC,SEMEN,SELL,ELG,REGNO,LY2,LY3,LY5,YRREC,DISP,DAYDIS,FLBVB,FLBVG,FLBVR,SAGE
01RA00001,00422,00,00,1,88,30,L41,.,2,1,6.5,Y,133,96,95,0.905,166,166,67,0.25,2.3,2.9,62,3.8,4.6,0.0277,22.3,4.16,18.7,62,1,,3+,1.83,120.6,A4328,04,A0558,04,189,192,0.283,1.0,Polypay Ram,3,LIM,,82,84,N,D4,DUD,,SCT,,LIB,,LIB,.,,CR,70,4,,10,S,,0,_____,6,11,10,2001,,,-1.6132,-1.2325,-0.0121,
01RA00002,00448,00,00,1,88,30,L45,.,2,2,3.5,Y,134,82,94,0.766,146,146,67,0.229,2.6,3.3,60,4.4,5.4,0.037,21.4,3.98,18.6,64,2,,2-,2.29,160.4,A5346,04,A3932,04,172,192,0.274,1.0,Polypay Ram,2,LIM,,102,95,N,S4,AAA,,,, 80,,.,.,,,,,,,, 1,0,_____,3,7,6,2001,92,0920,-1.193,-0.8723,-0.0102,
01RA00003,00460,00,00,1,68,06,L01,G,1,1,5.0,Y,135,100,93,0.968,173,173,67,0.261,3.2,4.0,60,7.2,8.8,0.0509,22.58,4.73,21.0,62,1,,3,1.87,127.4,J0093,00,K8347,63,193,192,0.283,1.0,Jarvis Ram,2,LIM,JAR,95,101,N,S1,A,,,,104,,.,.,,,,,,,, 3,0,C5421,5,9,7,2001,92,0920,0.0,0.0,0.0,
01RA00004,00511,00,00,1,68,06,L02,G,1,1,5.0,Y,136,103,92,1.011,173,173,67,0.25,2.6,3.3,58,7.0,8.6,0.0497,25.39,4.46,17.6,58,1,,3,1.54,119.3,J0131,00,K7851,63,199,192,0.292,1.0,Jarvis Ram,2,LIM,JAR,99,91,N,S1,A,,,,113,,.,.,,,,,,,, 3,0,_____,4,6,6,2001,92,0920,0.0,0.0,0.0,
01RA00005,00581,00,00,1,68,06,L03,G,1,1,6.0,Y,137,94,91,0.923,176,176,67,0.293,2.6,3.3,60,6.4,7.9,0.0449,24.63,5.34,21.7,60,1,,3-,1.45,124.3,J0143,00,K7588,63,197,192,0.313,1.0,CR.LEGS,3,LIM,JAR,100,88,,NT,?,,,,X,,X,.,,,,,,,,,0,_____,5,7,8,2001,93,0824,0.0,0.0,0.0,
01RA00006,00629,00,00,1,68,06,L04,G,1,1,4.0,Y,138,97,90,0.967,176,176,67,0.282,2.8,3.6,60,6.4,7.9,0.0449,22.67,4.28,18.9,62,1,,3,1.48,102.4,K9884,63,K8959,63,,,0.0,1.0,WOLF KILL,6,LIM,,,,,,,,,,,,.,.,,,,,,,,,0,_____,4,5,4,2001,13,0612,0.0,0.0,0.0,
01RA00007,00744,00,00,1,88,30,L45,.,3,2,1.5,Y,140,74,88,0.727,158,158,67,0.3,2.4,3.1,58,4.8,6.0,0.038,22.65,5.0,22.1,62,1,,2+,2.3,145.5,A5346,04,A5885,04,180,192,0.322,1.0,Polypay Ram,3,LIM,,99,97,N,S2,AA,,SCT,,LIB,,LIB,.,,CL,45,3,,5,S,,0,_____,1,3,2,2001,,,-1.2429,-0.7426,-0.0109,
01RA00008,00916,00,00,1,88,30,L46,.,2,2,4.5,Y,143,79,85,0.812,143,143,67,0.229,2.1,2.7,60,6.7,8.4,0.0587,23.02,4.37,19.0,62,2,,3+,2.19,158.0,A5515,04,A2769,04,172,192,0.283,1.0,Polypay Ram,2,LIM,,109,111,N,S0,A,,,, 81,,.,.,,,,,,,, 1,0,_____,4,9,8,2001,92,0920,-0.1815,-0.1025,-0.0021,
01RA00009,01117,00,00,1,88,30,L41,.,2,2,3.0,Y,145,73,83,0.759,132,132,67,0.211,2.4,3.1,62,3.8,4.8,0.0364,21.59,4.55,21.1,64,1,,2,2.15,151.8,A4328,04,A4345,04,159,192,0.261,1.0,Polypay Ram,3,LIM,,95,88,N,D4,DUD,,SCT,,LIB,,LIB,.,,M,65,4,,0,E,,0,_____,3,6,6,2001,,,-1.1711,-1.1335,-0.0097,
01RA00010,01148,00,00,1,68,06,L01,G,1,1,2.0,Y,146,82,82,0.878,173,173,67,0.325,2.2,2.9,60,6.4,8.1,0.0468,23.4,5.85,25.0,62,1,,3-,1.47,110.0,J0093,00, 8286,00,195,192,0.343,1.0,THIN,3,LIM,JAR,104,87,,NT,?,,,,X,,X,.,,,,,,,,,0,_____,1,1,1,2001,93,0824,0.0,0.0,0.0,
01RA00656,Z6349,81,00,1,97,97,971,.,3,3,3.0,Y,101,98,123,0.72,229,229,0,0.461,0.0,0.0,0,0.0,0.0,,0.0,0.0,0.0,0,,1,,1.83,107.2,Z3677,81,Z3918,81,225,192,0.381,1.0,,1,BF,,103,,N,S1,A,,,,altw,,SUFF,.,,M,50,3,,5,S,,0,_____,2,5,4,2001,,,0.0,0.0,0.0,
01RA00657,Z6366,81,00,1,97,97,971,.,3,2,2.0,Y,102,102,122,0.747,211,211,0,0.384,0.0,0.0,0,0.0,0.0,,0.0,0.0,0.0,0,,1,,1.93,106.5,Z3677,81,Z4752,81,243,192,0.423,1.0,"Q, WBC",1,BF,,111,,N,?,?,,,,altw,,SUFF,.,,CL,50,3,,25,Q,,0,_____,2,4,3,2001,,,0.0,0.0,0.0,
01RA00658,Z6367,81,00,1,97,97,971,.,3,2,2.0,Y,102,97,122,0.711,226,226,0,0.454,0.0,0.0,0,0.0,0.0,,0.0,0.0,0.0,0,,1,,1.93,106.5,Z3677,81,Z4752,81,254,192,0.471,1.0,,1,BF,,118,,N,S5,AAA,,,,cB1,,SUFF,.,,M,45,3,,0,S,,0,_____,2,4,3,2001,,,0.0,0.0,0.0,
01RA00659,Z6376,81,00,1,97,97,971,.,2,2,3.0,Y,102,103,122,0.775,201,201,0,0.345,0.0,0.0,0,0.0,0.0,,0.0,0.0,0.0,0,,2,,1.68,104.4,Z3677,81,Z3956,81,223,192,0.36,1.0,,1,BF,,102,,N,S3,AA,,,,cB1,,SUFF,.,,CL,55,3,,0,S,,0,_____,2,4,3,2001,,,0.0,0.0,0.0,
01RA00660,Z6389,81,00,1,97,97,971,.,2,2,3.0,Y,103,126,121,0.921,202,202,0,0.268,0.0,0.0,0,0.0,0.0,,0.0,0.0,0.0,0,,1,,1.68,113.3,Z3677,81,Z3932,81,236,192,0.33,1.0,,1,BF,,105,,N,S3,AA,,,,cB2,,SUFF,.,,CL,40,2,,0,S,,0,_____,3,4,4,2001,,,0.0,0.0,0.0,
01RA00661,Z6523,81,00,1,10,07,24,M,2,2,4.0,Y,108,102,113,0.796,189,189,67,0.303,2.8,3.2,62,9.4,10.6,0.0561,21.27,4.5,21.1,64,1,1,3-,1.7,126.5,S8152,10,S7179,10,210,192,0.321,1.0,"X,SEMEN,XTSTS",1,IDX,,105,108,N,D3,DUD,,,,X,,IDX2,X,,CL,0,0,,30,X,,0,_____,4,6,6,2001,93,1109,0.0,0.0,0.0,-0.1476
01RA00662,Z6873,81,00,1,97,97,971,.,2,2,4.0,Y,117,106,107,0.876,194,194,0,0.31,0.0,0.0,0,0.0,0.0,,0.0,0.0,0.0,0,,1,,1.94,112.0,Z3677,81,Z3567,81,218,192,0.336,1.0,SM. TESTES,3,BF,,103,,,NT,?,,,,X,,X,.,,,,,,,,,0,_____,4,8,6,2001,93,0824,0.0,0.0,0.0,
01RA00663,Z6925,81,00,1,00,80,02,B,2,2,4.0,Y,123,73,99,0.633,184,184,0,0.388,0.0,0.0,0,0.0,0.0,,0.0,0.0,0.0,0,,1,,2.31,154.8,00000,97,A3464,04,205,192,0.394,1.0,RAM SxP save,1,SXP,SXP,,,N,S,A+,STUD,,,e13,,SXP,.,,CR,65,4,,0,E,,0,_____,4,10,9,2001,,,0.0,0.0,0.0,
01RA00664,Z6945,81,00,1,00,80,24,B,2,2,2.0,Y,126,65,96,0.544,160,160,0,0.332,0.0,0.0,0,0.0,0.0,,0.0,0.0,0.0,0,,1,,2.07,135.8,00000,97,A5078,04,183,192,0.352,1.0,RAM SxP save,1,SXP,SXP,,,N,S3,AA,STUD,,,e14,,SXP,.,,CR,50,3,,0,S,,0,_____,2,3,3,2001,,,0.0,0.0,0.0,
01RA00665,I0109,00,01,1,97,97,,.,2,2,0.0,Y,0,0,0,0.0,,,0,0.0,0.0,0.0,0,0.0,0.0,,0.0,0.0,0.0,0,1,,,0.0,0.0,00707,00,09814,00,,,,0.5,IDZ26 - 0109,1,BF,,,,N,SP,B+,STUD,,,971,,SUFF,.,,,,,,,,,1,_____,,,,2001,,,0.0,0.0,0.0,0.0
