ID10,DAYDIS,YR
2010829216,106,10
2010829216,106,10
2010829216,106,10
2010829216,106,10
2010829216,106,10
2010829216,106,10
2010829216,106,10
2010829216,106,10
2010829216,106,10
2010829216,106,10
2010829216,106,10
2010829216,106,10
2010829216,106,10
2010829216,106,10
2010829216,106,10
2010829216,106,10
2010829216,106,10
2010829216,106,10
2010829216,106,10
2010829216,106,10
2010829216,106,10
2010829216,106,10
2010829216,106,10
2010829216,106,10
2010829216,106,10
2010829216,106,10
2010829216,106,10
2010829216,106,10
2010829216,106,10
2010829216,106,10
2010829216,106,10
2010829216,106,10
2010829216,106,10
2010829216,106,10
2010829216,106,10
2010829216,106,10
2010829216,106,10
2010829216,106,10
2010829216,106,10
2010829216,106,10
2010829216,106,10
2010829216,106,10
2010829216,106,10
2010829216,106,10
2010829216,106,10
2010829216,106,10
2010829216,106,10
2010829216,106,10
2010829216,106,10
2010829216,106,10
2010829216,106,10
2010829216,106,10
2010829216,106,10
2010829216,106,10
2010829216,106,10
2010829216,106,10
2010829216,106,10
2010829216,106,10
2010829216,106,10
2010829216,106,10
2010829216,106,10
2010829216,106,10
2010829216,106,10
2010829216,106,10
2010829216,106,10
2010829216,106,10
2010829216,106,10
2010829216,106,10
2010829216,106,10
2010829216,106,10
2010829216,106,10
2010829216,106,10
D201072462,77,10
D201049071,77,10
D201049072,77,10
D201032542,77,10
D201076281,77,10
D201075651,80,10
D201079051,81,10
D201051681,80,10
D201051682,80,10
D201063521,82,10
D201063522,82,10
D201075421,81,10
D201021541,84,10
D201022372,84,10
D201044181,84,10
D201044182,84,10
D201044981,84,10
D201000211,84,10
D201000212,84,10
D201077541,84,10
D201072501,85,10
D201054191,85,10
D201078341,86,10
D201041072,86,10
D201075941,87,10
D201078342,86,10
D201054401,88,10
D201050921,86,10
D201045442,90,10
D201050551,90,10
D201050552,90,10
D201074791,90,10
D201045271,91,10
D201078331,91,10
D201028101,91,10
D201010063,92,10
D201036762,92,10
D201041991,92,10
D201041992,92,10
D201073551,93,10
D201078781,95,10
D201042041,97,10
D201042042,97,10
D201023471,99,10
D201024601,100,10
D201013581,100,10
D201044941,100,10
D201032603,100,10
D201075311,102,10
D201075312,102,10
D201064253,102,10
D201015311,101,10
D201015312,101,10
D201033581,104,10
D201033582,104,10
D201060491,104,10
D201060492,104,10
D201024852,111,10
D201123641,46,11
D201125201,54,11
D201127111,63,11
D201191631,63,11
D201191632,63,11
D201191633,63,11
D201185351,64,11
D201158441,64,11
D201100451,64,11
D201159071,67,11
D201137251,67,11
D201133871,67,11
D201128411,68,11
D201120801,68,11
D201177061,68,11
D201126551,68,11
D201129971,69,11
D201129972,69,11
D201127001,69,11
D201187041,71,11
D201125571,71,11
D201186501,72,11
D201192741,73,11
D201186311,73,11
D201156851,73,11
D201189781,73,11
D201131701,73,11
D201173391,73,11
D201145491,75,11
D201164571,75,11
D201156341,75,11
D201156342,75,11
D201124342,75,11
D201180921,75,11
D201160031,75,11
D201160032,75,11
D201160271,76,11
D201164351,76,11
D201180901,76,11
D201180902,76,11
D201185381,77,11
D201164771,77,11
D201164772,77,11
D201105121,78,11
D201105122,78,11
D201179211,78,11
D201179212,78,11
D201126621,78,11
D201126622,78,11
D201123311,80,11
D201123312,80,11
D201180691,81,11
D201119431,81,11
D201119432,81,11
D201157312,67,11
D201157313,67,11
D201128452,81,11
D201156841,82,11
D201102281,82,11
D201174801,82,11
D201185211,82,11
D201189911,82,11
D201161161,84,11
D201100002,84,11
D201180561,85,11
D201174541,85,11
D201174542,85,11
D201105772,83,11
D201153841,85,11
D201153842,85,11
D201153843,85,11
D201177731,85,11
D201134251,85,11
D201134252,85,11
D201134253,85,11
D201159121,86,11
D201128151,86,11
D201128152,86,11
D201180731,86,11
D201101641,87,11
D201101681,87,11
D201155201,87,11
D201155202,87,11
D201159172,87,11
D201169341,87,11
D201181291,88,11
D201148411,89,11
D201148412,89,11
D201148381,89,11
D201148382,89,11
D201152321,89,11
D201155281,90,11
D201155282,90,11
D201166201,91,11
D201119211,91,11
D201180861,91,11
D201158021,91,11
D201158022,91,11
D201165171,92,11
D201159002,92,11
D201163101,94,11
D201163102,94,11
D201143024,94,11
D201159881,95,11
D201159882,95,11
D201153562,95,11
D201159872,95,11
D201174272,96,11
D201136761,96,11
D201142571,96,11
D201142574,96,11
D201128533,97,11
D201137472,99,11
D201137473,99,11
D201150103,98,11
D201168701,101,11
D201168702,101,11
D201121322,102,11
D201159981,103,11
D201122452,105,11
D201100651,107,11
D201248051,52,12
D201258121,54,12
D201287911,54,12
D201270611,46,12
D201203401,46,12
D201204281,46,12
D201289471,60,12
D201289061,60,12
D201232131,60,12
D201246531,60,12
D201200381,66,12
D201274922,71,12
D201280491,74,12
D201258791,73,12
D201258792,73,12
D201235571,74,12
D201204591,75,12
D201242571,75,12
D201242572,75,12
D201284991,75,12
D201232012,76,12
D201203021,77,12
D201298561,78,12
D201230792,78,12
D201267091,78,12
D201201902,81,12
D201253171,80,12
D201280152,83,12
D201279561,83,12
D201279562,83,12
D201262441,83,12
D201262442,83,12
D201268301,84,12
D201289252,84,12
D201269821,85,12
D201266752,88,12
D201222454,87,12
D201271242,90,12
D201289622,92,12
D201222174,90,12
D201234252,95,12
D201374481,45,13
D201306671,52,13
D201347981,54,13
D201308331,69,13
D201340591,69,13
D201376562,69,13
D201378961,71,13
D201307871,71,13
D201378962,71,13
D201307071,74,13
D201335551,74,13
D201311302,74,13
D201336211,75,13
D201304882,75,13
D201375561,77,13
D201375562,77,13
D201386002,78,13
D201305881,78,13
D201305882,78,13
D201342121,80,13
D201309891,80,13
D201338832,81,13
D201338833,81,13
D201312831,82,13
D201375831,83,13
D201375832,83,13
D201306201,84,13
D201346461,85,13
D201312091,85,13
D201334622,88,13
D201357302,88,13
D201312911,88,13
D201342362,94,13
D201380312,94,13
D201341461,95,13
D201353192,102,13
D201353193,102,13
D201392931,118,13
D201313351,120,13
D201313352,120,13
D201336221,132,13
D201416041,50,14
D201415851,55,14
D201416111,65,14
D201409931,65,14
D201414821,66,14
D201418071,67,14
D201418072,67,14
D201403851,68,14
D201403852,68,14
D201403853,68,14
D201458361,68,14
D201417131,69,14
D201417132,69,14
D201406051,70,14
D201443441,70,14
D201418391,71,14
D201418392,71,14
D201480051,71,14
D201480052,71,14
D201451821,71,14
D201481551,71,14
D201481552,71,14
D201481553,71,14
D201479581,73,14
D201479582,73,14
D201449511,74,14
D201467552,74,14
D201443091,74,14
D201411171,75,14
D201498351,76,14
D201451321,78,14
D201451322,78,14
D201474482,78,14
D201410101,78,14
D201410102,78,14
D201443171,79,14
D201430531,82,14
D201487182,82,14
D201417741,85,14
D201483392,86,14
D201404761,86,14
D201468072,88,14
D201404611,91,14
D201441911,92,14
D201441912,92,14
D201468861,92,14
D201497091,93,14
D201497092,93,14
D201451262,96,14
D201495781,49,14
D201495782,49,14
D201516001,60,15
D201591201,61,15
D201599971,61,15
D201516251,61,15
D201516252,61,15
D201597531,62,15
D201584911,62,15
D201584912,62,15
D201515421,62,15
D201504881,62,15
D201500481,63,15
D201586421,64,15
D201586422,64,15
D201517921,65,15
D201509931,65,15
D201509932,65,15
D201576031,66,15
D201516711,66,15
D201517011,68,15
D201517012,68,15
D201516131,68,15
D201503601,68,15
D201503602,68,15
D201503603,68,15
D201500241,70,15
D201564323,72,15
D201555331,72,15
D201596741,73,15
D201596742,73,15
D201557601,73,15
D201584613,73,15
D201500631,74,15
D201554251,75,15
D201555761,78,15
D201555201,80,15
D201555202,80,15
D201557791,80,15
D201572533,82,15
D201513971,82,15
D201554491,82,15
D201516043,83,15
D201534994,86,15
D201515202,87,15
D201553193,89,15
D201542643,91,15
D201537891,76,15
D201686561,53,16
D201688091,58,16
D201688092,58,16
D201696401,66,16
D201696402,66,16
D201691731,67,16
D201691732,67,16
D201692291,68,16
D201692292,68,16
D201692351,68,16
D201690941,69,16
D201690942,69,16
D201688721,69,16
D201688021,56,16
D201691581,71,16
D201691582,71,16
D201691583,71,16
D201604001,71,16
D201679351,71,16
D201679352,71,16
D201679353,71,16
D201624302,73,16
D201698591,77,16
D201605571,77,16
D201662261,78,16
D201669171,78,16
D201654843,78,16
D201628732,78,16
D201656571,78,16
D201656572,78,16
D201691901,78,16
D201691902,78,16
D201656933,78,16
D201643281,80,16
D201627621,81,16
D201604101,81,16
D201658621,81,16
D201660481,81,16
D201660482,81,16
D201617061,81,16
D201691051,81,16
D201605961,82,16
D201605962,82,16
D201628571,82,16
D201662391,83,16
D201654671,83,16
D201654672,83,16
D201627761,83,16
D201627762,83,16
D201656802,84,16
D201691671,84,16
D201686202,84,16
D201695782,84,16
D201687702,83,16
D201653541,84,16
D201662431,85,16
D201688113,86,16
D201616701,86,16
D201616702,86,16
D201689901,86,16
D201606151,87,16
D201688292,87,16
D201691491,87,16
D201696131,88,16
D201605271,90,16
D201698463,90,16
D201606851,90,16
D201606852,90,16
D201659291,91,16
D201692301,91,16
D201692302,91,16
D201602861,92,16
D201700053,87,17
D201700931,95,17
D201701053,91,17
D201701541,77,17
D201701731,81,17
D201703251,66,17
D201705721,74,17
D201709061,77,17
D201709062,77,17
D201709251,71,17
D201709821,75,17
D201710061,80,17
D201710931,75,17
D201714481,81,17
D201718021,70,17
D201718451,82,17
D201724151,81,17
D201724152,81,17
D201729071,58,17
D201729333,76,17
D201729372,69,17
D201732771,57,17
D201732772,57,17
D201733402,69,17
D201733861,39,17
D201734251,86,17
D201737971,64,17
D201738011,75,17
D201738781,81,17
D201739291,64,17
D201739921,39,17
D201740593,85,17
D201740931,39,17
D201741171,70,17
D201741231,72,17
D201746003,92,17
D201747482,88,17
D201749201,91,17
D201749202,91,17
D201751121,82,17
D201755701,85,17
D201755702,85,17
D201756511,79,17
D201756512,79,17
D201758431,81,17
D201758432,81,17
D201758433,81,17
D201758434,81,17
D201758992,87,17
D201760164,90,17
D201764671,85,17
D201764672,85,17
D201764691,94,17
D201764981,82,17
D201765031,84,17
D201765032,84,17
D201785082,78,17
D201787201,65,17
D201787202,65,17
D201787203,65,17
D201788281,77,17
D201788282,77,17
D201788381,83,17
D201788631,78,17
D201788632,78,17
D201790072,70,17
D201790742,75,17
D201790743,75,17
D201792291,64,17
D201792292,64,17
D201792293,64,17
D201793001,46,17
D201793101,81,17
D201793411,70,17
D201793412,70,17
D201793561,77,17
D201793562,77,17
D201794051,80,17
D201794231,79,17
D201794232,79,17
D201794322,93,17
D201794721,81,17
D201795252,91,17
D201795743,77,17
D201796861,81,17
D201796862,81,17
D201798093,86,17
D201832342,63,18
D201896011,68,18
D201896012,68,18
D201898161,68,18
D201898162,68,18
D201845991,68,18
D201897281,68,18
D201897282,68,18
D201842871,69,18
D201866421,69,18
D201814601,69,18
D201898781,70,18
D201811771,70,18
D201811772,70,18
D201895281,70,18
D201863971,71,18
D201894882,71,18
D201836161,71,18
D201836162,71,18
D201896341,71,18
D201847011,71,18
D201850101,71,18
D201897092,71,18
D201897093,71,18
D201864951,72,18
D201864952,72,18
D201894312,74,18
D201896051,74,18
D201898142,74,18
D201896611,75,18
D201896612,75,18
D201851421,75,18
D201851422,75,18
D201897861,76,18
D201897862,76,18
D201899352,77,18
D201865941,77,18
D201898991,77,18
D201898992,77,18
D201818891,78,18
D201818821,79,18
D201818822,79,18
D201842131,80,18
D201842132,80,18
D201813421,80,18
D201839652,82,18
D201801052,82,18
D201801055,82,18
D201837562,82,18
D201816301,83,18
D201816302,83,18
D201844042,84,18
D201808351,85,18
D201805842,85,18
D201813641,86,18
D201800973,86,18
D201842481,86,18
D201898483,93,18
D201854352,93,18
D201892303,94,18
D201865182,98,18
D201970171,10,19
D201969421,15,19
D201955851,38,19
D201920661,68,19
D201971261,68,19
D201971262,68,19
D201971263,68,19
D201966671,68,19
D201966341,69,19
D201966342,69,19
D201946761,69,19
D201989141,70,19
D201989142,70,19
D201989143,70,19
D201989144,70,19
D201944341,68,19
D201990723,70,19
D201999111,70,19
D201999112,70,19
D201999113,70,19
D201999114,70,19
D201908311,71,19
D201908312,71,19
D201947362,72,19
D201992921,74,19
D201903271,74,19
D201903272,74,19
D201998933,75,19
D201917621,75,19
D201916571,76,19
D201993393,76,19
D201999812,77,19
D201997151,77,19
D201997152,77,19
D201997153,77,19
D201997892,78,19
D201921391,78,19
D201921392,78,19
D201955811,78,19
D201997092,78,19
D201997093,78,19
D201903101,79,19
D201991934,79,19
D201997252,79,19
D201993003,79,19
D201992932,79,19
D201992933,79,19
D201946351,80,19
D201946722,80,19
D201957371,80,19
D201957372,80,19
D201912322,81,19
D201903222,81,19
D201965061,81,19
D201997283,82,19
D201986971,82,19
D201963401,82,19
D201910472,82,19
D201910473,82,19
D201966313,83,19
D201969542,85,19
D201902733,87,19
D201990421,88,19
D201900231,88,19
D201900232,88,19
D201901371,90,19
D201915532,96,19
D201905842,97,19
D201900023,98,19
D201913412,99,19
D201948491,99,19
D202006401,41,20
D202004631,68,20
D202004632,68,20
D202070492,68,20
D202006841,68,20
D202006842,68,20
D202000612,71,20
D202072771,71,20
D202072772,71,20
D202089272,71,20
D202089273,71,20
D202019831,71,20
D202052791,73,20
D202085454,73,20
D202020671,75,20
D202012341,75,20
D202089552,75,20
D202052652,75,20
D202006361,76,20
D202010013,76,20
D202057562,80,20
D202012612,81,20
D202012232,81,20
D202014642,81,20
D202064982,81,20
D202001871,82,20
D202073381,82,20
D202097592,86,20
D202019282,88,20
D202062572,88,20
D202004022,89,20
D202097062,89,20
D202002172,89,20
D202070882,89,20
D202031533,90,20
D202020661,92,20
D202020662,92,20
D202062392,97,20
D202065382,97,20
D202010732,100,20
D202023222,101,20
D202043512,104,20
D202072951,114,20
D202115221,34,21
D202123121,57,21
D202164491,57,21
D202121311,59,21
D202127061,59,21
D202127062,59,21
D202112061,62,21
D202105271,62,21
D202133401,63,21
D202103851,65,21
D202103852,65,21
D202196771,65,21
D202196772,65,21
D202196773,65,21
D202122701,65,21
D202122702,65,21
D202104322,65,21
D202104323,65,21
D202125341,66,21
D202123841,66,21
D202123842,66,21
D202132281,67,21
D202132282,67,21
D202104353,67,21
D202119891,68,21
D202119892,68,21
D202172511,68,21
D202172512,68,21
D202128311,68,21
D202125151,68,21
D202141532,69,21
D202175911,70,21
D202168021,70,21
D202168022,70,21
D202183711,61,21
D202183712,61,21
D202107053,73,21
D202176061,74,21
D202131561,74,21
D202131562,74,21
D202100812,75,21
D202100321,75,21
D202123742,76,21
D202141283,79,21
D202127492,81,21
D202110233,85,21
D202167642,89,21
D202175291,90,21
D202100632,90,21
D202125442,90,21
D202110053,92,21
D202110054,92,21
D202127542,92,21
D202122821,93,21
D202126043,94,21
D202183422,97,21
D202109303,102,21
D202286431,11,22
D202237231,18,22
D202210431,61,22
D202201521,61,22
D202225741,61,22
D202211341,61,22
D202290211,61,22
D202287501,62,22
D202287081,63,22
D202228221,65,22
D202288991,65,22
D202216091,66,22
D202209041,68,22
D202206543,68,22
D202200591,69,22
D202212181,70,22
D202285672,70,22
D202285673,70,22
D202228581,71,22
D202299943,71,22
D202299944,71,22
D202229021,71,22
D202204354,72,22
D202293173,72,22
D202236471,71,22
D202289273,72,22
D202230062,73,22
D202200631,73,22
D202223972,73,22
D202229491,73,22
D202214052,73,22
D202226531,73,22
D202201262,74,22
D202201263,74,22
D202227931,74,22
D202228141,74,22
D202228142,74,22
D202287251,74,22
D202200632,75,22
D202200991,76,22
D202209972,76,22
D202203542,76,22
D202294653,77,22
D202221731,77,22
D202205453,77,22
D202227791,78,22
D202204994,78,22
D202276442,79,22
D202222593,79,22
D202222594,79,22
D202229821,79,22
D202230821,80,22
D202272963,80,22
D202202943,82,22
D202219612,82,22
D202201101,82,22
D202296141,83,22
D202209843,81,22
D202207713,83,22
D202276472,83,22
D202232152,84,22
D202220263,84,22
D202211752,85,22
D202200252,86,22
D202290073,86,22
D202266313,86,22
D202204362,86,22
D202285462,88,22
D202215622,88,22
D202270213,88,22
D202212613,90,22
D202218802,90,22
D202229782,91,22
D202228102,92,22
D202263553,92,22
D202214043,94,22
D202225223,94,22
D202277051,94,22
D202293934,100,22
D202200981,79,22
D202302861,23,23
D202315031,41,23
D202323181,60,23
D202302671,66,23
D202399001,67,23
D202398021,72,23
D202301821,72,23
D202301451,72,23
D202301452,72,23
D202330041,72,23
D202337131,73,23
D202335221,74,23
D202335222,74,23
D202307061,74,23
D202307062,74,23
D202316491,74,23
D202380341,74,23
D202380342,74,23
D202302711,74,23
D202302712,74,23
D202316151,74,23
D202317361,74,23
D202335381,74,23
D202317451,74,23
D202317452,74,23
D202317453,74,23
D202315351,75,23
D202315352,75,23
D202335382,74,23
D202332701,76,23
D202341641,76,23
D202390382,76,23
D202334081,77,23
D202334082,77,23
D202315581,77,23
D202315582,77,23
D202315583,77,23
D202333901,78,23
D202379601,78,23
D202379602,78,23
D202316181,78,23
D202324411,78,23
D202324412,78,23
D202324413,78,23
D202316152,74,23
D202320273,79,23
D202335531,77,23
D202335532,77,23
D202335262,80,23
D202326821,80,23
D202326822,80,23
D202334031,81,23
D202334032,81,23
D202334033,81,23
D202353481,81,23
D202300151,82,23
D202300152,82,23
D202305581,82,23
D202305582,82,23
D202333303,82,23
D202301032,82,23
D202301033,82,23
D202300252,83,23
D202329181,85,23
D202329182,85,23
D202378382,86,23
D202319873,86,23
D202332572,86,23
D202332981,87,23
D202332982,87,23
D202339941,87,23
D202331612,87,23
D202300633,87,23
D202323221,87,23
D202397542,87,23
D202304351,88,23
D202375791,88,23
D202396682,89,23
D202396683,89,23
D202391343,87,23
D202329392,89,23
D202329393,89,23
D202333912,90,23
D202344771,89,23
D202344772,89,23
D202320752,90,23
D202374732,91,23
D202374192,91,23
D202310982,91,23
D202336452,91,23
D202334392,93,23
D202375172,94,23
D202331591,94,23
D202316503,96,23
D202366311,96,23
D202323892,100,23
D202368583,100,23
D202322343,104,23
D202403861,67,24
D202419071,68,24
D202419072,68,24
D202450012,68,24
D202438681,71,24
D202418621,72,24
D202418622,72,24
D202418721,72,24
D202435281,72,24
D202435282,72,24
D202401883,73,24
D202406381,73,24
D202439411,73,24
D202419741,73,24
D202432191,74,24
D202483701,74,24
D202409511,75,24
D202408011,75,24
D202408012,75,24
D202404461,75,24
D202404462,75,24
D202436851,76,24
D202436852,76,24
D202499803,76,24
D202499804,76,24
D202446331,77,24
D202498951,77,24
D202498953,77,24
D202419281,78,24
D202419282,78,24
D202438191,79,24
D202438192,79,24
D202414051,79,24
D202414052,79,24
D202499441,79,24
D202499442,79,24
D202499443,79,24
D202451021,80,24
D202437901,80,24
D202455541,80,24
D202419971,81,24
D202419972,81,24
D202454502,82,24
D202446191,82,24
D202401151,83,24
D202418241,83,24
D202418242,83,24
D202442493,84,24
D202414932,84,24
D202419211,84,24
D202419811,85,24
D202404604,84,24
D202412342,87,24
D202446821,88,24
D202419001,88,24
D202419002,88,24
D202400161,88,24
D202433381,89,24
D202433382,89,24
D202426821,90,24
D202426823,90,24
D202429852,90,24
D202429853,90,24
D202472773,90,24
D202449081,91,24
D202449082,91,24
D202440891,92,24
D202445902,92,24
D202414451,92,24
D202418572,93,24
D202418573,93,24
D202474222,93,24
D202474223,93,24
D202450871,93,24
D202471613,95,24
D202422482,96,24
D202400724,96,24
D202414084,95,24
D202441452,98,24
D202408582,100,24
D202443812,102,24
D202410571,103,24
D202410572,103,24
D202424501,104,24
D202478183,104,24
D202506131,60,25
D202506132,60,25
D202520891,69,25
D202518532,70,25
D202509251,71,25
D202509252,71,25
D202503541,73,25
D202503542,73,25
D202503543,73,25
D202520571,74,25
D202544663,76,25
D202508443,76,25
D202524412,76,25
D202511922,78,25
D202555421,81,25
D202552091,78,25
D202501132,84,25
D202504621,87,25
D202504622,87,25
D202504623,87,25
D202521662,90,25
D202549812,91,25
D202578352,92,25
D202585511,97,25
D202521213,100,25
D202552532,99,25
