ID10,YR,DAY,NOTE,NOTEID
2024062053,24,76,2ND.Impaction,LNOTE24LA00069
2024062056,24,76,1ST,LNOTE24LA00079
2024062057,24,76,BLSPOTRSHOULDER,LNOTE24LA00080
2024062058,24,76,WEAK LAMB,LNOTE24LA00083
2024062061,24,77,2ND.THIN,LNOTE24LA00096
2024062062,24,77,1ST,LNOTE24LA00097
2024062063,24,77,3RD,LNOTE24LA00098
2024062064,24,77,NoTransToRumen,LNOTE24LA00129
2024062067,24,78,1ST,LNOTE24LA00141
2024062068,24,78,2ND,LNOTE24LA00142
2024062069,24,78,3RD,LNOTE24LA00160
2024062070,24,78,2ND,LNOTE24LA00161
2024062071,24,78,1ST.L/D,LNOTE24LA00162
2024062074,24,78,THINRuptBowel,LNOTE24LA00177
2024062080,24,79,1ST,LNOTE24LA00224
2024062083,24,79,1ST,LNOTE24LA00230
2024062084,24,79,2ND,LNOTE24LA00231
2024062085,24,79,THIN,LNOTE24LA00244
2024062087,24,79,LungLiverAbscss,LNOTE24LA00246
2024062088,24,79,1ST,LNOTE24LA00247
2024062089,24,79,2ND,LNOTE24LA00248
2024062090,24,79,HAIRY,LNOTE24LA00262
2024062091,24,79,SMALL,LNOTE24LA00263
2024062092,24,79,HAIRY,LNOTE24LA00264
2024062093,24,79,HAIRY,LNOTE24LA00265
2024062096,24,79,+bronchopneu,LNOTE24LA00269
2024062097,24,79,SMALL,LNOTE24LA00271
2024062100,24,79,HAIRY,LNOTE24LA00274
2024062106,24,80,GraftRejected,LNOTE24LA00314
2024062107,24,80,2ND.FTT,LNOTE24LA00328
2024062108,24,80,3RD,LNOTE24LA00330
2024062109,24,80,+Y0548,LNOTE24LA00362
2024062118,24,81,TINY WEAK FTT,LNOTE24LA00429
2024062123,24,81,HAIRY.Rejected,LNOTE24LA00448
2024062128,24,81,HAIRY,LNOTE24LA00455
2024062129,24,81,StompedByDam,LNOTE24LA00482
2024062131,24,81,+Dehydration,LNOTE24LA00489
2024062132,24,81,KNUCKLE OVER,LNOTE24LA00490
2024062133,24,82,1ST,LNOTE24LA00515
2024062136,24,82,WEAK,LNOTE24LA00526
2024062142,24,82,+RuptAbomasum,LNOTE24LA00566
2024062146,24,82,1ST,LNOTE24LA00578
2024062149,24,83,Gastroenteritis,LNOTE24LA00608
2024062150,24,83,TailInfx+Starve,LNOTE24LA00609
2024062159,24,83,1ST,LNOTE24LA00650
2024062160,24,83,2ND,LNOTE24LA00651
2024062161,24,83,1ST,LNOTE24LA00663
2024062162,24,83,2ND.UGLY,LNOTE24LA00664
2024062163,24,84,1ST,LNOTE24LA00711
2024062164,24,84,2ND,LNOTE24LA00712
2024062165,24,84,1ST,LNOTE24LA00743
2024062166,24,84,2ND,LNOTE24LA00744
2024062167,24,84,3RD,LNOTE24LA00745
2024062176,24,84,HAIRY,LNOTE24LA00816
2024062177,24,84,1ST,LNOTE24LA00835
2024062178,24,84,2ND,LNOTE24LA00836
2024062179,24,85,1ST,LNOTE24LA00848
2024062180,24,85,2ND,LNOTE24LA00849
2024062181,24,85,1ST,LNOTE24LA00860
2024062182,24,85,2ND.Abomasitis,LNOTE24LA00861
2024062183,24,85,1ST,LNOTE24LA00892
2024062186,24,85,+Malnutrition,LNOTE24LA00935
2024062187,24,85,1ST,LNOTE24LA00955
2024062188,24,85,2ND.UGLY,LNOTE24LA00956
2024062189,24,86,1ST,LNOTE24LA00959
2024062191,24,86,AbomasalObstruc,LNOTE24LA00961
2024062192,24,86,UGLY,LNOTE24LA00985
2024062194,24,86,MassiveTrauma,LNOTE24LA00998
2024062197,24,86,1ST,LNOTE24LA01001
2024062198,24,86,2ND,LNOTE24LA01002
2024062199,24,86,3RD,LNOTE24LA01003
2024062200,24,86,1ST,LNOTE24LA01021
2024062201,24,86,2ND.UGLY,LNOTE24LA01022
2024062202,24,86,1ST,LNOTE24LA01029
2024062203,24,86,2ND,LNOTE24LA01030
2024062207,24,86,AspirationPneu,LNOTE24LA01049
2024062211,24,86,Thin,LNOTE24LA01072
2024062220,24,87,+Malnutrition,LNOTE24LA01140
2024062221,24,87,HAIRY,LNOTE24LA01141
2024062222,24,87,HAIRY,LNOTE24LA01142
2024062225,24,87,FxLH,LNOTE24LA01164
2024062227,24,87,1ST,LNOTE24LA01184
2024062228,24,87,2ND,LNOTE24LA01185
2024062236,24,88,THIN.FLOPPY,LNOTE24LA01233
2024062237,24,88,2ND,LNOTE24LA01248
2024062238,24,88,3RD.UGLY,LNOTE24LA01249
2024062239,24,88,AspirationPneu,LNOTE24LA01251
2024062240,24,88,WEAK LAMB,LNOTE24LA01252
2024062245,24,88,+Renal?,LNOTE24LA01302
2024062262,24,89,+Water belly,LNOTE24LA01466
2024062270,24,90,Starving,LNOTE24LA01504
2024062271,24,90,Starving,LNOTE24LA01505
2024062272,24,90,+FTT,LNOTE24LA01565
2024062284,24,90,HAIRY,LNOTE24LA01606
2024062287,24,91,Scours,LNOTE24LA01634
2024062313,24,93,NICE LAMB,LNOTE24LA01910
2024062316,24,93,FULL,LNOTE24LA01925
2024062318,24,93,3RD.THIN,LNOTE24LA01938
2024062322,24,93,2@ONCE,LNOTE24LA02019
2024062323,24,93,2@ONCE,LNOTE24LA02020
2024062326,24,93,EnteritisSepsis,LNOTE24LA02029
2024062328,24,94,1NutSmall,LNOTE24LA02036
2024062336,24,95,Gastritis,LNOTE24LA02176
2024062337,24,95,HAIRY,LNOTE24LA02198
2024062340,24,95,HAIRY,LNOTE24LA02217
2024062341,24,95,Very poor doer,LNOTE24LA02222
2024062343,24,95,CRYPTORCHID,LNOTE24LA02224
2024062345,24,95,2ND,LNOTE24LA02244
2024062346,24,95,UmbHernia+Starv,LNOTE24LA02245
2024062348,24,96,Malnutrition,LNOTE24LA02304
2024062349,24,96,Malnutrition,LNOTE24LA02305
2024062355,24,97,1ST.THIN+Ent.?,LNOTE24LA02388
2024062356,24,97,2ND.FXRIBS,LNOTE24LA02389
2024062361,24,99,1ST.EUTHFXRIBS,LNOTE24LA02525
2024062363,24,99,PINK,LNOTE24LA02544
2024062366,24,100,HAIRY,LNOTE24LA02612
2024062367,24,101,1ST,LNOTE24LA02649
2024062368,24,101,LimbDeformities,LNOTE24LA02650
2024062369,24,101,Arthrogryposis,LNOTE24LA02651
2024062377,24,106,UGLY,LNOTE24LA02927
2024062378,24,106,UGLY,LNOTE24LA02928
2024125150,24,79,WEAK.FTT,LNOTE24LA00251
2024125151,24,79,L/D,LNOTE24LA00252
2024125152,24,84,BL.ON.NOSE,LNOTE24LA00780
2024125153,24,84,BL.NOSE,LNOTE24LA00781
2024125154,24,85,1ST.WEAK FTT,LNOTE24LA00950
2024125155,24,85,2ND,LNOTE24LA00951
2024125158,24,86,WEAK PREMIE,LNOTE24LA01046
2024125161,24,87,"+FTT,Starvation",LNOTE24LA01154
2024125162,24,87,1ST,LNOTE24LA01170
2024125163,24,87,2ND,LNOTE24LA01171
2024125164,24,87,1ST,LNOTE24LA01181
2024125165,24,87,2ND,LNOTE24LA01182
2024125166,24,87,1ST,LNOTE24LA01187
2024125167,24,87,2ND,LNOTE24LA01188
2024125177,24,89,Sick,LNOTE24LA01340
2024125179,24,89,+Hep.Lipidosis,LNOTE24LA01375
2024125180,24,89,+Premature,LNOTE24LA01377
2024125183,24,89,2ND,LNOTE24LA01419
2024125184,24,89,1ST,LNOTE24LA01420
2024125193,24,89,1ST,LNOTE24LA01451
2024125194,24,89,EnteritisSepsis,LNOTE24LA01452
2024125196,24,89,1ST,LNOTE24LA01457
2024125197,24,89,2ND,LNOTE24LA01458
2024125199,24,89,Pleuropneu,LNOTE24LA01464
2024125214,24,90,Sick,LNOTE24LA01529
2024125218,24,90,2ND.+FTT,LNOTE24LA01537
2024125231,24,90,NICE LAMB,LNOTE24LA01575
2024125235,24,90,BR.BY.TAIL,LNOTE24LA01591
2024125241,24,90,2NDFxRibsStarve,LNOTE24LA01619
2024125242,24,90,PneuHypothermia,LNOTE24LA01628
2024125245,24,91,Sick,LNOTE24LA01657
2024125247,24,91,Poss.Starvation,LNOTE24LA01659
2024125254,24,91,PINK,LNOTE24LA01740
2024125255,24,91,BL.ON.KNEES,LNOTE24LA01741
2024125263,24,92,BR.EYES,LNOTE24LA01797
2024125264,24,92,Very poor doer,LNOTE24LA01798
2024125267,24,92,BR.ON.NECK,LNOTE24LA01810
2024125282,24,93,PINK,LNOTE24LA01929
2024125286,24,93,KtGraft->Failed,LNOTE24LA01948
2024125291,24,93,THINNEST,LNOTE24LA01955
2024125293,24,93,CRYPTORCHID,LNOTE24LA01957
2024125294,24,93,1ST,LNOTE24LA01958
2024125295,24,93,2ND,LNOTE24LA01959
2024125296,24,93,3RD,LNOTE24LA01960
2024125297,24,93,Hemothorax,LNOTE24LA01969
2024125299,24,93,HAIRY,LNOTE24LA01975
2024125307,24,93,HAIRY,LNOTE24LA01996
2024125308,24,93,HAIRY,LNOTE24LA01997
2024125309,24,93,HAIRY,LNOTE24LA01998
2024125312,24,93,Orph->Dead,LNOTE24LA02004
2024125327,24,94,No nuts,LNOTE24LA02050
2024125355,24,95,CONTRA TEND,LNOTE24LA02201
2024125356,24,95,Orph->Graft,LNOTE24LA02202
2024125358,24,95,HAIRY,LNOTE24LA02227
2024125361,24,95,+Malnutrition,LNOTE24LA02234
2024125364,24,95,KNUCKLEOVERPneu,LNOTE24LA02239
2024125367,24,95,UGLY,LNOTE24LA02248
2024125376,24,95,Down,LNOTE24LA02265
2024125377,24,95,H.+Malnutrition,LNOTE24LA02266
2024125382,24,96,WEAK.Gastroent,LNOTE24LA02282
2024125386,24,96,HAIRY,LNOTE24LA02291
2024125398,24,96,Chronic lame,LNOTE24LA02352
2024125401,24,97,1ST,LNOTE24LA02384
2024125402,24,97,2ND,LNOTE24LA02385
2024125415,24,97,UGLY,LNOTE24LA02413
2024125417,24,97,BlLEye.BandInfx,LNOTE24LA02420
2024125426,24,98,WEAK.UmbHemrrhg,LNOTE24LA02444
2024125433,24,98,EUTH.FX.RIBS,LNOTE24LA02458
2024125434,24,98,NICE LAMB,LNOTE24LA02475
2024125435,24,98,NICE LAMB,LNOTE24LA02476
2024125438,24,98,Dehydration,LNOTE24LA02483
2024125441,24,98,THIN,LNOTE24LA02486
2024125442,24,98,THIN,LNOTE24LA02487
2024125444,24,98,+/-Septicemia,LNOTE24LA02490
2024125454,24,99,Very poor doer,LNOTE24LA02530
2024125457,24,99,1ST,LNOTE24LA02542
2024125458,24,99,THIN,LNOTE24LA02545
2024125462,24,99,1ST.BL.EYES,LNOTE24LA02557
2024125465,24,99,1ST,LNOTE24LA02569
2024125474,24,100,1ST,LNOTE24LA02588
2024125475,24,100,2ND,LNOTE24LA02589
2024125477,24,100,+Septicemia,LNOTE24LA02639
2024125494,24,101,HAIRY,LNOTE24LA02646
2024125495,24,101,HAIRY,LNOTE24LA02647
2024125496,24,101,HAIRY,LNOTE24LA02648
2024125499,24,101,Down,LNOTE24LA02654
2024125501,24,101,2ND,LNOTE24LA02660
2024125503,24,101,NO.PROGRESS,LNOTE24LA02666
2024125504,24,101,NO.PROGRESS,LNOTE24LA02667
2024125506,24,101,Orph->Graft,LNOTE24LA02676
2024125512,24,101,Orph->Graft,LNOTE24LA02696
2024125515,24,102,2@ONCE,LNOTE24LA02699
2024125516,24,102,2@ONCE,LNOTE24LA02700
2024125517,24,102,1ST,LNOTE24LA02701
2024125518,24,102,2ND,LNOTE24LA02702
2024125519,24,102,Sick,LNOTE24LA02707
2024125524,24,102,BleedRupt+Pneu,LNOTE24LA02712
2024125537,24,102,HAIRY,LNOTE24LA02745
2024125540,24,102,Sick,LNOTE24LA02757
2024125545,24,102,Pneumonia,LNOTE24LA02762
2024125548,24,103,Down,LNOTE24LA02765
2024125549,24,103,Very poor doer,LNOTE24LA02766
2024125550,24,103,1ST,LNOTE24LA02767
2024125551,24,103,2ND.2@ONCE,LNOTE24LA02768
2024125570,24,103,Thin,LNOTE24LA02810
2024125583,24,104,1ST.BLKSPOT,LNOTE24LA02830
2024125584,24,104,2ND,LNOTE24LA02831
2024125590,24,104,1ST,LNOTE24LA02840
2024125591,24,104,2ND,LNOTE24LA02841
2024125602,24,105,BL.FRECKLES,LNOTE24LA02870
2024125603,24,105,UGLY,LNOTE24LA02871
2024125606,24,105,1ST+Pneu,LNOTE24LA02875
2024125607,24,105,3RD.+Malnutrtn,LNOTE24LA02876
2024125610,24,105,1ST,LNOTE24LA02882
2024125611,24,105,2ND,LNOTE24LA02883
2024125616,24,106,1ST,LNOTE24LA02908
2024125617,24,106,2NDAbomasalHem,LNOTE24LA02909
2024125618,24,106,3RD,LNOTE24LA02910
2024125624,24,106,AtresiaAni->Fix,LNOTE24LA02924
2024125628,24,106,UGLY,LNOTE24LA02932
2024125632,24,107,THIN.Malnutrtn,LNOTE24LA02941
2024125637,24,107,1ST,LNOTE24LA02948
2024125638,24,107,2ND,LNOTE24LA02949
2024125644,24,107,BL.ON.NOSE,LNOTE24LA02965
2024125646,24,107,1ST,LNOTE24LA02967
2024125647,24,107,2ND,LNOTE24LA02968
2024125649,24,108,1ST,LNOTE24LA02973
2024125650,24,108,2ND,LNOTE24LA02974
2024125669,24,115,Poss.Starvation,LNOTE24LA03043
2024458408,24,87,"Poor,thin,down",LNOTE24LA01096
2024458410,24,87,HAIRY,LNOTE24LA01148
2024458412,24,87,1STBloatAbUlcer,LNOTE24LA01179
2024458413,24,87,2ND.NO.PROGESS,LNOTE24LA01180
2024458415,24,88,GRAFT.REJECT,LNOTE24LA01264
2024458416,24,88,+Impaction,LNOTE24LA01265
2024458418,24,88,LiverLungAbscss,LNOTE24LA01267
2024458421,24,89,1ST,LNOTE24LA01386
2024458422,24,89,2ND,LNOTE24LA01387
2024458424,24,89,2ND,LNOTE24LA01468
2024458430,24,90,Orph->Dead,LNOTE24LA01553
2024458431,24,90,L/D,LNOTE24LA01576
2024458432,24,90,RuptLiverKidney,LNOTE24LA01577
2024458433,24,90,1ST.Enteritis,LNOTE24LA01594
2024458434,24,90,2ND,LNOTE24LA01595
2024458435,24,90,3RD,LNOTE24LA01596
2024458436,24,90,BR.R.EYE,LNOTE24LA01602
2024458437,24,90,THIN,LNOTE24LA01604
2024458440,24,91,1ST,LNOTE24LA01700
2024458441,24,91,2ND,LNOTE24LA01701
2024458446,24,92,+Volvulus,LNOTE24LA01811
2024458447,24,92,WEAK LAMB,LNOTE24LA01812
2024458454,24,92,BL.EYES,LNOTE24LA01886
2024458457,24,93,1ST,LNOTE24LA01941
2024458459,24,93,CONTR.TENDONS,LNOTE24LA01945
2024458463,24,94,+RumenImpaction,LNOTE24LA02094
2024458467,24,94,HAIRY,LNOTE24LA02141
2024458468,24,94,HAIRY,LNOTE24LA02142
2024458469,24,94,HAIRY,LNOTE24LA02151
2024458470,24,94,HAIRY,LNOTE24LA02152
2024458479,24,96,NICE LAMB,LNOTE24LA02276
2024458480,24,96,NICE LAMB,LNOTE24LA02277
2024458482,24,96,SLIGHTCROOKFTLL,LNOTE24LA02319
2024458483,24,96,BLK EYE,LNOTE24LA02320
2024458488,24,97,Enteritis,LNOTE24LA02364
2024458493,24,97,1ST,LNOTE24LA02381
2024458494,24,97,2ND,LNOTE24LA02382
2024458496,24,97,THIN+Enteritis,LNOTE24LA02391
2024458504,24,98,1ST,LNOTE24LA02459
2024458505,24,98,CRYPTORCHID,LNOTE24LA02461
2024458508,24,98,THIN,LNOTE24LA02465
2024458511,24,98,BR.EYES,LNOTE24LA02470
2024458513,24,98,2ND,LNOTE24LA02477
2024458514,24,98,1ST,LNOTE24LA02478
2024458517,24,99,NO.PROGRESS,LNOTE24LA02512
2024458518,24,99,NO.PROGRESS,LNOTE24LA02513
2024458522,24,99,3RD.2@ONCE,LNOTE24LA02539
2024458523,24,99,2ND.2@ONCE,LNOTE24LA02540
2024458525,24,99,Umb.Hemorrhage,LNOTE24LA02550
2024458526,24,99,1ST,LNOTE24LA02567
2024458527,24,99,2ND,LNOTE24LA02568
2024458528,24,100,HAIRY,LNOTE24LA02593
2024458532,24,100,DevelpmntAccdnt,LNOTE24LA02623
2024458537,24,101,CONTR.TENDONS,LNOTE24LA02668
2024458539,24,101,CONTRA TENDON,LNOTE24LA02670
2024458540,24,101,NICE LAMB,LNOTE24LA02673
2024458541,24,101,NICE LAMB,LNOTE24LA02674
2024458545,24,102,KNUCKLDOVERPneu,LNOTE24LA02734
2024458547,24,102,TENDON TIGHT,LNOTE24LA02736
2024458550,24,102,1ST.NICE,LNOTE24LA02748
2024458551,24,102,2ND.NICE,LNOTE24LA02749
2024458552,24,102,NICE LAMB.,LNOTE24LA02750
2024458553,24,102,NICE LAMB.,LNOTE24LA02751
2024458554,24,102,HAIRY,LNOTE24LA02752
2024458556,24,102,+Malnutrition,LNOTE24LA02754
2024458557,24,103,1STOmphalitis,LNOTE24LA02772
2024458560,24,103,Orph->Graft,LNOTE24LA02791
2024458565,24,103,Malnutrition,LNOTE24LA02802
2024458566,24,104,2ND,LNOTE24LA02854
2024458571,24,105,CRYPTORCHID,LNOTE24LA02896
2024458581,24,107,Malnutrition,LNOTE24LA02961
2024458584,24,108,1ST,LNOTE24LA02975
2024458585,24,108,3RD,LNOTE24LA02976
2024458588,24,110,+Malnutrition,LNOTE24LA03009
2024458589,24,110,Orph->Euth.Pneu,LNOTE24LA03010
2024520521,24,73,WEAK.ADR,LNOTE24LA00032
2024520524,24,75,CROOKEDKNEE,LNOTE24LA00057
2024520525,24,75,NOGRAFTMOM,LNOTE24LA00058
2024520527,24,77,1ST,LNOTE24LA00120
2024520528,24,77,2ND,LNOTE24LA00121
2024520530,24,78,2ND,LNOTE24LA00171
2024520531,24,78,3RD,LNOTE24LA00172
2024520532,24,78,1ST,LNOTE24LA00173
2024520533,24,78,2ND,LNOTE24LA00191
2024520540,24,80,POSSMXWY0541,LNOTE24LA00343
2024520541,24,80,POSSMXWY0540,LNOTE24LA00344
2024520542,24,80,Fibrinous,LNOTE24LA00345
2024520544,24,80,+Abomasitis,LNOTE24LA00347
2024520547,24,80,Orph->Dead,LNOTE24LA00360
2024520566,24,82,Sick,LNOTE24LA00530
2024520568,24,82,StompedByDam,LNOTE24LA00533
2024520584,24,83,2ND,LNOTE24LA00681
2024520585,24,83,1ST,LNOTE24LA00682
2024520586,24,84,1ST,LNOTE24LA00703
2024520587,24,84,2ND,LNOTE24LA00704
2024520589,24,84,1ST,LNOTE24LA00805
2024520594,24,85,1ST,LNOTE24LA00874
2024520595,24,85,2ND,LNOTE24LA00875
2024520597,24,85,L/D FTT,LNOTE24LA00942
2024520602,24,87,BandSiteInfxn,LNOTE24LA01099
2024520611,24,88,1ST,LNOTE24LA01283
2024520612,24,88,2ND,LNOTE24LA01284
2024520621,24,90,MistaggedAsY,LNOTE24LA01674
2024520622,24,90,MistaggedAsY,LNOTE24LA01675
2024520635,24,92,1ST,LNOTE24LA01753
2024520636,24,92,2ND,LNOTE24LA01754
2024520637,24,92,3RD,LNOTE24LA01755
2024520639,24,92,L.EAR.BROWN,LNOTE24LA01795
2024520646,24,92,A1857BackToMom,LNOTE24LA01866
2024520648,24,93,THIN,LNOTE24LA01898
2024520672,24,94,+Malnutrition,LNOTE24LA02101
2024520688,24,95,Malnutrition,LNOTE24LA02215
2024520690,24,96,+Pneumonia,LNOTE24LA01502
2024520692,24,96,Gastroenteritis,LNOTE24LA02297
2024520695,24,96,Nephritis,LNOTE24LA02307
2024520701,24,103,1ST.Sick,LNOTE24LA02787
2024520703,24,103,Sick,LNOTE24LA02789
2024645565,24,72,DUMBWONTNURSE,LNOTE24LA00025
2024645566,24,79,1ST,LNOTE24LA00241
2024645567,24,79,2ND.THIN.DUMB,LNOTE24LA00242
2024645568,24,82,NICE LAMB,LNOTE24LA00505
2024645569,24,82,NICE LAMB,LNOTE24LA00506
2024645571,24,82,Pyelonephritis,LNOTE24LA00549
2024645574,24,84,Sick,LNOTE24LA00706
2024645575,24,84,NICE LAMB,LNOTE24LA00767
2024645576,24,84,NICE LAMB,LNOTE24LA00768
2024645577,24,85,1ST.BR.LF,LNOTE24LA00867
2024645578,24,85,2ND,LNOTE24LA00868
2024645579,24,85,1ST,LNOTE24LA00890
2024645580,24,85,2ND,LNOTE24LA00891
2024645587,24,89,LostK5586,LNOTE24LA01338
2024645590,24,91,NICE LAMB,LNOTE24LA01715
2024645591,24,91,NICE LAMB,LNOTE24LA01716
2024645595,24,93,HAIRY,LNOTE24LA02015
2024645603,24,94,NICE LAMB,LNOTE24LA02087
2024645604,24,94,NICE LAMB,LNOTE24LA02088
2024645605,24,94,1ST.NICE,LNOTE24LA02104
2024645606,24,94,2ND.NICE,LNOTE24LA02105
2024645610,24,95,Seizures,LNOTE24LA02182
2024645614,24,96,1ST,LNOTE24LA02330
2024645615,24,96,2ND.NICE,LNOTE24LA02331
2024704267,24,74,2ND.Premature,LNOTE24LA00047
2024704270,24,77,1ST,LNOTE24LA00106
2024704271,24,77,2ND,LNOTE24LA00107
2024704275,24,77,1ST,LNOTE24LA00125
2024704276,24,77,2ND,LNOTE24LA00126
2024704278,24,78,1ST,LNOTE24LA00143
2024704279,24,78,2ND,LNOTE24LA00144
2024704280,24,78,2ND,LNOTE24LA00149
2024704281,24,78,3RD.WEAK,LNOTE24LA00150
2024704282,24,78,1ST,LNOTE24LA00154
2024704283,24,78,2ND,LNOTE24LA00155
2024704284,24,78,1ST,LNOTE24LA00156
2024704285,24,78,2ND,LNOTE24LA00157
2024704286,24,78,3RD,LNOTE24LA00158
2024704289,24,78,1ST,LNOTE24LA00181
2024704290,24,78,2ND,LNOTE24LA00182
2024704291,24,78,3RD,LNOTE24LA00183
2024704292,24,78,AspirationPneu,LNOTE24LA00192
2024704296,24,79,1ST,LNOTE24LA00202
2024704297,24,79,2ND,LNOTE24LA00203
2024704305,24,79,SeverePneu,LNOTE24LA00253
2024704307,24,79,1ST,LNOTE24LA00255
2024704308,24,79,2ND,LNOTE24LA00256
2024704327,24,80,Gastroenteritis,LNOTE24LA00316
2024704332,24,80,FibrinousPleuro,LNOTE24LA00325
2024704335,24,80,Hemorrhagic,LNOTE24LA00334
2024704346,24,80,HAIRY,LNOTE24LA00376
2024704350,24,80,+Trauma,LNOTE24LA00397
2024704365,24,81,EWELOVESNOW,LNOTE24LA00472
2024704368,24,81,CRYPTORCHID,LNOTE24LA00475
2024704373,24,81,DINKY,LNOTE24LA00480
2024704374,24,81,HAIRY,LNOTE24LA00481
2024704379,24,82,DUMBPossRupture,LNOTE24LA00494
2024704391,24,82,+Sepsis,LNOTE24LA00520
2024704392,24,82,NICE LAMB,LNOTE24LA00524
2024704393,24,82,NICE LAMB,LNOTE24LA00525
2024704410,24,83,WEAK LAMB,LNOTE24LA00615
2024704422,24,83,Septic,LNOTE24LA00670
2024704424,24,83,1ST,LNOTE24LA00672
2024704425,24,83,2ND.Aspiration,LNOTE24LA00673
2024704426,24,83,3RD,LNOTE24LA00674
2024704427,24,83,1ST,LNOTE24LA00675
2024704429,24,83,NOT.L?,LNOTE24LA00686
2024704434,24,84,1ST.FTT,LNOTE24LA00693
2024704435,24,84,2ND,LNOTE24LA00694
2024704436,24,84,3RD,LNOTE24LA00695
2024704437,24,84,FxRibs+LungHem,LNOTE24LA00698
2024704438,24,84,2ND.L/D,LNOTE24LA00700
2024704439,24,84,1ST,LNOTE24LA00701
2024704440,24,84,3RD,LNOTE24LA00702
2024704441,24,84,1ST,LNOTE24LA00713
2024704442,24,84,2ND,LNOTE24LA00714
2024704443,24,84,1ST,LNOTE24LA00716
2024704444,24,84,2ND,LNOTE24LA00717
2024704447,24,84,1ST,LNOTE24LA00741
2024704448,24,84,2ND,LNOTE24LA00742
2024704451,24,84,1ST,LNOTE24LA00749
2024704452,24,84,2ND.BACKWARDS,LNOTE24LA00750
2024704453,24,84,1ST,LNOTE24LA00751
2024704454,24,84,2ND,LNOTE24LA00752
2024704456,24,84,1ST,LNOTE24LA00762
2024704457,24,84,2ND,LNOTE24LA00763
2024704458,24,84,1ST,LNOTE24LA00764
2024704459,24,84,2ND,LNOTE24LA00765
2024704463,24,84,1ST,LNOTE24LA00774
2024704464,24,84,2ND,LNOTE24LA00775
2024704468,24,84,HUNGRY,LNOTE24LA00785
2024704477,24,84,1ST,LNOTE24LA00810
2024704478,24,84,2ND,LNOTE24LA00811
2024704479,24,84,1ST,LNOTE24LA00820
2024704480,24,84,3RD.PneuUmbInfx,LNOTE24LA00821
2024704481,24,84,2ND.FX.RIBS,LNOTE24LA00822
2024704486,24,85,NEURO?DOWN,LNOTE24LA00840
2024704491,24,85,1ST,LNOTE24LA00852
2024704492,24,85,2ND,LNOTE24LA00853
2024704493,24,85,1ST,LNOTE24LA00854
2024704494,24,85,2ND,LNOTE24LA00855
2024704497,24,85,1ST,LNOTE24LA00858
2024704498,24,85,2NDUmbArteritis,LNOTE24LA00859
2024704504,24,85,1ST,LNOTE24LA00895
2024704505,24,85,2ND,LNOTE24LA00896
2024704509,24,85,1ST,LNOTE24LA00900
2024704510,24,85,2ND,LNOTE24LA00901
2024704511,24,85,1ST.3FEETOUT,LNOTE24LA00906
2024704512,24,85,2ND,LNOTE24LA00907
2024704513,24,85,1ST,LNOTE24LA00908
2024704514,24,85,2ND,LNOTE24LA00909
2024704515,24,85,NICE LAMB,LNOTE24LA00913
2024704516,24,85,NICE LAMB,LNOTE24LA00914
2024704527,24,85,SWELLHEAD,LNOTE24LA00936
2024704536,24,86,1ST+Sepsis,LNOTE24LA00978
2024704537,24,86,2ND.Orph->Dead,LNOTE24LA00979
2024704541,24,86,WEAK LAMB,LNOTE24LA00994
2024704542,24,86,1ST,LNOTE24LA01007
2024704543,24,86,2ND,LNOTE24LA01008
2024704545,24,86,LEyeVerySwollen,LNOTE24LA01015
2024704550,24,86,1ST,LNOTE24LA01025
2024704551,24,86,2ND,LNOTE24LA01026
2024704554,24,86,+Peritonitis,LNOTE24LA01038
2024704556,24,86,ThoracicHemorrh,LNOTE24LA01040
2024704564,24,86,Premature,LNOTE24LA01065
2024704574,24,87,1ST,LNOTE24LA01100
2024704577,24,87,Hernia,LNOTE24LA01109
2024704580,24,87,+Malnutrition,LNOTE24LA01123
2024704594,24,87,1ST,LNOTE24LA01189
2024704595,24,87,2ND,LNOTE24LA01190
2024704596,24,87,1ST,LNOTE24LA01193
2024704597,24,87,2ND,LNOTE24LA01194
2024704598,24,87,+Starvation,LNOTE24LA01200
2024704600,24,87,1ST,LNOTE24LA01208
2024704601,24,87,2ND,LNOTE24LA01209
2024704605,24,87,CRYPTORCHID,LNOTE24LA01217
2024704621,24,88,FxRibsMalnutrtn,LNOTE24LA01263
2024704623,24,88,L/D FTT,LNOTE24LA01275
2024704635,24,89,Fever,LNOTE24LA01343
2024704644,24,89,LG.POSSDILATN,LNOTE24LA01365
2024704655,24,89,SepsisPremature,LNOTE24LA01416
2024704661,24,89,Down,LNOTE24LA01444
2024704665,24,89,+Malnutrition,LNOTE24LA01456
2024704666,24,89,1ST,LNOTE24LA01472
2024704667,24,89,EnteritisSeptic,LNOTE24LA01473
2024704668,24,89,Fx.R.Femur,LNOTE24LA01474
2024704671,24,90,1ST,LNOTE24LA01495
2024704672,24,90,2ND,LNOTE24LA01496
2024704689,24,91,1ST,LNOTE24LA01661
2024704690,24,91,2ND,LNOTE24LA01662
2024704691,24,91,3RD,LNOTE24LA01663
2024704696,24,91,1ST,LNOTE24LA01692
2024704697,24,91,2ND,LNOTE24LA01693
2024704699,24,91,1ST,LNOTE24LA01695
2024704700,24,91,2ND,LNOTE24LA01696
2024704701,24,91,1ST,LNOTE24LA01703
2024704702,24,91,2ND,LNOTE24LA01704
2024704703,24,91,UGLY,LNOTE24LA01710
2024704704,24,91,UGLY,LNOTE24LA01711
2024704713,24,91,AbomasalRupture,LNOTE24LA01739
2024704714,24,91,3RD.UGLY,LNOTE24LA01743
2024704721,24,92,Liver disease,LNOTE24LA01777
2024704727,24,92,+Malnutrition,LNOTE24LA01789
2024704728,24,92,CardiacRupture,LNOTE24LA01790
2024704730,24,92,FosterDied,LNOTE24LA01792
2024704733,24,92,1ST,LNOTE24LA01836
2024704734,24,92,2ND,LNOTE24LA01837
2024704735,24,92,3RD,LNOTE24LA01838
2024704736,24,92,+Septicemia,LNOTE24LA01840
2024704737,24,92,FX.RIBS,LNOTE24LA01841
2024704744,24,92,NOT.AN.L,LNOTE24LA01861
2024704747,24,92,1ST,LNOTE24LA01887
2024704748,24,92,3RD+Enteritis,LNOTE24LA01888
2024704749,24,92,2NDRuptureLiver,LNOTE24LA01889
2024704753,24,93,2ND,LNOTE24LA01927
2024704754,24,93,1ST,LNOTE24LA01928
2024704755,24,93,1ST,LNOTE24LA01931
2024704756,24,93,2ND.FXRIBS,LNOTE24LA01932
2024704757,24,93,3RD.CRYPTORCHID,LNOTE24LA01933
2024704761,24,93,1ST,LNOTE24LA01967
2024704762,24,93,2ND,LNOTE24LA01968
2024704765,24,93,NICE LAMB,LNOTE24LA01986
2024704766,24,93,NICE LAMB,LNOTE24LA01987
2024704770,24,94,UGLY,LNOTE24LA02056
2024704773,24,94,FxRibsMalnutrtn,LNOTE24LA02069
2024704779,24,94,1ST,LNOTE24LA02113
2024704790,24,95,AspirationPneu,LNOTE24LA02241
2024704791,24,95,2ND,LNOTE24LA02242
2024704793,24,95,1ST,LNOTE24LA02261
2024704794,24,95,2ND,LNOTE24LA02262
2024704795,24,96,1ST,LNOTE24LA02288
2024704796,24,96,2@ONCE,LNOTE24LA02289
2024704797,24,96,2@ONCE.Down,LNOTE24LA02290
2024704799,24,96,HeartDefects,LNOTE24LA02326
2024704800,24,96,Fx.Ribs+Pneu,LNOTE24LA02327
2024704803,24,97,1ST,LNOTE24LA02357
2024704804,24,97,2ND.SepticElbow,LNOTE24LA02358
2024704805,24,97,POSS.CU,LNOTE24LA02386
2024704806,24,97,POSS.CU,LNOTE24LA02387
2024704807,24,97,POSS.CU,LNOTE24LA02417
2024704808,24,97,POSS.CU,LNOTE24LA02418
2024704809,24,99,CU,LNOTE24LA02506
2024704810,24,99,CU,LNOTE24LA02507
2024704811,24,99,1ST.CU,LNOTE24LA02534
2024704812,24,99,2ND.CU,LNOTE24LA02535
2024704813,24,99,NO.PROGRESS,LNOTE24LA02551
2024704814,24,99,NO.PROGRESS,LNOTE24LA02552
2024704815,24,99,NO.PROGRESS,LNOTE24LA02553
2024704818,24,101,CU,LNOTE24LA02662
2024704819,24,106,CU,LNOTE24LA02912
2024704820,24,108,CU,LNOTE24LA02970
2024704821,24,108,CU,LNOTE24LA02971
2024704822,24,109,CU,LNOTE24LA02994
2024704823,24,109,CU,LNOTE24LA02995
2024704824,24,109,1ST.CU,LNOTE24LA02996
2024704825,24,109,2ND.CU,LNOTE24LA02997
2024841519,24,71,WEAK,LNOTE24LA00012
2024841520,24,71,L/D,LNOTE24LA00013
2024841521,24,72,L/D,LNOTE24LA00023
2024841522,24,72,L/D.Premature,LNOTE24LA00024
2024841524,24,73,1ST.PREMIE,LNOTE24LA00038
2024841525,24,73,PREMIE,LNOTE24LA00039
2024841526,24,73,NO.BANDS,LNOTE24LA00041
2024841527,24,73,L/D,LNOTE24LA00042
2024841532,24,75,Weak+Premie,LNOTE24LA00063
2024841533,24,75,+Hepatitis,LNOTE24LA00064
2024841536,24,76,1ST,LNOTE24LA00075
2024841537,24,76,2ND,LNOTE24LA00076
2024841538,24,76,1ST,LNOTE24LA00086
2024841539,24,76,2ND,LNOTE24LA00087
2024841540,24,76,1ST,LNOTE24LA00088
2024841541,24,76,2ND,LNOTE24LA00089
2024841544,24,77,1ST,LNOTE24LA00093
2024841545,24,77,2ND,LNOTE24LA00094
2024841546,24,77,+FailToThrive,LNOTE24LA00099
2024841547,24,77,1ST.WEAK,LNOTE24LA00100
2024841548,24,77,2ND,LNOTE24LA00101
2024841549,24,77,+Starvation,LNOTE24LA00102
2024841550,24,77,L/D,LNOTE24LA00103
2024841551,24,77,1ST,LNOTE24LA00104
2024841552,24,77,2ND,LNOTE24LA00105
2024841555,24,77,1ST,LNOTE24LA00111
2024841556,24,77,1ST,LNOTE24LA00114
2024841557,24,77,2ND.HAIRY,LNOTE24LA00115
2024841558,24,77,1ST,LNOTE24LA00116
2024841559,24,77,2ND,LNOTE24LA00117
2024841560,24,77,2ND.WEAK.FTT,LNOTE24LA00123
2024841563,24,77,1ST,LNOTE24LA00134
2024841564,24,77,2ND,LNOTE24LA00135
2024841570,24,78,2ND,LNOTE24LA00152
2024841572,24,78,WEAK.Abomasitis,LNOTE24LA00167
2024841574,24,78,1STGastricUlcer,LNOTE24LA00169
2024841575,24,78,2ND,LNOTE24LA00170
2024841580,24,78,1ST,LNOTE24LA00185
2024841581,24,78,2ND,LNOTE24LA00186
2024841582,24,78,3RD,LNOTE24LA00187
2024841585,24,78,THIN.WeakFTT,LNOTE24LA00194
2024841586,24,78,THIN,LNOTE24LA00195
2024841590,24,79,AbdomHemorrhage,LNOTE24LA00214
2024841591,24,79,Fx.Ribs,LNOTE24LA00215
2024841592,24,79,Nephritis,LNOTE24LA00216
2024841596,24,79,1ST,LNOTE24LA00232
2024841597,24,79,2ND,LNOTE24LA00233
2024841598,24,79,BadBronchopneu,LNOTE24LA00234
2024841600,24,79,1ST,LNOTE24LA00239
2024841601,24,79,2ND,LNOTE24LA00240
2024841603,24,79,CRYPTORCHID,LNOTE24LA00257
2024841611,24,80,TraumaLaceratn,LNOTE24LA00297
2024841625,24,81,Premature,LNOTE24LA00332
2024841628,24,80,Resp.distress,LNOTE24LA00350
2024841647,24,81,BRKN LEG+RIBs,LNOTE24LA00415
2024841649,24,81,No X1650,LNOTE24LA00422
2024841657,24,81,SMALL WEAK FTT,LNOTE24LA00441
2024841661,24,81,SmWeakFTTScours,LNOTE24LA00456
2024841668,24,81,FxLeg&Ribs,LNOTE24LA00465
2024841673,24,82,PREMIE FTT,LNOTE24LA00492
2024841674,24,82,PREMIE Weak,LNOTE24LA00493
2024841684,24,82,TINY.Ileitis,LNOTE24LA00534
2024841697,24,82,1ST,LNOTE24LA00576
2024841698,24,82,2ND,LNOTE24LA00577
2024841711,24,83,Rumenitis,LNOTE24LA00596
2024841722,24,83,Premature,LNOTE24LA00624
2024841724,24,83,Fx.Ribs,LNOTE24LA00627
2024841725,24,83,Hemorrhagic,LNOTE24LA00632
2024841727,24,83,Thin,LNOTE24LA00641
2024841736,24,83,1ST,LNOTE24LA00665
2024841737,24,83,2ND,LNOTE24LA00666
2024841738,24,83,1ST,LNOTE24LA00677
2024841739,24,83,2ND,LNOTE24LA00678
2024841740,24,83,1ST,LNOTE24LA00679
2024841741,24,83,2ND,LNOTE24LA00680
2024841743,24,83,CRYPTORCHID,LNOTE24LA00684
2024841744,24,83,+MildEnteritis,LNOTE24LA00687
2024841748,24,84,1ST,LNOTE24LA00707
2024841749,24,84,2ND,LNOTE24LA00708
2024841750,24,84,1ST,LNOTE24LA00709
2024841751,24,84,2ND,LNOTE24LA00710
2024841755,24,84,1ST,LNOTE24LA00720
2024841756,24,84,1ST,LNOTE24LA00721
2024841757,24,84,2ND,LNOTE24LA00722
2024841758,24,84,WEAK LAMB,LNOTE24LA00723
2024841759,24,84,1ST,LNOTE24LA00724
2024841760,24,84,2ND,LNOTE24LA00725
2024841761,24,84,3RD,LNOTE24LA00726
2024841767,24,84,1ST.Premature,LNOTE24LA00738
2024841770,24,84,1ST,LNOTE24LA00753
2024841771,24,84,2ND,LNOTE24LA00754
2024841772,24,84,1ST,LNOTE24LA00755
2024841773,24,84,2ND,LNOTE24LA00756
2024841774,24,84,PREMIE.FX.LEG,LNOTE24LA00757
2024841775,24,84,FX.RH,LNOTE24LA00758
2024841777,24,84,1ST,LNOTE24LA00772
2024841778,24,84,2ND,LNOTE24LA00773
2024841780,24,84,L/D,LNOTE24LA00783
2024841785,24,84,THIN,LNOTE24LA00813
2024841789,24,84,1ST,LNOTE24LA00823
2024841790,24,84,2ND,LNOTE24LA00824
2024841791,24,84,1ST,LNOTE24LA00830
2024841792,24,84,2ND,LNOTE24LA00831
2024841793,24,84,1ST.Hypotherm?,LNOTE24LA00832
2024841794,24,84,2ND,LNOTE24LA00833
2024841795,24,84,1ST.WEAK FTT,LNOTE24LA00837
2024841796,24,84,2ND+Aspiration,LNOTE24LA00838
2024841797,24,85,1ST+Starvation,LNOTE24LA00841
2024841801,24,85,1ST.2@ONCE,LNOTE24LA00869
2024841802,24,85,2ND.2@ONCE,LNOTE24LA00870
2024841803,24,85,3RD,LNOTE24LA00871
2024841804,24,85,2ND.Enteritis,LNOTE24LA00876
2024841806,24,85,2ND.WEAK FTT,LNOTE24LA00880
2024841809,24,85,2NDSepticRJoint,LNOTE24LA00886
2024841810,24,85,1ST.HEAD1ST,LNOTE24LA00888
2024841811,24,85,2ND,LNOTE24LA00889
2024841812,24,85,1ST,LNOTE24LA00902
2024841813,24,85,2ND,LNOTE24LA00903
2024841814,24,85,1ST,LNOTE24LA00904
2024841815,24,85,2ND,LNOTE24LA00905
2024841816,24,85,1ST.H2O.BELLY,LNOTE24LA00910
2024841817,24,85,2ND,LNOTE24LA00911
2024841818,24,85,3RD,LNOTE24LA00912
2024841819,24,85,H.AbomasalUlcer,LNOTE24LA00915
2024841820,24,85,HAIRY,LNOTE24LA00916
2024841825,24,85,1ST,LNOTE24LA00939
2024841826,24,85,2ND,LNOTE24LA00940
2024841829,24,85,1ST,LNOTE24LA00948
2024841831,24,85,1ST,LNOTE24LA00953
2024841832,24,85,2ND,LNOTE24LA00954
2024841833,24,86,THIN,LNOTE24LA00957
2024841835,24,86,2ND.THIN,LNOTE24LA00962
2024841836,24,86,3RD,LNOTE24LA00963
2024841837,24,86,1ST,LNOTE24LA00964
2024841838,24,86,SepticLStifle,LNOTE24LA00965
2024841841,24,86,1ST,LNOTE24LA00971
2024841842,24,86,2ND,LNOTE24LA00972
2024841843,24,86,1ST+Enteritis,LNOTE24LA00973
2024841844,24,86,2ND.FX.LH,LNOTE24LA00974
2024841846,24,86,WEAK LAMB,LNOTE24LA00981
2024841847,24,86,1ST,LNOTE24LA00982
2024841849,24,86,Internal.Hem,LNOTE24LA00984
2024841851,24,86,1ST,LNOTE24LA01004
2024841854,24,86,1ST,LNOTE24LA01009
2024841855,24,86,2NDAmnionAsprtn,LNOTE24LA01010
2024841856,24,86,3RD,LNOTE24LA01011
2024841857,24,86,1ST,LNOTE24LA01012
2024841858,24,86,2ND,LNOTE24LA01013
2024841859,24,86,1ST,LNOTE24LA01018
2024841860,24,86,2ND,LNOTE24LA01019
2024841864,24,86,HAIRY,LNOTE24LA01032
2024841865,24,86,1ST.2@ONCE,LNOTE24LA01041
2024841866,24,86,2ND.2@ONCE,LNOTE24LA01042
2024841874,24,86,+Peritonitis,LNOTE24LA01057
2024841877,24,86,ScirrhousCord,LNOTE24LA01078
2024841882,24,86,ThinFxRibs&RH,LNOTE24LA01088
2024841883,24,86,Hydronephrosis,LNOTE24LA01089
2024841892,24,87,IntrnlHemorrgh,LNOTE24LA01114
2024841895,24,87,L/D,LNOTE24LA01121
2024841902,24,87,+Cardiomyopathy,LNOTE24LA01131
2024841908,24,87,1ST,LNOTE24LA01160
2024841909,24,87,2ND,LNOTE24LA01161
2024841910,24,87,Heart disease,LNOTE24LA01168
2024841912,24,87,2ND.L/D FTT,LNOTE24LA01191
2024841914,24,87,Sick,LNOTE24LA01199
2024841928,24,88,Severe ulcers,LNOTE24LA01247
2024841929,24,88,Very poor doer,LNOTE24LA01253
2024841931,24,88,1ST,LNOTE24LA01259
2024841932,24,88,2ND,LNOTE24LA01260
2024841933,24,88,WEAK LAMB,LNOTE24LA01273
2024841938,24,88,FTT,LNOTE24LA01287
2024841943,24,88,1ST,LNOTE24LA01298
2024841949,24,88,Gastroenteritis,LNOTE24LA01308
2024841954,24,88,ManyBirthDefect,LNOTE24LA01313
2024841964,24,89,+Hydronephrosis,LNOTE24LA01345
2024841974,24,89,1ST,LNOTE24LA01370
2024841975,24,89,2ND,LNOTE24LA01371
2024841976,24,89,FxRibsPremature,LNOTE24LA01374
2024841980,24,89,ONE NUT,LNOTE24LA01385
2024841990,24,89,+Poss.Sepsis,LNOTE24LA01421
2024841992,24,89,Seizures,LNOTE24LA01429
2024841998,24,89,1ST.Overbite,LNOTE24LA01442
2024841999,24,89,2ND.Overbite,LNOTE24LA01443
2024842006,24,90,+FTT,LNOTE24LA01485
2024842012,24,90,+bloat,LNOTE24LA01503
2024842016,24,90,Malnutrition,LNOTE24LA01524
2024842024,24,90,Malnutrition,LNOTE24LA01582
2024842034,24,91,1ST,LNOTE24LA01631
2024842035,24,91,2ND,LNOTE24LA01632
2024842041,24,91,THIN,LNOTE24LA01647
2024842045,24,91,+Enteritis,LNOTE24LA01664
2024842053,24,91,2ND,LNOTE24LA01690
2024842054,24,91,1ST,LNOTE24LA01691
2024842056,24,91,Clostridial,LNOTE24LA01699
2024842068,24,92,+Cardiomyopathy,LNOTE24LA01756
2024842070,24,92,WEAK.FxRibs,LNOTE24LA01758
2024842071,24,92,PremieSepsisEnt,LNOTE24LA01759
2024842072,24,92,WEAKFxRibPremie,LNOTE24LA01760
2024842077,24,92,2ND,LNOTE24LA01770
2024842078,24,92,L/D,LNOTE24LA01772
2024842079,24,92,L/D,LNOTE24LA01773
2024842095,24,92,THIN.CRYPTORCHD,LNOTE24LA01833
2024842100,24,92,No X2101,LNOTE24LA01857
2024842102,24,92,Gastritis,LNOTE24LA01858
2024842104,24,92,+FTT,LNOTE24LA01872
2024842107,24,92,Hemoabdomen,LNOTE24LA01881
2024842108,24,93,Laid on,LNOTE24LA01891
2024842110,24,93,2ND,LNOTE24LA01912
2024842111,24,93,3RD,LNOTE24LA01913
2024842115,24,93,BL.LF,LNOTE24LA01918
2024842119,24,93,1ST,LNOTE24LA01962
2024842120,24,93,2ND,LNOTE24LA01963
2024842128,24,93,PREMIE WEAK,LNOTE24LA02010
2024842138,24,94,2ND,LNOTE24LA02064
2024842143,24,94,HAIRY,LNOTE24LA02092
2024842144,24,94,1STSHOULDRLOCK,LNOTE24LA02106
2024842145,24,94,2ND.BACKWARDS,LNOTE24LA02107
2024842147,24,94,No nuts,LNOTE24LA02112
2024842150,24,94,HAIRY,LNOTE24LA02125
2024842156,24,94,HAIRY,LNOTE24LA02134
2024842158,24,94,WEAK,LNOTE24LA02136
2024842159,24,94,Fx.RH,LNOTE24LA02137
2024842160,24,94,Gastroenteritis,LNOTE24LA02138
2024842163,24,94,HAIRY,LNOTE24LA02145
2024842165,24,94,+Enteritis,LNOTE24LA02150
2024842173,24,95,Fx.Ribs,LNOTE24LA02188
2024842177,24,95,Dam died,LNOTE24LA02195
2024842178,24,95,PericardlEffusn,LNOTE24LA02196
2024842180,24,95,2ND,LNOTE24LA02207
2024842181,24,95,REJECTING,LNOTE24LA02226
2024842190,24,96,1ST,LNOTE24LA02267
2024842191,24,96,2ND,LNOTE24LA02268
2024842197,24,96,1ST,LNOTE24LA02294
2024842198,24,96,2@ONCE,LNOTE24LA02295
2024842199,24,96,2@ONCE,LNOTE24LA02296
2024842202,24,96,3RD,LNOTE24LA02312
2024842214,24,97,1ST,LNOTE24LA02349
2024842215,24,97,SIDEWAYS,LNOTE24LA02353
2024842216,24,97,SIDEWAYS,LNOTE24LA02354
2024842217,24,97,2ND.Sick,LNOTE24LA02360
2024842222,24,97,SepticPeriton.,LNOTE24LA02373
2024842224,24,97,1ST,LNOTE24LA02377
2024842226,24,97,2ND,LNOTE24LA02378
2024842228,24,97,W/Necrosis,LNOTE24LA02411
2024842231,24,97,L/D FTT,LNOTE24LA02424
2024842236,24,97,THIN,LNOTE24LA02429
2024842237,24,98,L/D.PREMIE,LNOTE24LA02431
2024842238,24,98,HAIRY,LNOTE24LA02432
2024842240,24,98,Gastroenteritis,LNOTE24LA02446
2024842241,24,98,WEAK LAMB,LNOTE24LA02448
2024842242,24,98,1ST,LNOTE24LA02449
2024842243,24,98,DUMB,LNOTE24LA02450
2024842244,24,98,DUMB,LNOTE24LA02451
2024842247,24,98,Rejected->Graft,LNOTE24LA02469
2024842248,24,98,F.LEGS.LOCKED,LNOTE24LA02491
2024842250,24,98,1ST,LNOTE24LA02497
2024842252,24,98,NO.PROGRESS,LNOTE24LA02500
2024842253,24,99,1ST.NO.PROGRESS,LNOTE24LA02503
2024842254,24,99,2ND,LNOTE24LA02504
2024842264,24,99,WEAK.HD+FTBACK,LNOTE24LA02554
2024842269,24,99,1ST,LNOTE24LA02565
2024842270,24,99,2ND,LNOTE24LA02566
2024842275,24,100,ELBOW.LOCK,LNOTE24LA02581
2024842277,24,100,HAIRY,LNOTE24LA02584
2024842278,24,100,EUTH.PREMATURE,LNOTE24LA02585
2024842279,24,100,WEAK+Enteritis,LNOTE24LA02587
2024842298,24,100,2@ONCE,LNOTE24LA02624
2024842299,24,100,2@ONCE,LNOTE24LA02625
2024842306,24,101,CU,LNOTE24LA02663
2024842312,24,101,NO.PROGRESS,LNOTE24LA02682
2024842334,24,103,2ND+Dystocia,LNOTE24LA02776
2024842353,24,104,1ST,LNOTE24LA02846
2024842354,24,104,2ND,LNOTE24LA02847
2024842356,24,104,Fx.Skull,LNOTE24LA02861
2024842359,24,104,2ND,LNOTE24LA02866
2024842360,24,104,1ST,LNOTE24LA02867
2024842361,24,104,HAIRY,LNOTE24LA02869
2024842368,24,105,+Hep.Lipidosis,LNOTE24LA02894
2024842369,24,105,THINNER,LNOTE24LA02895
2024842371,24,106,THIN,LNOTE24LA02907
2024842372,24,106,Pneu+Malnutrtn,LNOTE24LA02911
2024842377,24,106,LEGS.TUCKED,LNOTE24LA02929
2024842380,24,106,No X2379,LNOTE24LA02934
2024842384,24,107,WEAK LAMB,LNOTE24LA02954
2024842388,24,107,WEAK LAMB Down,LNOTE24LA02963
2024842400,24,110,1ST.FxRibs,LNOTE24LA03018
2024842401,24,110,2ND.Pneumonia,LNOTE24LA03019
2024842409,24,113,WINDSWEPTHLEGS?,LNOTE24LA03033
2024842410,24,113,LEGS.TUCKED,LNOTE24LA03034
2024842411,24,113,LungAbsess.Asp,LNOTE24LA03035
2024842414,24,114,Scours,LNOTE24LA03039
2024842415,24,114,LEGS.TUCKED,LNOTE24LA03040
2024842416,24,114,LEGS.TUCKED,LNOTE24LA03041
2025062381,25,68,No A2380,LNOTE25LA00018
2025062392,25,72,1ST,LNOTE25LA00062
2025062393,25,72,2ND,LNOTE25LA00063
2025062394,25,72,NeuroSM.BL.SPOT,LNOTE25LA00070
2025062398,25,72,2.PUSHTHENPULL,LNOTE25LA00074
2025062399,25,72,1ST,LNOTE25LA00075
2025062400,25,72,3RD,LNOTE25LA00076
2025062401,25,72,Found dead,LNOTE25LA00086
2025062402,25,72,Neuro,LNOTE25LA00087
2025062403,25,72,RF,LNOTE25LA00088
2025062405,25,73,1ST,LNOTE25LA00093
2025062406,25,73,2ND.2@ONCE,LNOTE25LA00094
2025062411,25,73,+FailToThrive,LNOTE25LA00110
2025062413,25,73,BrwtEstimated,LNOTE25LA00289
2025062414,25,73,BrwtEstimated,LNOTE25LA00290
2025062417,25,73,3RD+MycoPneu,LNOTE25LA00120
2025062420,25,73,1ST.NOPROGRESS,LNOTE25LA00123
2025062421,25,73,2ND.Fx.Ribs,LNOTE25LA00124
2025062433,25,74,1ST,LNOTE25LA00149
2025062435,25,74,Bad.Over,LNOTE25LA00151
2025062436,25,74,THIN.BONY,LNOTE25LA00157
2025062456,25,75,+Hypothermic,LNOTE25LA00204
2025062457,25,75,Never nursed,LNOTE25LA00205
2025062476,25,76,WEAK Orph+Pneu,LNOTE25LA00273
2025062477,25,76,Fx.Ribs,LNOTE25LA00274
2025062481,25,76,NO.PROGRESS,LNOTE25LA00302
2025062482,25,76,WEAK.Dehydrated,LNOTE25LA00303
2025062504,25,77,FxRibs+Pneu.,LNOTE25LA00384
2025062508,25,77,FailToThrive,LNOTE25LA00400
2025062516,25,77,"WEAK,starving",LNOTE25LA00432
2025062518,25,77,BodyWallHernia,LNOTE25LA00442
2025062543,25,79,TAIL CHWD,LNOTE25LA00607
2025062548,25,79,Pneumonia,LNOTE25LA00642
2025062552,25,80,FailToThrive,LNOTE25LA00699
2025062556,25,80,CRYPTORCHID,LNOTE25LA00705
2025062582,25,81,Lump on jaw,LNOTE25LA00806
2025062594,25,81,Scavenged,LNOTE25LA00871
2025062597,25,81,Fx.LH,LNOTE25LA00881
2025062598,25,81,Stepped on,LNOTE25LA00882
2025062599,25,81,+Bloat,LNOTE25LA00884
2025062606,25,81,FailToThrive,LNOTE25LA00928
2025062610,25,82,HAIRY,LNOTE25LA00979
2025062616,25,82,HAIRY,LNOTE25LA01006
2025062624,25,82,+Pneu,LNOTE25LA01030
2025062630,25,82,+Starved->Orph.,LNOTE25LA01060
2025062637,25,82,ATRESIA.ANI,LNOTE25LA01121
2025062643,25,82,No A2642,LNOTE25LA01133
2025062645,25,83,WEAK LAMB,LNOTE25LA01146
2025062650,25,83,SPECKLED,LNOTE25LA01188
2025062651,25,83,Colitis,LNOTE25LA01259
2025062655,25,83,GI disease,LNOTE25LA01263
2025062663,25,83,ATRESIA.ANI,LNOTE25LA01178
2025062686,25,84,"NoA2676,77Joint",LNOTE25LA01440
2025062688,25,84,ChronicLameness,LNOTE25LA01441
2025062691,25,84,3RD-STUCK@RIBS,LNOTE25LA01466
2025062692,25,84,HAIRY,LNOTE25LA01467
2025062693,25,84,1ST.WEAK Thin,LNOTE25LA01468
2025062695,25,84,TINY.BLK.DOT,LNOTE25LA01470
2025062705,25,85,DamPossS2198,LNOTE25LA01538
2025062706,25,85,DamPossS2198,LNOTE25LA01539
2025062707,25,85,DamPossS2198,LNOTE25LA01540
2025062709,25,85,SM.SPOT.L.EAR,LNOTE25LA01548
2025062710,25,85,BR.EAR.TIPS,LNOTE25LA01549
2025062716,25,86,V.HAIRY,LNOTE25LA01734
2025062720,25,86,BAD.EARS,LNOTE25LA01743
2025062723,25,86,FxRibs,LNOTE25LA01801
2025062738,25,88,LF Septic,LNOTE25LA02026
2025062742,25,88,HAIRY,LNOTE25LA02137
2025062743,25,88,1ST,LNOTE25LA02166
2025062746,25,89,+PossHeartFail,LNOTE25LA02238
2025062759,25,91,STUCK,LNOTE25LA02601
2025062776,25,98,POSS.CU,LNOTE25LA03162
2025062777,25,98,POSS.CU,LNOTE25LA03163
2025062778,25,98,R.Eye.Trauma,LNOTE25LA03170
2025062780,25,98,HAIRY,LNOTE25LA03175
2025062790,25,100,2ND.POSS.CU,LNOTE25LA03231
2025062791,25,100,1ST.POSS.CU,LNOTE25LA03232
2025062795,25,116,CU,LNOTE25LA03327
2025645616,25,76,2ndNOWILL2LIVE,LNOTE25LA00277
2025645617,25,76,1ST,LNOTE25LA00278
2025645625,25,79,1ST,LNOTE25LA00572
2025645626,25,79,2ND.Scours,LNOTE25LA00573
2025645647,25,84,BR.EARTIPS,LNOTE25LA01329
2025645649,25,83,FxRibs+RH,LNOTE25LA01344
2025645652,25,85,GI disease,LNOTE25LA01531
2025645657,25,86,UrethraDestruct,LNOTE25LA01700
2025645674,25,89,2NDNOPROGRESS,LNOTE25LA02207
2025645675,25,89,1ST,LNOTE25LA02208
2025645701,25,106,HLimbParesis,LNOTE25LA03304
2025645702,25,106,2ND,LNOTE25LA03305
2025704828,25,72,Fx.Ribs+Pneu,LNOTE25LA00090
2025704829,25,73,FailLungDevelop,LNOTE25LA00127
2025704830,25,74,FailLungDevelop,LNOTE25LA00135
2025704835,25,76,Fx.Ribs,LNOTE25LA00254
2025704839,25,76,BLACK.SPOTS.FT,LNOTE25LA00286
2025704841,25,76,NoL4840.+Cold,LNOTE25LA00306
2025704846,25,77,+Peritonitis,LNOTE25LA00414
2025704850,25,78,Orph. Poor,LNOTE25LA00467
2025704858,25,78,BALDY,LNOTE25LA00524
2025704872,25,79,Clostridial,LNOTE25LA00623
2025704890,25,80,+FTT,LNOTE25LA00734
2025704895,25,80,SPLAYED.LEG,LNOTE25LA00746
2025704899,25,80,2ND,LNOTE25LA00761
2025704900,25,80,1ST,LNOTE25LA00762
2025704914,25,81,ChronicLameness,LNOTE25LA00853
2025704923,25,81,Abdominal.CRYPT,LNOTE25LA00891
2025704934,25,82,UGLIEST,LNOTE25LA00961
2025704941,25,82,Fx.Ribs,LNOTE25LA00991
2025704949,25,82,Found dead,LNOTE25LA01012
2025704955,25,82,CURLY.EARS,LNOTE25LA01021
2025704962,25,82,UGLY,LNOTE25LA01083
2025704972,25,83,COLOR.EARS,LNOTE25LA01142
2025704973,25,83,2ND,LNOTE25LA01143
2025704974,25,83,1ST,LNOTE25LA01144
2025704976,25,83,3RD.Abomasitis,LNOTE25LA01152
2025704981,25,83,BOTH.EARTIPS,LNOTE25LA01157
2025704984,25,83,BOTH.BALD.EARS,LNOTE25LA01162
2025704985,25,83,MAKEUP.EACE,LNOTE25LA01166
2025704989,25,83,Starving,LNOTE25LA01172
2025704992,25,83,Bad over,LNOTE25LA01175
2025705000,25,83,Stepped On,LNOTE25LA01249
2025705004,25,83,DeglovingInjury,LNOTE25LA01271
2025705020,25,84,HAIRY,LNOTE25LA01315
2025705021,25,84,BALD.EARS,LNOTE25LA01332
2025705022,25,84,ChronicLameness,LNOTE25LA01333
2025705029,25,84,2ND,LNOTE25LA01367
2025705041,25,84,NoL5040,LNOTE25LA01417
2025705043,25,84,Sepsis,LNOTE25LA01434
2025705044,25,84,Pericarditis,LNOTE25LA01435
2025705045,25,84,CrushedByDam,LNOTE25LA01436
2025705048,25,84,LF Septic,LNOTE25LA01444
2025705054,25,84,LEGSNOTEYTENDED,LNOTE25LA01472
2025705066,25,85,1ST,LNOTE25LA01574
2025705067,25,85,2ND,LNOTE25LA01575
2025705073,25,85,L1.PULLED,LNOTE25LA01599
2025705075,25,85,+Abomasitis,LNOTE25LA01614
2025705077,25,85,Fx.Ribs,LNOTE25LA01631
2025705078,25,85,Graft failed,LNOTE25LA01633
2025705082,25,85,SACK+LEGS.PROBS,LNOTE25LA01656
2025705083,25,85,BROKE.RIBS,LNOTE25LA01657
2025705095,25,86,FEW.BLK.DOTS,LNOTE25LA01718
2025705101,25,86,130,LNOTE25LA01754
2025705107,25,86,BandingInfx.,LNOTE25LA01780
2025705108,25,86,Fx.LH,LNOTE25LA01781
2025705110,25,86,Infection,LNOTE25LA01799
2025705115,25,86,TAIL CHWD,LNOTE25LA01838
2025705118,25,86,Found dead,LNOTE25LA01847
2025705140,25,87,1ST,LNOTE25LA01959
2025705141,25,87,2ND,LNOTE25LA01960
2025705171,25,88,CRYPTORCHID,LNOTE25LA02073
2025705179,25,88,2@ONCE,LNOTE25LA02089
2025705180,25,88,2@ONCE,LNOTE25LA02090
2025705192,25,88,Scavenged,LNOTE25LA02142
2025705196,25,88,1STNOT.ENUF.4.2,LNOTE25LA02146
2025705197,25,88,2ND,LNOTE25LA02147
2025705200,25,89,+Scours,LNOTE25LA02191
2025705242,25,90,BL.LEG.SPOT,LNOTE25LA02366
2025705248,25,90,BALDY,LNOTE25LA02385
2025705253,25,90,2ND.TINY.FTT,LNOTE25LA02415
2025705254,25,90,3RD+Enteritis,LNOTE25LA02416
2025705260,25,90,EYES+BL.LEG,LNOTE25LA02445
2025705264,25,90,Dam died,LNOTE25LA02466
2025705278,25,90,Found dead,LNOTE25LA02504
2025705282,25,90,Sepsis,LNOTE25LA02511
2025705287,25,91,HD.STUCK,LNOTE25LA02542
2025705297,25,91,Found dead,LNOTE25LA02588
2025705300,25,91,Found dead,LNOTE25LA02598
2025705309,25,91,WEAK.FxRibs,LNOTE25LA02614
2025705310,25,91,WEAK.SL.E.L.EYE,LNOTE25LA02615
2025705318,25,91,1ST.STUCK,LNOTE25LA02635
2025705319,25,91,2ND,LNOTE25LA02636
2025705320,25,91,BAD.TAIL.BITE,LNOTE25LA02639
2025705322,25,91,1STBIGHD/STUCK,LNOTE25LA02660
2025705323,25,91,2ND,LNOTE25LA02661
2025705325,25,91,Found dead,LNOTE25LA02668
2025705332,25,92,Chronic lame,LNOTE25LA02695
2025705335,25,92,2ND.BORN,LNOTE25LA02698
2025705336,25,92,1ST,LNOTE25LA02699
2025705338,25,92,+FailToThrive,LNOTE25LA02707
2025705343,25,92,Found dead,LNOTE25LA02720
2025705351,25,92,1ST,LNOTE25LA02765
2025705352,25,92,2ND,LNOTE25LA02766
2025705358,25,92,1STAbomasalRupt,LNOTE25LA02779
2025705359,25,92,Sick,LNOTE25LA02792
2025705370,25,93,EARTIPS,LNOTE25LA02831
2025705371,25,93,Found dead,LNOTE25LA02848
2025705375,25,93,FailToThrive,LNOTE25LA02873
2025705380,25,94,2ND+Scours.Orph,LNOTE25LA02895
2025705381,25,94,1ST,LNOTE25LA02896
2025705384,25,94,Not latching,LNOTE25LA02899
2025705385,25,94,Not latching,LNOTE25LA02900
2025705387,25,94,NO.PROGRESS,LNOTE25LA02904
2025705388,25,94,2ND,LNOTE25LA02906
2025705389,25,94,1ST,LNOTE25LA02907
2025705408,25,95,FailToThrive,LNOTE25LA02955
2025705411,25,95,1STFailToThrive,LNOTE25LA02961
2025705413,25,95,Found dead,LNOTE25LA02972
2025705431,25,95,2ND,LNOTE25LA03009
2025705432,25,95,1ST,LNOTE25LA03010
2025705446,25,96,W+WOBBLY,LNOTE25LA03066
2025705447,25,96,FailToThrive,LNOTE25LA03072
2025705448,25,96,Found dead,LNOTE25LA03073
2025705453,25,97,NO.PROGRESS,LNOTE25LA03086
2025705464,25,98,BALDEARS,LNOTE25LA03151
2025705472,25,98,2@ONCE,LNOTE25LA03183
2025705473,25,98,STUCKLHFxNoHeal,LNOTE25LA03185
2025705474,25,99,FxLElbow&Ribs,LNOTE25LA03194
2025705475,25,99,KICKED.JAW->FX,LNOTE25LA03200
2025705477,25,100,BIG+FOOTBACK,LNOTE25LA03222
2025705482,25,106,CU,LNOTE25LA03297
2025705483,25,106,CU,LNOTE25LA03298
2025705484,25,106,CU,LNOTE25LA03303
2025705485,25,107,2ND.Neuro,LNOTE25LA03309
2025705486,25,109,Resp.Disease,LNOTE25LA03312
2025705487,25,109,CU,LNOTE25LA03313
2025705488,25,109,CU,LNOTE25LA03314
2025705489,25,115,CU,LNOTE25LA03323
2025705490,25,115,CU Sepsis,LNOTE25LA03324
2025705491,25,116,CU,LNOTE25LA03325
2025705492,25,116,CU GI disease,LNOTE25LA03326
2025125683,25,75,BALD.BRN.EARS,LNOTE25LA00197
2025125684,25,75,BALD.EARS,LNOTE25LA00198
2025125685,25,75,BALDING.EARS,LNOTE25LA00199
2025125687,25,75,NO.S5686,LNOTE25LA00202
2025125691,25,75,WEAK LAMB,LNOTE25LA00225
2025125694,25,75,Hemoperitoneum,LNOTE25LA00228
2025125695,25,75,FLUFFY,LNOTE25LA00229
2025125696,25,75,WEAK LAMB,LNOTE25LA00230
2025125702,25,76,BLK.SPOTS.FEET,LNOTE25LA00260
2025125705,25,76,BLATK.EARTIPS,LNOTE25LA00281
2025125716,25,77,SPOT.BLHIP,LNOTE25LA00335
2025125717,25,77,SPOT.L.RIB,LNOTE25LA00336
2025125721,25,77,Rejected,LNOTE25LA00340
2025125725,25,77,Orph>Sepsis,LNOTE25LA00347
2025125729,25,77,BLK.ON.NOSE,LNOTE25LA00362
2025125735,25,77,2.AT.ONCE,LNOTE25LA00380
2025125736,25,77,2.AT.ONCE,LNOTE25LA00381
2025125742,25,77,1ST,LNOTE25LA00395
2025125743,25,77,3RD,LNOTE25LA00396
2025125744,25,77,2NDBACKWARDS,LNOTE25LA00397
2025125749,25,77,BLFR.SHOULDER,LNOTE25LA00418
2025125756,25,77,SPOTTY.LIPS,LNOTE25LA00434
2025125759,25,77,1STLEGTUCK+BACK,LNOTE25LA00438
2025125760,25,77,2ND,LNOTE25LA00439
2025125763,25,77,BLK.R.RIBS,LNOTE25LA00451
2025125768,25,78,NoS5767,LNOTE25LA00457
2025125769,25,78,BLSPOTTAIL,LNOTE25LA00458
2025125776,25,78,1ST,LNOTE25LA00475
2025125777,25,78,2ND,LNOTE25LA00476
2025125778,25,78,CHEST.SPOT,LNOTE25LA00484
2025125784,25,78,Stepped on,LNOTE25LA00505
2025125786,25,78,2@ONCE,LNOTE25LA00508
2025125787,25,78,2@ONCE,LNOTE25LA00509
2025125790,25,78,+Starved,LNOTE25LA00517
2025125795,25,78,No S5794,LNOTE25LA00526
2025125796,25,78,NOT.PUSHING,LNOTE25LA00527
2025125801,25,78,2ND,LNOTE25LA00545
2025125802,25,78,1ST,LNOTE25LA00546
2025125809,25,79,BACK.L.FT.SPOT,LNOTE25LA00585
2025125811,25,79,Scavenged,LNOTE25LA00589
2025125818,25,79,3RD,LNOTE25LA00618
2025125820,25,79,TAIL CHWD,LNOTE25LA00633
2025125825,25,78,Brwt estimated,LNOTE25LA01069
2025125837,25,80,RF Injury,LNOTE25LA00683
2025125841,25,80,1ST,LNOTE25LA00688
2025125842,25,80,2NDQUITPUSHING,LNOTE25LA00689
2025125845,25,80,L,LNOTE25LA00700
2025125856,25,80,NoS5854/5855,LNOTE25LA00758
2025125862,25,80,LAMBS.TANGLED,LNOTE25LA00782
2025125863,25,80,LAMBS.TANGLED,LNOTE25LA00783
2025125864,25,80,LAMBS.TANGLED,LNOTE25LA00784
2025125881,25,81,Found dead,LNOTE25LA00831
2025125896,25,81,Fx.Ribs,LNOTE25LA00901
2025125897,25,81,HAIRY,LNOTE25LA00910
2025125898,25,81,HAIRY,LNOTE25LA00911
2025125901,25,81,W?,LNOTE25LA00916
2025125908,25,81,BR.EARTIPSNeuro,LNOTE25LA00939
2025125909,25,82,RejectedPostTag,LNOTE25LA00943
2025125913,25,82,UMBIL.HEMATOMA,LNOTE25LA00982
2025125918,25,82,FailToThrive,LNOTE25LA01046
2025125928,25,82,HAIRY,LNOTE25LA01103
2025125933,25,83,BR.EARTIPS,LNOTE25LA01148
2025125934,25,83,2ND,LNOTE25LA01170
2025125935,25,83,1ST,LNOTE25LA01171
2025125936,25,83,1ST,LNOTE25LA01193
2025125954,25,84,"NoS5951,52,53",LNOTE25LA01359
2025125955,25,84,Found dead,LNOTE25LA01360
2025125964,25,84,2ND,LNOTE25LA01403
2025125965,25,84,SPECKLED.LEGS,LNOTE25LA01404
2025125971,25,84,SIG.SMALLER,LNOTE25LA01425
2025125973,25,84,SMUTTY.LEGS,LNOTE25LA01427
2025125975,25,84,BLEEDNG.NAVEL,LNOTE25LA01438
2025125978,25,84,No S5977,LNOTE25LA01475
2025125979,25,84,BOTH.L.BALDEARS,LNOTE25LA01476
2025125981,25,84,BALDEARTS+SPOT,LNOTE25LA01478
2025125982,25,84,BR.EAR.TIPS,LNOTE25LA01489
2025125986,25,84,Found dead,LNOTE25LA01515
2025125993,25,85,SPOT.L.EAR,LNOTE25LA01543
2025125994,25,85,1ST,LNOTE25LA01545
2025125995,25,85,2ND,LNOTE25LA01546
2025125998,25,85,NO.TESTIS?,LNOTE25LA01586
2025126002,25,85,HAIRY,LNOTE25LA01612
2025126003,25,85,BL.SPOT.F.LEG,LNOTE25LA01613
2025126005,25,85,HAIRY,LNOTE25LA01634
2025126006,25,85,+Sepsis,LNOTE25LA01635
2025126012,25,85,1FT.BACK,LNOTE25LA01652
2025126014,25,86,VHAIRY,LNOTE25LA01687
2025126018,25,86,SPOT.LF,LNOTE25LA01695
2025126020,25,86,Found dead,LNOTE25LA01722
2025126026,25,86,1ST,LNOTE25LA01788
2025126027,25,86,2ND,LNOTE25LA01789
2025126032,25,86,"+Pneu,Enteritis",LNOTE25LA01821
2025126039,25,86,1ST,LNOTE25LA01848
2025126040,25,86,2ND,LNOTE25LA01849
2025126047,25,87,+LiverInfarctn,LNOTE25LA01897
2025126061,25,87,1ST,LNOTE25LA01981
2025126062,25,87,2ND,LNOTE25LA01982
2025126063,25,87,1ST,LNOTE25LA01986
2025126068,25,87,Orphaned,LNOTE25LA01992
2025126088,25,88,EARS.OUTLINED,LNOTE25LA02161
2025126099,25,89,1ST.Enteritis,LNOTE25LA02201
2025126100,25,89,3RDUPSIDE.DOWN,LNOTE25LA02203
2025126102,25,89,BLSPOT.LSHLDR,LNOTE25LA02214
2025126108,25,89,IN.YACC,LNOTE25LA02221
2025126111,25,89,WONKY.FR.LEG,LNOTE25LA02231
2025126117,25,89,EUTH,LNOTE25LA02249
2025126118,25,89,HAIRY,LNOTE25LA02267
2025126119,25,89,BR.EAR.TIPS,LNOTE25LA02275
2025126120,25,89,BR.EAR.TIPS,LNOTE25LA02276
2025126124,25,89,HAIRY,LNOTE25LA02285
2025126128,25,89,SPOTS.NECK+TTS,LNOTE25LA02304
2025126129,25,89,SPOT.EAR,LNOTE25LA02305
2025126131,25,89,SPOT.LTHIGH,LNOTE25LA02349
2025126132,25,89,SPECKLED.LEGS,LNOTE25LA02350
2025126138,25,90,SPOT.BY.TT,LNOTE25LA02387
2025126149,25,90,PARTS.OUT+COLD,LNOTE25LA02454
2025126150,25,90,HEAD+FOOT.BACK,LNOTE25LA02455
2025126151,25,90,Found dead,LNOTE25LA02456
2025126153,25,90,NOT.RAMB,LNOTE25LA02481
2025126154,25,90,NOT.TRYING,LNOTE25LA02482
2025126160,25,91,+FailToThrive,LNOTE25LA02517
2025126169,25,91,LIP+'HORN',LNOTE25LA02539
2025126177,25,91,SPOT.RHIP,LNOTE25LA02599
2025126181,25,91,Clostridial,LNOTE25LA02645
2025126193,25,92,+bronchopneu,LNOTE25LA02703
2025126196,25,92,SPOT.RNECK,LNOTE25LA02718
2025126197,25,92,BENT.TAIL,LNOTE25LA02724
2025126198,25,92,STUCKSAC+PULL,LNOTE25LA02743
2025126200,25,92,FailToThrive,LNOTE25LA02745
2025126201,25,92,3RD,LNOTE25LA02746
2025126202,25,92,1ST,LNOTE25LA02758
2025126203,25,92,2ND,LNOTE25LA02759
2025126207,25,93,CONTRACT.FRLEGS,LNOTE25LA02816
2025126210,25,93,BOTH.HAIRY,LNOTE25LA02836
2025126227,25,96,No S6228,LNOTE25LA03025
2025126229,25,98,POSS.CU,LNOTE25LA03152
2025126230,25,98,POSS.CU,LNOTE25LA03166
2025126231,25,98,POSS.CU,LNOTE25LA03176
2025126232,25,100,L.RIBSPOT+NOSE,LNOTE25LA03211
2025126233,25,100,POSS.CU,LNOTE25LA03212
2025126234,25,102,POSS.CU,LNOTE25LA03257
2025126235,25,102,POSS.CU,LNOTE25LA03258
2025126236,25,111,CU,LNOTE25LA03318
2025126237,25,111,CU,LNOTE25LA03319
2025458592,25,79,REJECTED,LNOTE25LA00575
2025458596,25,82,1ST,LNOTE25LA00957
2025458597,25,82,THICK.UMBILICAL,LNOTE25LA00958
2025458598,25,82,Found dead,LNOTE25LA00959
2025458600,25,82,FxRibs+colitis,LNOTE25LA00968
2025458601,25,82,HAIRY,LNOTE25LA00969
2025458610,25,83,+HemorrhagicEnt,LNOTE25LA01253
2025458616,25,84,Spinal trauma,LNOTE25LA01318
2025458618,25,83,Colitis,LNOTE25LA01341
2025458620,25,84,1ST.BACKWARDS,LNOTE25LA01430
2025458621,25,84,2ND,LNOTE25LA01431
2025458622,25,84,3RD,LNOTE25LA01432
2025458628,25,85,Colitis,LNOTE25LA01607
2025458637,25,86,POLKA.DOTS,LNOTE25LA01697
2025458643,25,86,UrethraBlockage,LNOTE25LA01729
2025458646,25,86,1ST.NECK.SPOT,LNOTE25LA01757
2025458647,25,86,2ND,LNOTE25LA01758
2025458653,25,87,FailToThrive,LNOTE25LA01860
2025458663,25,87,1ST,LNOTE25LA01999
2025458664,25,87,2ND,LNOTE25LA02000
2025458669,25,88,HEAD.STUCK,LNOTE25LA02064
2025458674,25,88,+Clostridial,LNOTE25LA02158
2025458677,25,89,Found dead,LNOTE25LA02211
2025458680,25,89,BR.EAR.TIP,LNOTE25LA02318
2025458681,25,90,FailToThrive,LNOTE25LA02360
2025458682,25,90,Pneu+FTT,LNOTE25LA02361
2025458683,25,90,2ND.BORN,LNOTE25LA02367
2025458684,25,90,1ST,LNOTE25LA02368
2025458685,25,90,1ST,LNOTE25LA02378
2025458686,25,90,2ND,LNOTE25LA02379
2025458688,25,90,No T8687,LNOTE25LA02390
2025458690,25,90,2ND,LNOTE25LA02403
2025458691,25,90,1ST.L.RIB.SPOT,LNOTE25LA02404
2025458692,25,90,3RDTINYEnterit,LNOTE25LA02405
2025458693,25,90,L.EAR,LNOTE25LA02406
2025458701,25,90,Neurologic,LNOTE25LA02490
2025458703,25,91,1ST,LNOTE25LA02532
2025458704,25,91,2ND,LNOTE25LA02533
2025458709,25,91,FailToThrive,LNOTE25LA02590
2025458710,25,91,HAIRY,LNOTE25LA02591
2025458711,25,91,SPOT.RHIP,LNOTE25LA02592
2025458714,25,91,Fx.Ribs,LNOTE25LA02595
2025458718,25,91,Tail infx.,LNOTE25LA02634
2025458719,25,91,POSS.T7739,LNOTE25LA02640
2025458720,25,91,Oral necrosis,LNOTE25LA02641
2025458721,25,91,FTT,LNOTE25LA02642
2025458724,25,92,THINNEST,LNOTE25LA02709
2025458725,25,92,PINSPOT.L'4HD',LNOTE25LA02710
2025458726,25,92,SPOT.LEYE,LNOTE25LA02711
2025458727,25,92,1ST,LNOTE25LA02714
2025458733,25,92,2ND,LNOTE25LA02786
2025458737,25,93,HAIRY,LNOTE25LA02805
2025458738,25,93,NOSE+EARTIP,LNOTE25LA02806
2025458753,25,94,FailToThrive,LNOTE25LA02934
2025458759,25,95,SPOTLSHLDR,LNOTE25LA02998
2025458761,25,96,VHAIRY/NOGRAFT,LNOTE25LA03020
2025458764,25,96,FailToThrive,LNOTE25LA03051
2025458771,25,97,L.LEG/SHLDR,LNOTE25LA03093
2025458779,25,98,+Malnutrition,LNOTE25LA03147
2025458780,25,98,BL.BY.EYES,LNOTE25LA03148
2025458784,25,98,FailToThrive,LNOTE25LA03156
2025458787,25,98,H/NO.PROG,LNOTE25LA03161
2025458791,25,99,FailToThrive,LNOTE25LA03191
2025458795,25,101,SPLAYED.LEGS,LNOTE25LA03238
2025458799,25,103,1ST,LNOTE25LA03276
2025458800,25,103,2ND,LNOTE25LA03277
2025842428,25,63,THIN,LNOTE25LA00012
2025842429,25,69,WEAK LAMB,LNOTE25LA00023
2025842441,25,73,Aspirational,LNOTE25LA00126
2025842444,25,74,LH,LNOTE25LA00142
2025842445,25,74,1ST,LNOTE25LA00152
2025842446,25,74,2ND,LNOTE25LA00153
2025842447,25,74,BIG>TRBL.BRTH,LNOTE25LA00160
2025842465,25,75,2ND,LNOTE25LA00237
2025842466,25,76,1STFailToThrive,LNOTE25LA00265
2025842475,25,76,Hypoxemic,LNOTE25LA00299
2025842478,25,77,WEAK LAMB,LNOTE25LA00330
2025842481,25,77,1STBIG+FEET.BAC,LNOTE25LA00378
2025842482,25,77,2ND,LNOTE25LA00379
2025842490,25,77,"Pneu.,Scours",LNOTE25LA00425
2025842491,25,77,Pneumonia,LNOTE25LA00426
2025842505,25,78,2ND,LNOTE25LA00503
2025842506,25,78,1ST,LNOTE25LA00504
2025842507,25,78,Found dead,LNOTE25LA00520
2025842509,25,78,2ND,LNOTE25LA00532
2025842510,25,78,1STFT+HD.STUCK,LNOTE25LA00533
2025842528,25,79,+LiverAbscesses,LNOTE25LA00634
2025842533,25,79,1ST+Pneu&Perit.,LNOTE25LA00650
2025842564,25,81,WEAK LAMB,LNOTE25LA00807
2025842571,25,81,UrinaryBlockage,LNOTE25LA00827
2025842572,25,81,deformed legs e,LNOTE25LA00838
2025842598,25,81,FailToThrive,LNOTE25LA00931
2025842601,25,82,RejectedPostTag,LNOTE25LA00941
2025842606,25,82,No X2605,LNOTE25LA00946
2025842608,25,82,2ND,LNOTE25LA00948
2025842609,25,82,1ST,LNOTE25LA00949
2025842610,25,82,ChronicLameness,LNOTE25LA00953
2025842618,25,82,Found dead,LNOTE25LA00976
2025842625,25,82,SepticRH,LNOTE25LA01026
2025842632,25,82,+Clostridial,LNOTE25LA01040
2025842636,25,82,BR.EARTIPS,LNOTE25LA01055
2025842645,25,82,RH laxity,LNOTE25LA01095
2025842654,25,82,BALDISH.EARS,LNOTE25LA01125
2025842655,25,82,+FxRF&Ribs,LNOTE25LA01128
2025842656,25,82,BOTH.PULLED,LNOTE25LA01129
2025842660,25,83,L1.HAIRY,LNOTE25LA01139
2025842664,25,83,Kidney disease,LNOTE25LA01186
2025842685,25,83,HYDROALLANTOIS,LNOTE25LA01217
2025842686,25,83,HYDROALLANTOIS,LNOTE25LA01218
2025842705,25,83,SteppedOn+scour,LNOTE25LA01275
2025842723,25,84,BOTH.PULLED,LNOTE25LA01382
2025842728,25,84,+GI infx.,LNOTE25LA01396
2025842733,25,83,Umbilical.Infx.,LNOTE25LA01405
2025842746,25,84,FULL,LNOTE25LA01449
2025842747,25,84,Chronic lame,LNOTE25LA01450
2025842751,25,84,1ST.STUCK,LNOTE25LA01458
2025842753,25,84,No X2752 Scours,LNOTE25LA01460
2025842754,25,84,+Endocarditis,LNOTE25LA01463
2025842755,25,84,2ND.CURLY.HAIR,LNOTE25LA01459
2025842767,25,84,ENTRQP.BY.VET,LNOTE25LA01504
2025842783,25,85,LAID.ON,LNOTE25LA01558
2025842787,25,85,2ND,LNOTE25LA01562
2025842788,25,85,1ST,LNOTE25LA01563
2025842790,25,85,SteppedOnFX.LEG,LNOTE25LA01571
2025842791,25,85,LIMP Stepped on,LNOTE25LA01572
2025842798,25,85,EYELINEREndotox,LNOTE25LA01585
2025842799,25,85,ODD.1.OUT,LNOTE25LA01590
2025842809,25,85,SepticArthritis,LNOTE25LA01615
2025842812,25,85,SMALLEST,LNOTE25LA01618
2025842820,25,85,Hypoglycemic,LNOTE25LA01642
2025842827,25,85,BRWT.ESTIMATE,LNOTE25LA03334
2025842837,25,86,1ST,LNOTE25LA01677
2025842838,25,86,2ND,LNOTE25LA01678
2025842845,25,86,V.SICK Sepsis,LNOTE25LA01704
2025842848,25,86,GI disease,LNOTE25LA01716
2025842849,25,86,HemorrhagicEnt.,LNOTE25LA01719
2025842852,25,86,+CecalRupture,LNOTE25LA01724
2025842865,25,86,KINKY.TAIL,LNOTE25LA01751
2025842869,25,86,AbdominalTrauma,LNOTE25LA01761
2025842873,25,86,Found dead,LNOTE25LA01765
2025842879,25,86,1ST,LNOTE25LA01775
2025842880,25,86,2ND,LNOTE25LA01776
2025842893,25,86,+FailToThrive,LNOTE25LA01815
2025842898,25,86,Orph->Goiter,LNOTE25LA01824
2025842902,25,86,FailToThrive,LNOTE25LA01841
2025842911,25,87,8,LNOTE25LA01856
2025842919,25,87,2ND,LNOTE25LA01881
2025842920,25,87,1ST,LNOTE25LA01882
2025842927,25,86,2ND,LNOTE25LA01903
2025842928,25,86,1ST,LNOTE25LA01904
2025842938,25,87,FxLFInfx,LNOTE25LA01939
2025842941,25,87,Pleuropneumonia,LNOTE25LA01946
2025842957,25,87,+Scours,LNOTE25LA02007
2025842966,25,88,+GI disease,LNOTE25LA02028
2025842986,25,88,2ND.Goiter,LNOTE25LA02085
2025842993,25,88,DOT.RSIDE,LNOTE25LA02104
2025843006,25,88,KidneyTrauma,LNOTE25LA02130
2025843007,25,88,Bone fragility,LNOTE25LA02131
2025843030,25,89,SKUNK,LNOTE25LA02188
2025843031,25,89,NO.PROGRESS,LNOTE25LA02189
2025843032,25,89,Found dead,LNOTE25LA02190
2025843045,25,89,SMALL,LNOTE25LA02228
2025843048,25,89,SL.E.L.E,LNOTE25LA02250
2025843056,25,89,Fx.LH+FTT,LNOTE25LA02262
2025843064,25,89,Only 1 Kidney,LNOTE25LA02314
2025843073,25,89,HEAD+TCKFT@1,LNOTE25LA02332
2025843074,25,89,FR.LEG,LNOTE25LA02333
2025843077,25,89,FailToThrive,LNOTE25LA02338
2025843086,25,89,W/OFFBALANCE,LNOTE25LA02352
2025843088,25,90,Found dead,LNOTE25LA02356
2025843090,25,90,FailToThrive,LNOTE25LA02362
2025843091,25,90,HAIRY.CHEST,LNOTE25LA02363
2025843098,25,90,2ND.BORN,LNOTE25LA02382
2025843099,25,90,1ST.Found dead,LNOTE25LA02383
2025843106,25,90,PerirenalHemrgh,LNOTE25LA02412
2025843110,25,90,+Hypothermia,LNOTE25LA02421
2025843111,25,90,+Endocarditis,LNOTE25LA02422
2025843115,25,90,BothHindLegsFx.,LNOTE25LA02444
2025843127,25,90,FailToThrive,LNOTE25LA02479
2025843134,25,90,"FxRibs,LH",LNOTE25LA02506
2025843136,25,91,HDSWOLE/LTUCK,LNOTE25LA02516
2025843138,25,91,LiverDisease,LNOTE25LA02521
2025843141,25,91,Clostridial GI,LNOTE25LA02527
2025843144,25,91,JOINT.WLKR,LNOTE25LA02537
2025843148,25,91,2ND.Fx.Ribs,LNOTE25LA02558
2025843149,25,91,1ST.Fx.Ribs,LNOTE25LA02559
2025843155,25,91,SCOLIOSIS/EUTH,LNOTE25LA02570
2025843160,25,91,GOITER/EUTH,LNOTE25LA02578
2025843161,25,91,BIG.HD/FT.BACK,LNOTE25LA02618
2025843162,25,91,1ST,LNOTE25LA02620
2025843163,25,91,2ND,LNOTE25LA02619
2025843164,25,91,FailToThrive,LNOTE25LA02621
2025843167,25,91,WEAK,LNOTE25LA02626
2025843168,25,91,LOOKED.STUCK?,LNOTE25LA02627
2025843174,25,91,+Starvation,LNOTE25LA02647
2025843176,25,91,THIN.FTT,LNOTE25LA02651
2025843177,25,91,4TH/2@1CEScours,LNOTE25LA02652
2025843178,25,91,3RD?2@ONCE,LNOTE25LA02653
2025843179,25,91,2ND,LNOTE25LA02654
2025843180,25,91,1STBIGHD/STUCK,LNOTE25LA02658
2025843181,25,91,2ND.RHChrncLame,LNOTE25LA02659
2025843189,25,92,FailToThrive,LNOTE25LA02679
2025843190,25,92,REJECTED,LNOTE25LA02682
2025843193,25,92,Penis surgery,LNOTE25LA02701
2025843203,25,92,Tail infx.,LNOTE25LA02739
2025843210,25,92,2ND,LNOTE25LA02756
2025843211,25,92,1ST.BORN,LNOTE25LA02757
2025843212,25,92,Neuro,LNOTE25LA02772
2025843213,25,92,Weak suckle,LNOTE25LA02781
2025843216,25,92,2ND,LNOTE25LA02794
2025843217,25,92,LOOKS.LIKE.LTAG,LNOTE25LA02796
2025843219,25,93,Clostridial,LNOTE25LA02808
2025843235,25,93,3RD.Fx.Ribs,LNOTE25LA02854
2025843241,25,93,1ST,LNOTE25LA02871
2025843242,25,93,2NDFailToThrive,LNOTE25LA02872
2025843251,25,94,2ND,LNOTE25LA02888
2025843252,25,94,1ST,LNOTE25LA02889
2025843254,25,94,UNDERBITE,LNOTE25LA02891
2025843257,25,94,NO.PROGRESS,LNOTE25LA02905
2025843264,25,94,CRYPTORCHID,LNOTE25LA02938
2025843271,25,94,1ST,LNOTE25LA02947
2025843272,25,94,2ND,LNOTE25LA02948
2025843295,25,95,RElbowInfx.,LNOTE25LA03012
2025843298,25,96,FxRHNotHealing,LNOTE25LA03026
2025843299,25,96,1ST,LNOTE25LA03030
2025843300,25,96,2ND,LNOTE25LA03031
2025843310,25,96,GOITER,LNOTE25LA03046
2025843314,25,96,2HDS@ONCE,LNOTE25LA03054
2025843319,25,96,1ST.WHEEZY.FTT,LNOTE25LA03060
2025843320,25,96,2NDSPLAY.BKLEGS,LNOTE25LA03061
2025843330,25,97,SMUT.LEGS,LNOTE25LA03084
2025843332,25,97,CRYPTORCHID,LNOTE25LA03087
2025843333,25,97,FailToThrive,LNOTE25LA03088
2025843336,25,97,Or sepsis,LNOTE25LA03092
2025843344,25,97,STUCK.ChronLame,LNOTE25LA03119
2025843345,25,97,HDOUT+BODSTUCK,LNOTE25LA03120
2025843346,25,97,Chronic lame,LNOTE25LA03122
2025843347,25,97,LG.TEAR.DUCTS,LNOTE25LA03124
2025843349,25,97,Found dead,LNOTE25LA03126
2025843359,25,98,HAIRY,LNOTE25LA03164
2025843367,25,99,PULL+HLEGFWD,LNOTE25LA03190
2025843372,25,99,VELVETY,LNOTE25LA03199
2025843375,25,99,SWITCH@BIRTH,LNOTE25LA03205
2025843379,25,100,1ST,LNOTE25LA03217
2025843380,25,100,2ND,LNOTE25LA03218
2025843381,25,100,InternalBleedng,LNOTE25LA03221
2025843385,25,100,FailToThrive,LNOTE25LA03263
2025843396,25,101,AspirationPneu,LNOTE25LA03249
2025843397,25,101,+Malnutrition,LNOTE25LA03250
2025843405,25,102,Found dead,LNOTE25LA03264
2025843407,25,102,BIT.WOBBLY,LNOTE25LA03266
2025843410,25,102,1ST,LNOTE25LA03270
2025843411,25,102,2ND,LNOTE25LA03271
2025843417,25,104,EYELINER,LNOTE25LA03280
2025843419,25,104,CU,LNOTE25LA03283
2025843420,25,104,CU,LNOTE25LA03284
2025843421,25,104,CU,LNOTE25LA03285
2025843422,25,104,CU,LNOTE25LA03286
2025843423,25,104,CU.REJECT.FTT,LNOTE25LA03287
2025843425,25,104,FailToThrive,LNOTE25LA03289
2025843426,25,105,CU,LNOTE25LA03290
2025843427,25,105,1ST,LNOTE25LA03291
2025843428,25,105,2ND,LNOTE25LA03292
2025843439,25,110,HD.LABOR,LNOTE25LA03315
2025843440,25,110,FailToThrive,LNOTE25LA03316
2025520709,25,71,1ST,LNOTE25LA00053
2025520715,25,72,RFChronicLame,LNOTE25LA00083
2025520720,25,73,LF,LNOTE25LA00098
2025520731,25,75,BRWN.EARTIPS,LNOTE25LA00239
2025520732,25,75,WHITE.MARKS,LNOTE25LA00240
2025520734,25,76,LF Septic,LNOTE25LA00253
2025520736,25,76,MARBLED,LNOTE25LA00263
2025520743,25,77,+S3980,LNOTE25LA00334
2025520746,25,77,1ST,LNOTE25LA00427
2025520747,25,77,2ND,LNOTE25LA00428
2025520748,25,77,2ND,LNOTE25LA00443
2025520749,25,77,1ST,LNOTE25LA00444
2025520752,25,78,SPOTS,LNOTE25LA00479
2025520754,25,78,+Enteritis,LNOTE25LA00481
2025520763,25,78,EYES+BUMSPOT,LNOTE25LA00530
2025520764,25,78,EARTIPS,LNOTE25LA00531
2025520765,25,78,BIGHD.STUCK,LNOTE25LA00534
2025520774,25,80,Graft failed,LNOTE25LA00681
2025520776,25,80,No Y0775,LNOTE25LA00726
2025520785,25,82,BROKE.LEGS?,LNOTE25LA01116
2025520816,25,85,2@ONCE.FTT,LNOTE25LA01666
2025520818,25,85,2@1CENo Y0817,LNOTE25LA01667
2025520822,25,87,+Anorexia,LNOTE25LA01883
