id10,brd,sex
US82105968,10,1
US82106790,10,1
US82105703,10,1
US82105956,10,1
US82106766,10,1
US82106286,10,1
US82105872,10,1
US82102894,10,1
US82106100,10,1
US82106079,10,1
US82106401,10,1
US82106743,10,1
US82106469,10,1
US82106426,10,1
US82106396,10,1
US82106170,10,1
US82106092,10,1
US82106764,10,1
US82106022,10,1
US82106037,10,1
US82106233,10,1
US82106655,10,1
US82105896,10,1
US82106491,10,1
US82106068,10,1
US82105800,10,1
US82105814,10,1
US82105932,10,1
US82106274,10,1
US82106694,10,1
US82105830,10,1
US82106784,10,1
US82106441,10,1
US82105760,10,1
US82106366,10,1
US82106840,10,1
US82105882,10,1
US82106453,10,1
US82105795,10,1
US82106600,10,1
US82106280,10,1
2008644321,64,1
2009827402,82,1
2009055136,05,1
US45102637,10,1
US82115465,11,1
2009827276,82,1
2008452224,45,1
2009827353,82,1
2009054723,05,1
2009452648,45,1
US45101756,10,1
US82106227,10,1
US05102199,10,1
2009452566,45,1
US64114577,11,1
2009827416,82,1
US82106272,10,1
US81108105,10,1
2008452281,45,1
2008825716,82,1
2008054211,05,1
2007824409,82,1
2008826217,82,1
US64102480,10,1
2008451960,45,1
US45101312,10,1
2009452734,45,1
US64114588,11,1
2007825140,82,1
2007451661,45,1
US45102806,10,1
US05105491,10,1
2008000010,00,1
US82102505,10,1
2008826506,82,1
2008826090,82,1
US64102878,10,1
US82115019,11,1
US82105784,10,1
2007451486,45,1
2008451926,45,1
2007451609,45,1
US82107900,10,1
US82108075,10,1
2009006532,00,1
2009644423,64,1
2008826687,82,1
2008826042,82,1
2008054337,05,1
2008452028,45,1
2009827737,82,1
US64104353,10,1
2009827894,82,1
US82112985,11,1
US05102699,10,1
2008644312,64,1
2008825886,82,1
2008644272,64,1
2008000091,00,1
2009055142,05,1
2008644267,64,1
2008451923,45,1
2008826950,82,1
2008826539,82,1
2008452322,45,1
2008825725,82,1
2008644233,64,1
2007643987,64,1
2009452424,45,1
2008451982,45,1
2008451949,45,1
2007825398,82,1
2008826025,82,1
2008451894,45,1
2008826816,82,1
2008000017,00,1
2008452044,45,1
2007451615,45,1
2008826775,82,1
2006000535,00,1
2008452247,45,1
US04102057,10,1
2009006534,00,1
2008825950,82,1
US82107682,10,1
US11107349,10,1
US82100963,10,1
2008004737,00,1
US05104907,10,1
2007644090,64,1
2007644107,64,1
US82108119,10,1
2008825863,82,1
2010644665,64,1
2008008110,00,1
2008826202,82,1
2008000965,00,1
US82107745,10,1
2008826640,82,1
US82117565,11,1
US82107941,10,1
2008054357,05,1
2009006531,00,1
US82105385,10,1
US64107983,10,1
US64108015,10,1
US82107877,10,1
2008826670,82,1
2008053921,05,1
2007824570,82,1
2006450863,45,1
US82107687,10,1
US82107825,10,1
US82102683,10,1
2008053967,05,1
US81109546,10,1
US30103085,10,1
US64107866,10,1
2006823521,82,1
US81109924,10,1
US82102805,10,1
US82102952,10,1
US64117905,11,1
US82102827,10,1
2007451319,45,1
US82114711,11,1
2009827440,82,1
US11103030,10,1
US64102068,10,1
US45102687,10,1
US82105059,10,1
US82103083,10,1
2008826617,82,1
US82105239,10,1
2009117912,11,1
US82104531,10,1
US82105448,10,1
US82102623,10,1
US11106620,10,1
2009008645,00,1
2009827364,82,1
US82102988,10,1
US05105254,10,1
US82102825,10,1
2008826430,82,1
US64104593,10,1
US82104331,10,1
US82101674,10,1
2009700002,70,1
US82107996,10,1
2008452037,45,1
2008825692,82,1
2008826374,82,1
US82102634,10,1
US82103058,10,1
US82105181,10,1
US82103511,10,1
US82105217,10,1
US45101847,10,1
US82103044,10,1
US82107567,10,1
US45102154,10,1
2009054663,05,1
US82105216,10,1
US82105083,10,1
US82106507,10,1
US82103462,10,1
US82102998,10,1
US82112653,11,1
US82112998,11,1
US05102682,10,1
2007644025,64,1
2009700011,70,1
US82117754,11,1
US82103669,10,1
US45102508,10,1
US82108021,10,1
US05105419,10,1
US82101514,10,1
US82104823,10,1
2010453205,45,1
US82107917,10,1
US82100813,10,1
US64103682,10,1
US82107901,10,1
US64117834,11,1
2009006529,00,1
US05103195,10,1
US82107980,10,1
US82106923,10,1
US64104626,10,1
2008644327,64,1
US82105042,10,1
2008054155,05,1
2008054164,05,1
US82107948,10,1
US82102587,10,1
US11105109,10,1
US45102498,10,1
US05103179,10,1
US00107594,10,1
US82108099,10,1
2008053779,05,1
US05104810,10,1
2008054386,05,1
2008000172,00,1
US05102997,10,1
US05102201,10,1
2008117405,11,1
US82108160,10,1
2007000706,00,1
US64107944,10,1
US82107791,10,1
2008000190,00,1
2007000335,00,1
2007053545,05,1
2009055075,05,1
2007007142,00,1
2008053872,05,1
2009055110,05,1
US05105092,10,1
US82107614,10,1
2008053858,05,1
US82104651,10,1
2008000101,00,1
US45102624,10,1
2008644203,64,1
2008117297,11,1
US82101237,10,1
2007643879,64,1
2007000647,00,1
2007000388,00,1
US82107984,10,1
US64104269,10,1
2007116942,11,1
2007000712,00,1
US45102595,10,1
2007000390,00,1
US64114459,11,1
US05105026,10,1
US45102770,10,1
US82118115,11,1
2007000645,00,1
US82104899,10,1
2008000420,00,1
2009054806,05,1
2008054186,05,1
2008009057,00,1
US05103115,10,1
US82105137,10,1
2007116768,11,1
US64105528,10,1
US64107859,10,1
2008117255,11,1
US82104665,10,1
US82104527,10,1
2008117243,11,1
2007000353,00,1
US82107833,10,1
US82104744,10,1
2008117344,11,1
US82104765,10,1
2007007234,00,1
US82107985,10,1
US45102810,10,1
2007000454,00,1
2007000026,00,1
2008000814,00,1
US82104385,10,1
US82108070,10,1
2008000292,00,1
US64107930,10,1
2008117395,11,1
US82105187,10,1
US82105153,10,1
2008000538,00,1
US82107777,10,1
US64104822,10,1
US11107498,10,1
US82107731,10,1
2006002143,00,1
US05101223,10,1
US64107711,10,1
US64104199,10,1
2007000371,00,1
US82104775,10,1
US45102744,10,1
US00107383,10,1
US82105450,10,1
2008452235,45,1
2007000750,00,1
2008000071,00,1
US64107882,10,1
US82107456,10,1
2009452612,45,1
US64105288,10,1
US64105262,10,1
US82107967,10,1
US64107876,10,1
US82108191,10,1
US82107906,10,1
US82105344,10,1
US82106706,10,1
2009008640,00,1
US64107918,10,1
US64108109,10,1
US45102455,10,1
US64104817,10,1
2009008643,00,1
US82107989,10,1
US82103481,10,1
US82105266,10,1
US82107801,10,1
US45102525,10,1
2008117353,11,1
US45102518,10,1
US82105188,10,1
US64104767,10,1
US00107570,10,1
US45102471,10,1
US64105336,10,1
US82108071,10,1
US82103838,10,1
US82108110,10,1
2009700018,70,1
US82108116,10,1
US45102636,10,1
2008000082,00,1
US82107881,10,1
US82103846,10,1
US82105010,10,1
US82103802,10,1
US82107358,10,1
US82105089,10,1
US82105223,10,1
US64107977,10,1
US82104664,10,1
US82101087,10,1
US05104204,10,1
US82104834,10,1
US64108274,10,1
US64107482,10,1
US82108195,10,1
US82107968,10,1
US82107942,10,1
US82104599,10,1
US82105214,10,1
US82108048,10,1
US82107536,10,1
US82104627,10,1
US82104884,10,1
US82105043,10,1
US45102570,10,1
US64108129,10,1
US82102898,10,1
US82107925,10,1
US82104336,10,1
US11108039,10,1
US82108127,10,1
US82108173,10,1
US82101919,10,1
US45102746,10,1
US82101895,10,1
US82107962,10,1
2010453164,45,1
US82105027,10,1
US82104911,10,1
US64107572,10,1
US82107589,10,1
US82101541,10,1
2008117365,11,1
US64107909,10,1
US82106468,10,1
US64105045,10,1
US82105085,10,1
US05100834,10,1
US82104376,10,1
US82107714,10,1
US82100846,10,1
US82105355,10,1
US82105496,10,1
US82105964,10,1
2009452451,45,1
2009452482,45,1
US45102375,10,1
US05104494,10,1
US82102332,10,1
US45102533,10,1
US45102700,10,1
US45102694,10,1
US82105493,10,1
US45102567,10,1
US64108063,10,1
US82108076,10,1
US82107775,10,1
US64107774,10,1
US82107836,10,1
US82107646,10,1
US82106073,10,1
US82107575,10,1
US45102515,10,1
US11107944,10,1
US82102002,10,1
US82101056,10,1
US82108176,10,1
US45102697,10,1
US82105186,10,1
US82108172,10,1
US82107558,10,1
US82104993,10,1
US82105215,10,1
US45102768,10,1
US82106753,10,1
US82102297,10,1
US45102388,10,1
US45102685,10,1
2008000333,00,1
US64107683,10,1
US82101305,10,1
US82108091,10,1
US45102397,10,1
US82103414,10,1
US45101608,10,1
US45102787,10,1
US82106020,10,1
US45102437,10,1
US64105047,10,1
US64108034,10,1
US82107865,10,1
US82108049,10,1
US11107742,10,1
US64108205,10,1
US82108177,10,1
US82106288,10,1
US45102594,10,1
US64105305,10,1
US82114699,11,1
US82106300,10,1
US82102137,10,1
US45102667,10,1
US00107601,10,1
US00107998,10,1
US82102065,10,1
US82101592,10,1
US82109291,10,1
US82103956,10,1
US45102504,10,1
US82101943,10,1
US82106214,10,1
US82106620,10,1
US82107622,10,1
US82103280,10,1
US82107805,10,1
US82106843,10,1
US45102684,10,1
US82106629,10,1
US45102467,10,1
US82108056,10,1
US45102345,10,1
US45102655,10,1
US82107804,10,1
US82106667,10,1
US64107606,10,1
US82106614,10,1
US11107665,10,1
US45102060,10,1
US11101531,10,1
US82105926,10,1
US11103358,10,1
2008000075,00,1
US82101978,10,1
2007116633,11,1
US45102484,10,1
US82104809,10,1
US82101852,10,1
US82101258,10,1
US45102494,10,1
US82106537,10,1
US82106804,10,1
US82106752,10,1
US45102641,10,1
US82106570,10,1
US45102657,10,1
US64107508,10,1
US82104056,10,1
US82106675,10,1
US45102557,10,1
US82118204,11,1
US45102664,10,1
US82105809,10,1
US82107211,10,1
2008644306,64,1
US82106755,10,1
US82104396,10,1
US82107850,10,1
US00107535,10,1
US82103023,10,1
US82115244,11,1
US82103432,10,1
US82103104,10,1
US82101363,10,1
2007825391,82,1
US45102662,10,1
US45102682,10,1
US82104947,10,1
US82101313,10,1
US00107532,10,1
US82107973,10,1
US82106086,10,1
US82108007,10,1
US82106134,10,1
US82101869,10,1
US82107510,10,1
US82106669,10,1
US82103897,10,1
US82105319,10,1
US64107759,10,1
US82102151,10,1
US64105080,10,1
US45102763,10,1
US45102378,10,1
US82102119,10,1
US82100134,10,1
US45102835,10,1
US64104600,10,1
US82106137,10,1
2009644438,64,1
US82105470,10,1
US82106524,10,1
US82107607,10,1
US64107971,10,1
US82103469,10,1
US45102560,10,1
US82103361,10,1
US45102542,10,1
US82104955,10,1
US82104062,10,1
US82103210,10,1
2009117710,11,1
US82104299,10,1
US82107835,10,1
US00107555,10,1
US82105790,10,1
US82107637,10,1
US45102778,10,1
US82102192,10,1
US64104774,10,1
US82104453,10,1
US82107634,10,1
US82102429,10,1
US82107136,10,1
US82103239,10,1
US45102353,10,1
US64107622,10,1
US64108040,10,1
US45102497,10,1
US82107588,10,1
US45102441,10,1
US64105413,10,1
US45102489,10,1
US82106835,10,1
US64105468,10,1
US45102677,10,1
US45102439,10,1
US82107523,10,1
US45102553,10,1
US82103849,10,1
US82107248,10,1
US00107599,10,1
US00107554,10,1
US00107247,10,1
US82106569,10,1
US45102598,10,1
US82106564,10,1
US82106490,10,1
US82106305,10,1
US82106720,10,1
US82106819,10,1
US82105789,10,1
US82106355,10,1
US00107525,10,1
US82106833,10,1
US82106474,10,1
US45102359,10,1
US82104567,10,1
US82104367,10,1
US82103331,10,1
US45102558,10,1
US82105094,10,1
US82105781,10,1
US82100940,10,1
US82102460,10,1
US82101175,10,1
US82102360,10,1
US82107691,10,1
US82105737,10,1
US45102563,10,1
US82102785,10,1
US82107970,10,1
US82102312,10,1
US82106635,10,1
US82104945,10,1
US45102428,10,1
US82106672,10,1
US82102541,10,1
US45102521,10,1
US45102364,10,1
US82101121,10,1
US82103685,10,1
US45102472,10,1
US82102987,10,1
US82105499,10,1
US45102514,10,1
US82103101,10,1
US82105466,10,1
US82103057,10,1
US82107571,10,1
US64104983,10,1
US82105377,10,1
US82106421,10,1
US82101836,10,1
US82107893,10,1
US82106486,10,1
US82103699,10,1
US82108024,10,1
US82100904,10,1
US82104797,10,1
US45102530,10,1
US45102683,10,1
US82106322,10,1
US82107828,10,1
US82104946,10,1
US82101181,10,1
US64107570,10,1
US82103670,10,1
US82104830,10,1
US82102625,10,1
US82102991,10,1
US82105447,10,1
US82105275,10,1
US82103630,10,1
US82103228,10,1
US82105233,10,1
US82101754,10,1
US82102543,10,1
US82102286,10,1
US82100992,10,1
US82103454,10,1
US82105065,10,1
US82104828,10,1
US82104397,10,1
US82100806,10,1
US82103118,10,1
US82105084,10,1
US82105420,10,1
US82100821,10,1
US82100945,10,1
US82104185,10,1
US82103201,10,1
US82105155,10,1
US82101691,10,1
US82106926,10,1
US82103728,10,1
US82101746,10,1
US64107955,10,1
US82101037,10,1
US82102934,10,1
US82102810,10,1
USwn10nkno,10,1
US82100915,10,1
2010453380,45,1
US45112509,11,1
US82119163,11,1
2009055144,05,1
2010056478,05,1
2010700151,70,1
US05115907,11,1
2009452632,45,1
US64113595,11,1
US45112841,11,1
2010453401,45,1
US82129236,12,1
2010453077,45,1
2010644711,64,1
2011829831,82,1
US45112802,11,1
US45112572,11,1
2009827419,82,1
US82118650,11,1
US45112715,11,1
US64115703,11,1
US82119157,11,1
US82129274,12,1
2010055779,05,1
2011830098,83,1
US45113170,11,1
US05113083,11,1
US05112923,11,1
US45112489,11,1
2009827709,82,1
2010056452,05,1
2010056281,05,1
2009452718,45,1
2009117690,11,1
US82119261,11,1
2010828834,82,1
US64119061,11,1
US64115798,11,1
US05116003,11,1
US82118983,11,1
2009827321,82,1
US82116067,11,1
US05116027,11,1
US05116435,11,1
2008826749,82,1
2010828865,82,1
2010118166,11,1
US45114528,11,1
US36113682,11,1
US82118938,11,1
2009827352,82,1
2009117507,11,1
US82119210,11,1
2009055434,05,1
US82119116,11,1
2009055285,05,1
US82112971,11,1
US64119032,11,1
US64119067,11,1
2010829339,82,1
2010055750,05,1
US82113151,11,1
US82118948,11,1
2009054871,05,1
US82113094,11,1
US82118944,11,1
US82110512,11,1
US82127921,12,1
US82113213,11,1
US82115652,11,1
US82112888,11,1
2009055183,05,1
US82119192,11,1
US82126198,12,1
2010700165,70,1
US82113121,11,1
US82125958,12,1
US82119297,11,1
US64119303,11,1
US82115914,11,1
2009827303,82,1
US82119214,11,1
US82113034,11,1
2012001459,00,1
US57115731,11,1
US45112738,11,1
US45112713,11,1
US82119416,11,1
2009827287,82,1
US82113201,11,1
US05115684,11,1
US82115759,11,1
US05115991,11,1
US45113021,11,1
US82112980,11,1
2009700022,70,1
US82119460,11,1
US82116164,11,1
US82118521,11,1
2009055154,05,1
US82112855,11,1
US64119213,11,1
2009644523,64,1
2011056969,05,1
US82118740,11,1
US82119382,11,1
US82119243,11,1
US82119284,11,1
US64119016,11,1
US70110143,11,1
US82126116,12,1
US82113099,11,1
US82113064,11,1
2009827605,82,1
US82128056,12,1
2009827702,82,1
US82119327,11,1
US82119491,11,1
US11117454,11,1
US82119312,11,1
US05115384,11,1
US64119575,11,1
US82113029,11,1
US64119278,11,1
US82119034,11,1
US05115912,11,1
US82113168,11,1
US45112815,11,1
US82116209,11,1
2010118451,11,1
US82119461,11,1
2011001449,00,1
US70110168,11,1
US82116002,11,1
US82119283,11,1
US45112403,11,1
US82115984,11,1
US82115893,11,1
US64129193,12,1
US82129598,12,1
2008000551,00,1
US64114331,11,1
2010700129,70,1
US11118454,11,1
US45112549,11,1
US82116154,11,1
US64116244,11,1
US11117498,11,1
US64118925,11,1
2009008642,00,1
US64116509,11,1
US82113313,11,1
2009006533,00,1
US82119267,11,1
US64119372,11,1
US82119004,11,1
US82128309,12,1
US82113248,11,1
2009644434,64,1
US82119103,11,1
US82113316,11,1
US82115970,11,1
US82119564,11,1
2007644044,64,1
2009006530,00,1
US82118911,11,1
US64115001,11,1
US82119019,11,1
US83136262,13,1
US64115725,11,1
2010453433,45,1
US82118962,11,1
2009008644,00,1
US82112873,11,1
US82118159,11,1
US82116094,11,1
US82119102,11,1
US82119031,11,1
US82116272,11,1
US82113314,11,1
US82115994,11,1
US82118023,11,1
US82115411,11,1
US82113361,11,1
US11116620,11,1
US82119480,11,1
US05116135,11,1
US82116437,11,1
US82110660,11,1
2010118532,11,1
US82115748,11,1
US05115802,11,1
US82115769,11,1
US82113065,11,1
US05116517,11,1
US82115926,11,1
US82113194,11,1
US82116369,11,1
US82115956,11,1
US64115900,11,1
US82116384,11,1
US64117618,11,1
US82115812,11,1
2009827237,82,1
US45112773,11,1
US82113378,11,1
US82115767,11,1
US82112970,11,1
US82113144,11,1
US82115836,11,1
US82113470,11,1
US82119407,11,1
US82113231,11,1
US64119062,11,1
US82114805,11,1
US82113318,11,1
US82116119,11,1
US82117519,11,1
2009827224,82,1
US82118970,11,1
US82113427,11,1
US82119218,11,1
US64119481,11,1
US82115886,11,1
US82119418,11,1
US82115622,11,1
US82119217,11,1
US82119036,11,1
US82119052,11,1
US82119521,11,1
US82116480,11,1
US82119093,11,1
US64119472,11,1
US82119168,11,1
US82117812,11,1
US82115356,11,1
US82118695,11,1
US82115489,11,1
US82119515,11,1
US64115306,11,1
2008008639,00,1
US82119231,11,1
US82118946,11,1
US82119509,11,1
US82115711,11,1
US82116146,11,1
US82128188,12,1
US82119381,11,1
2009008641,00,1
US82116167,11,1
US64115158,11,1
US82129335,12,1
US82118381,11,1
US82116177,11,1
US82117700,11,1
2010453312,45,1
US82115825,11,1
US64116382,11,1
US82119566,11,1
US82118007,11,1
US82110346,11,1
US82116381,11,1
2008000345,00,1
US82112364,11,1
US82119211,11,1
US64119332,11,1
US82115222,11,1
US82117620,11,1
2009827415,82,1
US64119046,11,1
US82113054,11,1
US64115744,11,1
US82116010,11,1
US64116388,11,1
2009117651,11,1
US64115771,11,1
US64115835,11,1
US82116389,11,1
US82118920,11,1
US82117976,11,1
US82119415,11,1
US82115749,11,1
US64117567,11,1
US82117860,11,1
US82116415,11,1
US82119358,11,1
US82117964,11,1
US82115686,11,1
US64115033,11,1
US82117940,11,1
US82116147,11,1
US64117939,11,1
US82118013,11,1
US82117998,11,1
US82115180,11,1
US82119408,11,1
US82112771,11,1
US82119247,11,1
US82116100,11,1
2009117654,11,1
US82119063,11,1
2010828575,82,1
US82116048,11,1
US82117635,11,1
US82119510,11,1
US64119346,11,1
2011057260,05,1
US82119265,11,1
US64117728,11,1
US82117729,11,1
US82115813,11,1
2010828796,82,1
US82113124,11,1
US82117956,11,1
US64117491,11,1
US64117625,11,1
US82118167,11,1
2009117521,11,1
US82112821,11,1
US82118190,11,1
US82119747,11,1
US64114807,11,1
US82119417,11,1
2009008646,00,1
US82118274,11,1
US64115751,11,1
US82118031,11,1
US82113914,11,1
2010055687,05,1
2010829282,82,1
US82113259,11,1
US82115048,11,1
2008000179,00,1
US82117749,11,1
US82117837,11,1
US82113406,11,1
US82112359,11,1
US82117842,11,1
US82118268,11,1
US64118002,11,1
US64116306,11,1
US64115933,11,1
US82117819,11,1
2010828622,82,1
US64119525,11,1
US82117823,11,1
US11115109,11,1
US82113376,11,1
US82113008,11,1
US82113270,11,1
US82118499,11,1
US82118193,11,1
US82113255,11,1
US82112853,11,1
US82119095,11,1
US82116016,11,1
US82112470,11,1
US82112415,11,1
US82115603,11,1
US82115768,11,1
US82115752,11,1
US82113087,11,1
US82119020,11,1
US64116055,11,1
US82113415,11,1
US82118415,11,1
US82118982,11,1
US64118553,11,1
US82117786,11,1
US82115225,11,1
US82129501,12,1
US82115760,11,1
US64119565,11,1
US82116309,11,1
US64118461,11,1
US82117732,11,1
US64116018,11,1
US82119114,11,1
US82118986,11,1
US82119296,11,1
US82129507,12,1
US82119096,11,1
US82116438,11,1
US82118158,11,1
2010828804,82,1
US64130428,13,1
US82128947,12,1
US82128906,12,1
2009827486,82,1
US82129261,12,1
2010828755,82,1
2011700495,70,1
US82122849,12,1
2009827343,82,1
2011056777,05,1
2010700105,70,1
2012454439,45,1
US45122984,12,1
2011056587,05,1
2010453138,45,1
2010700139,70,1
2010828610,82,1
US82129431,12,1
2010453250,45,1
2011001458,00,1
2010453033,45,1
US64136709,13,1
2010828830,82,1
2012454543,45,1
US82128521,12,1
2011453862,45,1
2010700239,70,1
2010828836,82,1
US82128667,12,1
US82129538,12,1
2010055860,05,1
US64120358,12,1
US82126215,12,1
2010828671,82,1
2011056952,05,1
2010700107,70,1
US82120261,12,1
US05126982,12,1
US82128394,12,1
2010056005,05,1
US82128253,12,1
US64128243,12,1
2010118405,11,1
US82128529,12,1
US82126850,12,1
2010118294,11,1
US64120359,12,1
US82128236,12,1
US82130595,13,1
US82123252,12,1
US64128291,12,1
US82128133,12,1
US82129286,12,1
US82128459,12,1
US64128186,12,1
US82120446,12,1
US82128212,12,1
US82120575,12,1
US82128359,12,1
2011118751,11,1
US82128205,12,1
US82128941,12,1
US82120488,12,1
US82120553,12,1
2010453214,45,1
US82128590,12,1
US82120414,12,1
US82129411,12,1
US82128429,12,1
US82128403,12,1
2010453264,45,1
US83137124,13,1
2010453383,45,1
US64120230,12,1
US82128580,12,1
US64128240,12,1
US82120535,12,1
2010828729,82,1
2010453307,45,1
2010056258,05,1
US64120442,12,1
US82128517,12,1
US82120523,12,1
US82128336,12,1
US82129123,12,1
US82128490,12,1
US82128460,12,1
US82126584,12,1
US64128500,12,1
US83120515,12,1
US82128419,12,1
US82128407,12,1
US82125805,12,1
US82128937,12,1
US64128478,12,1
2010644706,64,1
US82126459,12,1
US82128131,12,1
US82128350,12,1
US70120306,12,1
US82128600,12,1
US82128416,12,1
US64126680,12,1
US64128501,12,1
US64120288,12,1
US82128364,12,1
US82120705,12,1
US82128578,12,1
US82126683,12,1
US82120239,12,1
US82128554,12,1
US82126015,12,1
US64128495,12,1
US82128342,12,1
US82128540,12,1
US82126573,12,1
US82127208,12,1
US82128349,12,1
US82129070,12,1
US82128249,12,1
US82127245,12,1
US82126672,12,1
US82129547,12,1
US82128661,12,1
US82120265,12,1
US82126807,12,1
US64126510,12,1
US82126878,12,1
US82128848,12,1
US82126848,12,1
US82126216,12,1
2010828596,82,1
US64128579,12,1
US82128150,12,1
2010118107,11,1
US82120586,12,1
US64128575,12,1
US82128273,12,1
US64120639,12,1
US64120574,12,1
US82128182,12,1
US82128299,12,1
US82126729,12,1
US82126650,12,1
US82128341,12,1
2010828686,82,1
US64120511,12,1
US82120426,12,1
2010452922,45,1
US82120687,12,1
US64127179,12,1
US82128284,12,1
US82120287,12,1
US82120583,12,1
US82120573,12,1
US83120609,12,1
US82129093,12,1
US64128670,12,1
US64120268,12,1
US82128397,12,1
US64128189,12,1
US82120369,12,1
US82120513,12,1
US82120676,12,1
US82126739,12,1
2010828670,82,1
US82120704,12,1
US82128576,12,1
US82128263,12,1
US82120449,12,1
US82120480,12,1
US82127299,12,1
US82120637,12,1
US64120531,12,1
US64128331,12,1
US82128688,12,1
US64126796,12,1
US82126921,12,1
US64120633,12,1
US82126751,12,1
US82120605,12,1
US82120503,12,1
US82127097,12,1
2010453469,45,1
US82120563,12,1
US82120317,12,1
US82126772,12,1
US64127133,12,1
US82120471,12,1
US64127270,12,1
US82126669,12,1
US82127082,12,1
US82128410,12,1
US64120662,12,1
US82120626,12,1
US82127006,12,1
US64127339,12,1
US82120621,12,1
US82128548,12,1
US82120546,12,1
US82120686,12,1
US11128962,12,1
US82120754,12,1
2012001454,00,1
US64128803,12,1
US82120619,12,1
US82120669,12,1
US82120316,12,1
US64120244,12,1
US82127186,12,1
US82120678,12,1
US64127331,12,1
US82127023,12,1
US82120665,12,1
US82120360,12,1
US64128703,12,1
US82120421,12,1
US82120712,12,1
US83120388,12,1
US82120566,12,1
US82120448,12,1
US82120572,12,1
US82128085,12,1
US82120683,12,1
US64120532,12,1
US82126597,12,1
US82120394,12,1
US64120685,12,1
US82120517,12,1
US82120420,12,1
US82120674,12,1
US82128800,12,1
US82120673,12,1
US64126727,12,1
US82120565,12,1
2010644612,64,1
US82120514,12,1
US82127143,12,1
US64129086,12,1
US64128720,12,1
US82129108,12,1
US82128980,12,1
US64127315,12,1
US82130445,13,1
US82126644,12,1
US82128691,12,1
US82120525,12,1
US82129033,12,1
US82120600,12,1
US82126634,12,1
US64128239,12,1
US82129297,12,1
US05137448,13,1
US70130667,13,1
2012001460,00,1
US70130296,13,1
US70130514,13,1
2011453748,45,1
US70130833,13,1
2010453158,45,1
2011001457,00,1
2011700341,70,1
2011057324,05,1
US83130963,13,1
US70130403,13,1
US70130556,13,1
US05137896,13,1
US70130787,13,1
2010055936,05,1
2011700492,70,1
US70130707,13,1
2012454524,45,1
2012454366,45,1
2012454198,45,1
2011453643,45,1
2012454375,45,1
2012454240,45,1
2010644648,64,1
US45133620,13,1
2011830053,83,1
2011829950,82,1
2012831286,83,1
2011007410,00,1
2011454034,45,1
US82138982,13,1
2011700524,70,1
US70130588,13,1
US83138692,13,1
2010828924,82,1
2011700476,70,1
US83130989,13,1
US82130654,13,1
2010056039,05,1
US82136917,13,1
2011057150,05,1
2011118988,11,1
2012001456,00,1
2012001455,00,1
2011057199,05,1
2011830206,83,1
US83137167,13,1
US64136901,13,1
US82137175,13,1
US83130707,13,1
US83138766,13,1
2011119101,11,1
2011830785,83,1
US64136977,13,1
US83139061,13,1
2010055934,05,1
US83136916,13,1
US70130620,13,1
US83136685,13,1
US83130728,13,1
2012454177,45,1
US82136885,13,1
2011700482,70,1
2011453802,45,1
US82130666,13,1
US82130361,13,1
US82137216,13,1
2011700277,70,1
US83131275,13,1
US83130332,13,1
US82137033,13,1
US83136632,13,1
US83139080,13,1
2011453685,45,1
2010118421,11,1
US83137121,13,1
US45134646,13,1
US83131209,13,1
US82138765,13,1
US82136882,13,1
US82139120,13,1
US83130782,13,1
US83139037,13,1
2011118832,11,1
2011119071,11,1
US.0130000,13,1
US64138918,13,1
US82138681,13,1
2011700289,70,1
US82139060,13,1
US82130427,13,1
US82130530,13,1
US82137041,13,1
US82139053,13,1
US83138678,13,1
US11138993,13,1
US82138663,13,1
US82136845,13,1
US82139063,13,1
US64138886,13,1
US64138952,13,1
US64148888,14,1
2012119420,11,1
US83131291,13,1
US82138881,13,1
US82139068,13,1
US82130732,13,1
US82136925,13,1
US82130590,13,1
US82138880,13,1
US82137253,13,1
US64137379,13,1
US82139076,13,1
US82130422,13,1
US82130568,13,1
US64139026,13,1
US83136884,13,1
US64139109,13,1
US83138790,13,1
US82138931,13,1
2011118986,11,1
US64136747,13,1
US82138861,13,1
US82137191,13,1
US83138883,13,1
US83138798,13,1
US82139030,13,1
US83130740,13,1
US82138922,13,1
US82130243,13,1
US82138857,13,1
US83138682,13,1
US82138739,13,1
US82130579,13,1
US45134146,13,1
US82138718,13,1
US82138899,13,1
US82134826,13,1
US82133923,13,1
US83139114,13,1
US64139057,13,1
2011118760,11,1
US82134013,13,1
2011118715,11,1
US82137076,13,1
US64130385,13,1
US82133760,13,1
US82133979,13,1
US82137168,13,1
US82138722,13,1
US82130700,13,1
US82139069,13,1
US82138697,13,1
US82133728,13,1
US64137341,13,1
US64139031,13,1
US82138734,13,1
US83136900,13,1
US64138758,13,1
US82139875,13,1
US82134834,13,1
US82133562,13,1
US82137377,13,1
US82133738,13,1
2011830002,83,1
US82136849,13,1
US45134116,13,1
US82133719,13,1
US82133789,13,1
US82130751,13,1
2012119194,11,1
US82138658,13,1
2012119205,11,1
US82141335,14,1
US82133930,13,1
US82131358,13,1
US82130670,13,1
US82130476,13,1
US82130625,13,1
US82133772,13,1
US82133678,13,1
US82131026,13,1
US82131375,13,1
US82133541,13,1
US82130436,13,1
US82133587,13,1
US82130577,13,1
US82133679,13,1
US45133602,13,1
US82134030,13,1
US82133815,13,1
2013831702,83,1
2013831788,83,1
US83151611,15,1
US70140993,14,1
US83151807,15,1
US83141713,14,1
US83149585,14,1
2013831823,83,1
2012057424,05,1
2013454825,45,1
2013058376,05,1
2012057881,05,1
US05147958,14,1
US70141191,14,1
US64144951,14,1
US45144309,14,1
2013644939,64,1
US83149663,14,1
US70141117,14,1
2010829661,82,1
2013454776,45,1
2013454950,45,1
US05147448,14,1
2013701441,70,1
2012057543,05,1
2012454656,45,1
2012454336,45,1
US45144317,14,1
2012454552,45,1
US83151751,15,1
2012454286,45,1
2012644858,64,1
US83149683,14,1
2011830370,83,1
US83141625,14,1
US83149674,14,1
US83149870,14,1
US05148169,14,1
US11148993,14,1
US83149846,14,1
2012700650,70,1
2011829851,82,1
US83151774,15,1
US83149733,14,1
US05148316,14,1
US83149706,14,1
US83149634,14,1
2012057809,05,1
2011644756,64,1
US83141809,14,1
US83149592,14,1
US83149570,14,1
US83149673,14,1
US83149735,14,1
US83149693,14,1
2012831226,83,1
US83149662,14,1
2012454626,45,1
US83149579,14,1
US83149643,14,1
US83149758,14,1
2012119554,11,1
2013831598,83,1
US83149630,14,1
2012644875,64,1
US83149632,14,1
US83149607,14,1
US83149906,14,1
2012830964,83,1
US64144959,14,1
2012454422,45,1
2012454411,45,1
2012119366,11,1
US83149942,14,1
US83149753,14,1
US83141245,14,1
US83149711,14,1
US83149849,14,1
2013831488,83,1
US82141003,14,1
US83149639,14,1
US83149686,14,1
US83149599,14,1
2012119215,11,1
US83149902,14,1
US83149797,14,1
US83149650,14,1
US83149879,14,1
US83149872,14,1
US83149759,14,1
2012119425,11,1
US83149923,14,1
US83149618,14,1
US83149568,14,1
US83149609,14,1
US83149812,14,1
US64144992,14,1
US83149728,14,1
US83149745,14,1
US83149717,14,1
US83149795,14,1
US83149751,14,1
2012454636,45,1
US83149809,14,1
US83149598,14,1
US83149602,14,1
US83149960,14,1
US83149920,14,1
2010644696,64,1
US83149682,14,1
US83149678,14,1
US83149633,14,1
US82144559,14,1
US83149744,14,1
US82142177,14,1
US82142188,14,1
US83149911,14,1
US82144006,14,1
US11159997,15,1
US83151625,15,1
2013701339,70,1
2014701564,70,1
US12150048,15,1
US70150993,15,1
US83151671,15,1
US70151613,15,1
2012831114,83,1
2014000743,00,1
2013058137,05,1
US45155533,15,1
2014000733,00,1
US11159677,15,1
2014006300,00,1
2013119647,11,1
2013058093,05,1
2012119327,11,1
2013455017,45,1
2013701368,70,1
2013058327,05,1
2012454387,45,1
2012831184,83,1
2013119928,11,1
2013119829,11,1
2012057479,05,1
2014006298,00,1
2013119597,11,1
2014455603,45,1
2013831765,83,1
2012700762,70,1
US45155307,15,1
2012454414,45,1
2013119596,11,1
2014701614,70,1
US83151614,15,1
2014006297,00,1
2013454948,45,1
US83160265,16,1
US83151595,15,1
2013832066,83,1
US83159918,15,1
2013701175,70,1
2014003206,00,1
US83151566,15,1
US83155043,15,1
US83151663,15,1
US83151699,15,1
US83155063,15,1
2013006302,00,1
US83155007,15,1
US70151602,15,1
US83152274,15,1
2015059233,05,1
US83179235,17,1
2015058894,05,1
2014003208,00,1
2016833688,83,1
2016005163,00,1
US12160400,16,1
2014701549,70,1
2013058061,05,1
2013058210,05,1
2014003211,00,1
2014120123,12,1
US11169677,16,1
2013701151,70,1
2013119922,11,1
2016006581,00,1
2014120209,12,1
2014000737,00,1
2016006578,00,1
2014058715,05,1
2015004100,00,1
2014119999,11,1
2014000742,00,1
US83173004,17,1
US83179190,17,1
2014000735,00,1
2017059684,05,1
2014120041,12,1
2014003210,00,1
2015832797,83,1
2015120611,12,1
US45165862,16,1
2014058543,05,1
US12160449,16,1
2014003203,00,1
2016456313,45,1
2015120404,12,1
2014832574,83,1
2014120052,12,1
2014000736,00,1
2014003202,00,1
2014006301,00,1
2013000739,00,1
2015456126,45,1
2013000740,00,1
2014119992,11,1
2015832945,83,1
2015059065,05,1
2014455331,45,1
2015701676,70,1
2013454854,45,1
2015701690,70,1
2017702000,70,1
2014455424,45,1
2015004108,00,1
2013000732,00,1
2015058840,05,1
2015455845,45,1
2015001125,00,1
2015701701,70,1
US83162908,16,1
2015059130,05,1
2014455618,45,1
2013119841,11,1
2015832695,83,1
US83162849,16,1
2013000741,00,1
US83165415,16,1
2013644942,64,1
2015120570,12,1
US83162825,16,1
2014006299,00,1
US12160286,16,1
2016120801,12,1
2016004110,00,1
US83168615,16,1
US00170376,17,1
US83165568,16,1
2016006582,00,1
US45165369,16,1
US83165652,16,1
2014000738,00,1
US12160093,16,1
US83165690,16,1
USVEUIDDAM,UI,1
2014058787,05,1
2014058507,05,1
2015001124,00,1
2015120548,12,1
2015120668,12,1
2015455918,45,1
2015455932,45,1
2015006583,00,1
2015006580,00,1
2013644960,64,1
US70171791,17,1
US70171751,17,1
2015701665,70,1
US70171776,17,1
US70171757,17,1
US70171742,17,1
US83179225,17,1
US00176254,17,1
US83172771,17,1
US83173849,17,1
US83173276,17,1
US83174008,17,1
US83173238,17,1
US83173278,17,1
US83173223,17,1
US83173962,17,1
US83173333,17,1
2014832458,83,1
US83174014,17,1
2014832306,83,1
US83176436,17,1
2014004085,00,1
2015004086,00,1
US70171050,17,1
2015004105,00,1
US70176483,17,1
US00173393,17,1
2015004102,00,1
2014003212,00,1
2015832748,83,1
US83176413,17,1
US00170982,17,1
US83171743,17,1
2015004104,00,1
US70176374,17,1
US70170830,17,1
US00170748,17,1
US83170907,17,1
US83171032,17,1
US83170883,17,1
US00170920,17,1
US00171790,17,1
US00173927,17,1
US00173756,17,1
US00173604,17,1
US83170779,17,1
US83170875,17,1
US83176354,17,1
US00176321,17,1
US00176371,17,1
US00170824,17,1
US70173584,17,1
US70170795,17,1
2015004099,00,1
US83173749,17,1
2015004101,00,1
2015832941,83,1
US83173234,17,1
US70170948,17,1
US83171785,17,1
US00171046,17,1
US00176439,17,1
US83171038,17,1
US83170827,17,1
2015701721,70,1
US00176366,17,1
US00170755,17,1
US00176355,17,1
US00173266,17,1
US83171822,17,1
US70170923,17,1
US83170847,17,1
US83171800,17,1
US83173581,17,1
US70173313,17,1
US83170977,17,1
US00176541,17,1
US70176389,17,1
2015004103,00,1
US70176369,17,1
US00176431,17,1
2015004106,00,1
US70176395,17,1
US83171023,17,1
US83170853,17,1
US70171016,17,1
US70173862,17,1
US70176476,17,1
US00176387,17,1
US70176519,17,1
2014003204,00,1
US70176434,17,1
US00171060,17,1
US00171744,17,1
US83170955,17,1
US83171765,17,1
US70176510,17,1
US70171066,17,1
US83176429,17,1
US70173833,17,1
US70176352,17,1
US00170769,17,1
US83176364,17,1
US00170773,17,1
US83176320,17,1
US00171098,17,1
US83171857,17,1
2014000734,00,1
US83171753,17,1
US70173399,17,1
US70176340,17,1
US70173485,17,1
US00170848,17,1
US00171754,17,1
US83170761,17,1
US70171042,17,1
US83176345,17,1
US00173800,17,1
US70170749,17,1
US00173281,17,1
US70170835,17,1
US00173868,17,1
US83170751,17,1
US83176386,17,1
US83171092,17,1
US00171040,17,1
US70170999,17,1
US83170903,17,1
US70171090,17,1
US70170861,17,1
US70170984,17,1
US70171005,17,1
US83176397,17,1
US00173740,17,1
US83170765,17,1
US00171848,17,1
US70170928,17,1
US70170770,17,1
US70173529,17,1
US00176524,17,1
US00176347,17,1
US00171793,17,1
US83170771,17,1
US00171762,17,1
US70171118,17,1
US00173827,17,1
US83176469,17,1
US00171823,17,1
US83176466,17,1
US83171073,17,1
US83173498,17,1
US00176518,17,1
US00171749,17,1
US70173267,17,1
US00170877,17,1
US70173762,17,1
US00171068,17,1
US83173599,17,1
US70171025,17,1
US00173583,17,1
US83176511,17,1
US70170760,17,1
US00173793,17,1
US00170868,17,1
US00170997,17,1
US83176392,17,1
US83173686,17,1
US70170843,17,1
US70176310,17,1
US83176499,17,1
US70170788,17,1
US70176572,17,1
US00171053,17,1
US70176446,17,1
US70170934,17,1
US83176560,17,1
US70176428,17,1
US00170855,17,1
US00171033,17,1
US70176567,17,1
US83171067,17,1
US00171815,17,1
US70170995,17,1
US83176479,17,1
US70173906,17,1
US70170849,17,1
US70170777,17,1
US83170938,17,1
US83171835,17,1
US83173792,17,1
US83174013,17,1
US83176328,17,1
US83171000,17,1
US83176506,17,1
US83171846,17,1
US83176522,17,1
US00176475,17,1
US00171024,17,1
US70176412,17,1
US00171074,17,1
US00176536,17,1
US12170093,17,1
2016001497,00,1
US12170503,17,1
2015001126,00,1
US12170840,17,1
US12170869,17,1
2015001938,00,1
2015120583,12,1
2014001500,00,1
2016005171,00,1
2016120791,12,1
US12171093,17,1
2016701872,70,1
2016701863,70,1
2016701834,70,1
2016833355,83,1
US70183277,18,1
US83173280,17,1
2016005162,00,1
US83173381,17,1
US70183386,18,1
2016120912,12,1
2016833484,83,1
2016001499,00,1
2016120908,12,1
2015001932,00,1
US70183992,18,1
2015832949,83,1
2015832682,83,1
US00174124,17,1
2016006884,00,1
2016006886,00,1
2015456093,45,1
US83189300,18,1
2016005166,00,1
2016005169,00,1
2016701864,70,1
2016005170,00,1
2015832972,83,1
US70189745,18,1
US83189584,18,1
US05189601,18,1
2016701772,70,1
2017834867,83,1
2016833332,83,1
2016059422,05,1
2016121013,12,1
2017059845,05,1
2017121401,12,1
US00189868,18,1
US70184330,18,1
US83181346,18,1
US00189637,18,1
US00186585,18,1
US83181139,18,1
US83184701,18,1
2016833283,83,1
US83185010,18,1
US83189709,18,1
US45186495,18,1
US83181896,18,1
2014832544,83,1
2016059384,05,1
US83186736,18,1
US70181365,18,1
US00189926,18,1
2016833427,83,1
US00184874,18,1
2017059866,05,1
US83189889,18,1
US70181287,18,1
US83189732,18,1
US00186791,18,1
US83181288,18,1
US83181322,18,1
US00181206,18,1
2017059641,05,1
US00186841,18,1
US05189661,18,1
US70181278,18,1
US00184919,18,1
2017005242,00,1
US70189722,18,1
US00182001,18,1
US05189786,18,1
US70181350,18,1
US70186694,18,1
US70184153,18,1
US00181215,18,1
2016833254,83,1
US00181436,18,1
US70181920,18,1
US70186623,18,1
2016456342,45,1
2016701781,70,1
2016121069,12,1
US83184875,18,1
US70181232,18,1
US83186817,18,1
US00186691,18,1
US70186774,18,1
US83186673,18,1
US00185132,18,1
US12181286,18,1
US83181488,18,1
2017701902,70,1
2016001501,00,1
US70184907,18,1
2016006883,00,1
US00181267,18,1
US12181416,18,1
US70184022,18,1
US83189683,18,1
US70181311,18,1
2016456516,45,1
US83182007,18,1
US70184213,18,1
US70189884,18,1
US70181166,18,1
US83185153,18,1
US00181175,18,1
US00181974,18,1
US00181985,18,1
2016456502,45,1
US00181348,18,1
2016833365,83,1
US83184497,18,1
US45186597,18,1
2016001498,00,1
2017121387,12,1
2016005168,00,1
US83181454,18,1
US70189796,18,1
US70189648,18,1
US00186662,18,1
US00186728,18,1
US70181326,18,1
US00181926,18,1
US83186587,18,1
US83184937,18,1
US83181443,18,1
US70181385,18,1
2016456406,45,1
US00181949,18,1
US83184746,18,1
US83186700,18,1
US83185146,18,1
US00181352,18,1
US00185150,18,1
US70181928,18,1
US70184230,18,1
US70186663,18,1
US70189697,18,1
US70181157,18,1
US00181190,18,1
US83184568,18,1
US83186628,18,1
US83181355,18,1
US83186752,18,1
US12181337,18,1
US70184673,18,1
US00189841,18,1
US70186713,18,1
US83181351,18,1
US70185173,18,1
2017456753,45,1
US83189766,18,1
US70184169,18,1
US83186609,18,1
US00186776,18,1
US83181369,18,1
2017834498,83,1
2017834662,83,1
US83186839,18,1
US83184832,18,1
US70189852,18,1
US83181921,18,1
US83181884,18,1
US83181167,18,1
US70184157,18,1
US83181435,18,1
US70184256,18,1
US83186667,18,1
US00186796,18,1
US64185175,18,1
US83186803,18,1
US00184124,18,1
US83181947,18,1
US12181376,18,1
US70183966,18,1
US00186589,18,1
US70184139,18,1
US70181145,18,1
US83184822,18,1
US00181382,18,1
US83186787,18,1
US70184070,18,1
US00181328,18,1
US70181208,18,1
2016701756,70,1
US83184705,18,1
US83184635,18,1
US83184142,18,1
US83185100,18,1
US83186659,18,1
US00181341,18,1
US83184836,18,1
2017834439,83,1
US00189689,18,1
US83185138,18,1
US83184908,18,1
US83184788,18,1
US83186689,18,1
US83181381,18,1
US00186614,18,1
US70185152,18,1
US70181987,18,1
US83184928,18,1
US83185057,18,1
US83184637,18,1
US70189677,18,1
US70186782,18,1
US83181254,18,1
US70186820,18,1
US00189896,18,1
US70186723,18,1
US00184537,18,1
US83185047,18,1
US70186810,18,1
US70184173,18,1
US70184553,18,1
US83185114,18,1
US83181936,18,1
US70186836,18,1
US70184132,18,1
US70181895,18,1
US83189853,18,1
US83186767,18,1
US70184156,18,1
US70186605,18,1
US70184830,18,1
US70181912,18,1
US83181185,18,1
US83185077,18,1
US70186765,18,1
US00181323,18,1
US83184675,18,1
US83181909,18,1
US70185133,18,1
US70186704,18,1
US00186818,18,1
US70185137,18,1
US70185181,18,1
US00181903,18,1
US83184737,18,1
US83181228,18,1
US83184974,18,1
US00185136,18,1
US00186772,18,1
US00181238,18,1
US83181234,18,1
US70186847,18,1
US83184807,18,1
US70181194,18,1
US00185177,18,1
US00186636,18,1
US00185080,18,1
US00181452,18,1
US83189910,18,1
US83181992,18,1
US00185062,18,1
US83184956,18,1
US83181359,18,1
US00181397,18,1
US00186814,18,1
US83181983,18,1
US83181961,18,1
US83181976,18,1
US70181939,18,1
US00185186,18,1
US83186601,18,1
US83181151,18,1
US70181413,18,1
US00184697,18,1
US70186816,18,1
US83184650,18,1
US00184663,18,1
2016701830,70,1
US00181958,18,1
US83181841,18,1
US00189740,18,1
US83181971,18,1
US00186641,18,1
US00185154,18,1
US83181957,18,1
US00181964,18,1
US83181336,18,1
US83181163,18,1
US00181419,18,1
US83181309,18,1
US00184742,18,1
US83181407,18,1
US00181230,18,1
US83181313,18,1
US83186858,18,1
US70186747,18,1
US00186764,18,1
US00181990,18,1
US83181261,18,1
US83186823,18,1
US70181319,18,1
US70181975,18,1
US70181353,18,1
US00186703,18,1
US70181259,18,1
US83186775,18,1
2014001936,00,1
US83186795,18,1
US70185011,18,1
US83186763,18,1
US00181289,18,1
US83181340,18,1
US83185139,18,1
US70186866,18,1
US70186637,18,1
US70186669,18,1
US83181395,18,1
US83185170,18,1
US83186811,18,1
US70181394,18,1
US00181316,18,1
US83186538,18,1
US83184871,18,1
US83185182,18,1
US00185171,18,1
US83186706,18,1
US83189306,18,1
US83180038,18,1
US83185131,18,1
US83186314,18,1
US70185063,18,1
US83186404,18,1
US83184699,18,1
US00184749,18,1
2018457022,45,1
US45196942,19,1
US83195585,19,1
US83190089,19,1
US83195519,19,1
US70192033,19,1
2018702036,70,1
US00190081,19,1
US45196634,19,1
US83194676,19,1
US83190332,19,1
US06190124,19,1
US83190030,19,1
US70209976,20,1
2017001940,00,1
US83194434,19,1
US83190113,19,1
US83190196,19,1
2017059917,05,1
US51190032,19,1
US83195650,19,1
US83190234,19,1
US00190132,19,1
US83195849,19,1
US83190052,19,1
US83195010,19,1
US83190232,19,1
2017834610,83,1
US00190121,19,1
US83191904,19,1
US83195830,19,1
US70190202,19,1
US64195472,19,1
US00190149,19,1
US83190087,19,1
US83195529,19,1
US70190053,19,1
US64192048,19,1
US64191598,19,1
US00190113,19,1
US83190033,19,1
US64190078,19,1
2017834382,83,1
US00195334,19,1
US83190207,19,1
2019000715,00,1
US83191825,19,1
US83195933,19,1
US70196995,19,1
2017645155,64,1
2018835202,83,1
US83190066,19,1
2017059879,05,1
US00195657,19,1
US83195700,19,1
US00191594,19,1
US00195263,19,1
US64190002,19,1
US64191646,19,1
US83191711,19,1
US83190221,19,1
US70190081,19,1
US00195814,19,1
US64199994,19,1
US83195260,19,1
US83190094,19,1
US64199981,19,1
US83195480,19,1
US83190144,19,1
US64191792,19,1
US83195634,19,1
US70191586,19,1
US83195481,19,1
US83196048,19,1
US70191656,19,1
US70196906,19,1
2017701934,70,1
US83190203,19,1
2018456943,45,1
US00196139,19,1
US70196159,19,1
US70197014,19,1
US51190028,19,1
US00190136,19,1
US06190310,19,1
2017059784,05,1
US64190024,19,1
US64190278,19,1
US00197046,19,1
US00199989,19,1
US70190239,19,1
US83194967,19,1
US83192184,19,1
US64196237,19,1
US64195559,19,1
US64195426,19,1
US83194635,19,1
US83190223,19,1
US64195624,19,1
US83191555,19,1
US64190082,19,1
US83192051,19,1
US00191578,19,1
US64192031,19,1
US70190300,19,1
US83195381,19,1
US70197127,19,1
2016701808,70,1
US83190244,19,1
US83191635,19,1
US83196214,19,1
US83190014,19,1
US00192030,19,1
US00190246,19,1
US83192094,19,1
US45196979,19,1
2015001937,00,1
US64192116,19,1
US70190253,19,1
US00190198,19,1
US00190322,19,1
US00191662,19,1
US64191810,19,1
2017834282,83,1
US12191152,19,1
US00195482,19,1
US83192083,19,1
US00195764,19,1
US00192084,19,1
2017121361,12,1
US64190025,19,1
2015001941,00,1
US83190076,19,1
US00191826,19,1
2016833311,83,1
US00196029,19,1
2017834489,83,1
US00195538,19,1
US83191769,19,1
US70199974,19,1
US70191794,19,1
US64196259,19,1
US70190013,19,1
US12191881,19,1
US83192056,19,1
US64195599,19,1
US70196267,19,1
US83195394,19,1
2017001931,00,1
2016701752,70,1
US70190003,19,1
US83190023,19,1
US83190019,19,1
US00196225,19,1
US83191609,19,1
US70192087,19,1
2016059421,05,1
US64195985,19,1
US83190059,19,1
US83191570,19,1
US83191650,19,1
US83190193,19,1
US00190024,19,1
2015001946,00,1
US70191669,19,1
2018007471,00,1
US83190056,19,1
US00195213,19,1
US70190026,19,1
US00191623,19,1
US83196317,19,1
US83192142,19,1
2016005161,00,1
2018457091,45,1
US83190309,19,1
US83196954,19,1
US83195224,19,1
US70195633,19,1
US83196290,19,1
US12191807,19,1
US83190134,19,1
US83195349,19,1
US83190075,19,1
US83199987,19,1
2017121159,12,1
US00195205,19,1
2017701981,70,1
US83190170,19,1
US00190070,19,1
US70190279,19,1
US00191639,19,1
US70195986,19,1
US00190224,19,1
US83190006,19,1
US83190255,19,1
US00196112,19,1
US00190175,19,1
US64196326,19,1
US00195619,19,1
US64199968,19,1
US83195870,19,1
US00196004,19,1
US06190339,19,1
US00196314,19,1
US64196196,19,1
US00190077,19,1
US83195225,19,1
US70195393,19,1
2016833622,83,1
US64190009,19,1
US83190186,19,1
US83192109,19,1
2017834277,83,1
US83199978,19,1
US00190164,19,1
US70190263,19,1
US64197021,19,1
US70190049,19,1
US70190192,19,1
US83191535,19,1
US83191697,19,1
US70190125,19,1
US64195184,19,1
US00192135,19,1
US83196003,19,1
US70195362,19,1
US00190311,19,1
US70195901,19,1
US00190059,19,1
US00190103,19,1
US83190005,19,1
US64196903,19,1
US70195562,19,1
US70191812,19,1
US70197071,19,1
US83190111,19,1
US83196176,19,1
US83190173,19,1
US51190023,19,1
US70199982,19,1
US83197024,19,1
US83195796,19,1
US83190268,19,1
2016456556,45,1
US64192099,19,1
US83192063,19,1
US64190261,19,1
US83196986,19,1
US00196065,19,1
US00195639,19,1
US00196970,19,1
US70195688,19,1
US83192089,19,1
US00195703,19,1
US64196277,19,1
US70192104,19,1
US06190137,19,1
US83196952,19,1
US83192166,19,1
US00190269,19,1
US83195655,19,1
US70191922,19,1
US00195383,19,1
US64190236,19,1
US70190142,19,1
US83196318,19,1
US64191843,19,1
US00197125,19,1
US83190062,19,1
US83190265,19,1
US83196130,19,1
US00195467,19,1
US64190114,19,1
US64190100,19,1
US83190163,19,1
US64191740,19,1
US00192047,19,1
US64195488,19,1
US70190110,19,1
US83197015,19,1
US83195725,19,1
US00190289,19,1
US83195762,19,1
2017121271,12,1
US83190159,19,1
US70192138,19,1
US83195864,19,1
US00190188,19,1
US00192125,19,1
US00196351,19,1
US83195756,19,1
US70192149,19,1
US83192080,19,1
US70195203,19,1
US83191744,19,1
US83195203,19,1
US64190296,19,1
US70191604,19,1
US00195425,19,1
US70190315,19,1
US83196289,19,1
US83192123,19,1
US83195841,19,1
US83192134,19,1
US83195638,19,1
US83197131,19,1
US64195816,19,1
US00196190,19,1
US70195493,19,1
US64195387,19,1
US00196303,19,1
US83191675,19,1
US70190184,19,1
US83195368,19,1
US83192106,19,1
US64191887,19,1
US83196053,19,1
US70195550,19,1
US64190214,19,1
US00190346,19,1
US00191775,19,1
US83192062,19,1
US83195299,19,1
US70191765,19,1
US83196249,19,1
2018835261,83,1
US06190074,19,1
US70191915,19,1
US00191733,19,1
US83191608,19,1
US64197067,19,1
US00197075,19,1
US83196969,19,1
US83192044,19,1
US00190098,19,1
US00190036,19,1
US64190035,19,1
US83191574,19,1
US64191655,19,1
US70190216,19,1
US83190069,19,1
US83195212,19,1
US83196123,19,1
US70192187,19,1
US64192198,19,1
US83195195,19,1
US00192186,19,1
US64196994,19,1
US83191589,19,1
US64196007,19,1
US00196255,19,1
US00191791,19,1
US70196950,19,1
US00190068,19,1
US64191704,19,1
US70195230,19,1
US00197009,19,1
US83195359,19,1
US70195187,19,1
US64196121,19,1
US70196927,19,1
US70192074,19,1
US64195219,19,1
US83191745,19,1
US83190128,19,1
US83195211,19,1
US70190061,19,1
US64190251,19,1
US83190187,19,1
US00192191,19,1
US00196274,19,1
US83195251,19,1
US64192013,19,1
US00192144,19,1
US00195733,19,1
US00191753,19,1
2018121748,12,1
US83196997,19,1
US64190324,19,1
US64192137,19,1
US83195878,19,1
US00192115,19,1
US64191665,19,1
US64196315,19,1
US00196918,19,1
US70191553,19,1
US64195541,19,1
US00191654,19,1
US83192122,19,1
US64191921,19,1
US64190226,19,1
US64191581,19,1
US70197080,19,1
US83192161,19,1
US83191660,19,1
US00197020,19,1
US64196035,19,1
US00191882,19,1
US70191726,19,1
US83190132,19,1
US83195175,19,1
US64197110,19,1
US83197026,19,1
US64195738,19,1
US70191782,19,1
US70197114,19,1
US70192178,19,1
US70192131,19,1
US00195217,19,1
US83197144,19,1
US83192132,19,1
US70191844,19,1
US64192067,19,1
US83195783,19,1
US70195528,19,1
US70190084,19,1
US83195810,19,1
US00196993,19,1
US83191796,19,1
US70195777,19,1
US83191692,19,1
US83195880,19,1
US83191590,19,1
2017007146,00,1
US83199672,19,1
US64192147,19,1
US64195225,19,1
US70196963,19,1
US70196308,19,1
US83196272,19,1
US70196335,19,1
US64197011,19,1
US83191928,19,1
US83196998,19,1
US83196917,19,1
US70191888,19,1
US83197120,19,1
US83196966,19,1
US83191880,19,1
US83191927,19,1
US64191861,19,1
US70195431,19,1
US83195693,19,1
US83191651,19,1
US70195874,19,1
US64195237,19,1
US00191722,19,1
US83195809,19,1
US83195446,19,1
US70195747,19,1
US70196281,19,1
US70192188,19,1
US70195605,19,1
US64192130,19,1
US64195707,19,1
US70195712,19,1
US83196683,19,1
US70195803,19,1
US64191631,19,1
2015001945,00,1
US83191706,19,1
US83191672,19,1
US64195644,19,1
US00195792,19,1
US00191858,19,1
US70195824,19,1
US83197121,19,1
US64195525,19,1
US70195348,19,1
US64195854,19,1
US83197072,19,1
US64191913,19,1
US64196974,19,1
US64195269,19,1
US83195202,19,1
US70191741,19,1
US64197076,19,1
US83195987,19,1
US83191426,19,1
US83191513,19,1
US70196096,19,1
US83191845,19,1
US06200640,20,1
2018121872,12,1
US06200463,20,1
US70207049,20,1
2019060459,06,1
US70206802,20,1
US83206921,20,1
US70206520,20,1
US83205340,20,1
US70202369,20,1
US83206412,20,1
2018060273,06,1
US70206992,20,1
US83200499,20,1
2018702041,70,1
US70206519,20,1
US83200444,20,1
US83206901,20,1
US83206454,20,1
2019007689,00,1
US83200433,20,1
US70200622,20,1
2018121878,12,1
US83200263,20,1
US83200668,20,1
US70200201,20,1
US70207231,20,1
US83202210,20,1
US70200437,20,1
2018702095,70,1
US70215279,21,1
US70200435,20,1
2018702070,70,1
US83202216,20,1
US83200184,20,1
2018645193,64,1
US83200356,20,1
US70202010,20,1
US83200632,20,1
US70202298,20,1
2018835635,83,1
2018835423,83,1
US83200533,20,1
US83202284,20,1
2018000714,00,1
US70202283,20,1
US83206456,20,1
2018121612,12,1
US83200325,20,1
US83206781,20,1
US83202318,20,1
US83206643,20,1
US70201996,20,1
US83200535,20,1
US70200428,20,1
2018702029,70,1
2018060013,06,1
US83206397,20,1
US70202476,20,1
US70200417,20,1
US83206762,20,1
US83206751,20,1
US83206818,20,1
US70206416,20,1
US70216369,21,1
US70202349,20,1
US83206683,20,1
US83200271,20,1
US83200158,20,1
US83206508,20,1
US83202291,20,1
US83202083,20,1
US83206930,20,1
US83206808,20,1
US70202143,20,1
US83200234,20,1
US83202043,20,1
US83200484,20,1
US70206400,20,1
US83200223,20,1
US70202412,20,1
US83206567,20,1
US70200180,20,1
US70202061,20,1
US70200232,20,1
US83206414,20,1
US70200564,20,1
US83206420,20,1
2018835442,83,1
US83206463,20,1
US83200191,20,1
US83206530,20,1
US70200319,20,1
US70200282,20,1
US83200388,20,1
US70202109,20,1
US12201989,20,1
2015001944,00,1
US83206799,20,1
US83200398,20,1
US83200331,20,1
US70202437,20,1
US83202222,20,1
US83202039,20,1
US70200274,20,1
US83207025,20,1
US83200197,20,1
US83202269,20,1
US70200506,20,1
2018121583,12,1
US83206852,20,1
US12201893,20,1
US83202384,20,1
US70206552,20,1
US70202282,20,1
US70200370,20,1
US70202259,20,1
US83207274,20,1
US83200296,20,1
US70206981,20,1
2019702276,70,1
US70202070,20,1
US83202327,20,1
US70202026,20,1
US70202038,20,1
US70202212,20,1
US83200393,20,1
US83202202,20,1
2019457226,45,1
US83200389,20,1
US70202225,20,1
US83206699,20,1
US70200648,20,1
US70200174,20,1
US83200498,20,1
US83206908,20,1
US83202260,20,1
US70200687,20,1
US70202324,20,1
2019836695,83,1
US83206614,20,1
2018510031,51,1
US83200607,20,1
US70206439,20,1
US70200658,20,1
US83200545,20,1
US83202347,20,1
US70206459,20,1
US70200149,20,1
US12202371,20,1
2018456977,45,1
US70200224,20,1
US83206953,20,1
US83206449,20,1
US70200154,20,1
US70202273,20,1
US83200587,20,1
US70200479,20,1
US70202265,20,1
US70202088,20,1
US83202389,20,1
US70206631,20,1
2018456983,45,1
US70206583,20,1
US83202371,20,1
US83202311,20,1
US83200569,20,1
2018121673,12,1
US83200301,20,1
US83200166,20,1
US83206971,20,1
US83200512,20,1
US70207041,20,1
US70206689,20,1
US83207292,20,1
US70200395,20,1
US70206913,20,1
US70206800,20,1
US83200676,20,1
2019702286,70,1
US83206710,20,1
US83202300,20,1
US70200211,20,1
US83206376,20,1
US70200237,20,1
US83202307,20,1
US70202374,20,1
US83200314,20,1
US70200373,20,1
US70205270,20,1
US70200259,20,1
US83202231,20,1
US70200354,20,1
US83200245,20,1
US70200641,20,1
US83200434,20,1
US83200432,20,1
US70206482,20,1
US83200673,20,1
US83206360,20,1
US70206640,20,1
US83200443,20,1
2019836969,83,1
US83202270,20,1
US83202156,20,1
US83206403,20,1
US70200522,20,1
US83200705,20,1
US83207257,20,1
US70200563,20,1
2019702280,70,1
US83207015,20,1
2018510050,51,1
US83202173,20,1
US83206393,20,1
US70207305,20,1
US83200650,20,1
US83206565,20,1
US83206419,20,1
US83207173,20,1
US83200460,20,1
US70202213,20,1
US83200412,20,1
US70200456,20,1
US83202056,20,1
US83200615,20,1
US83200322,20,1
US83206623,20,1
US70200404,20,1
2018121671,12,1
US83202247,20,1
US83201976,20,1
US83202141,20,1
US83200168,20,1
US83200509,20,1
US70202588,20,1
US83206659,20,1
US83200236,20,1
US83200689,20,1
US83206558,20,1
US83206926,20,1
US83202241,20,1
US70206890,20,1
US83206512,20,1
US83206880,20,1
US70202313,20,1
US70200590,20,1
US83202262,20,1
US83206544,20,1
US70202151,20,1
US83202381,20,1
US83202095,20,1
US83202466,20,1
2018121751,12,1
US83202275,20,1
US70202243,20,1
US70202123,20,1
US83206806,20,1
US70202441,20,1
US70206787,20,1
2017001943,00,1
US83200363,20,1
US70200611,20,1
US70202240,20,1
US83202266,20,1
US83207212,20,1
US83200217,20,1
US83202585,20,1
US83202220,20,1
US83200376,20,1
US83207088,20,1
US70206813,20,1
US83207155,20,1
US70202560,20,1
US64205293,20,1
US83206442,20,1
US83207189,20,1
US70202297,20,1
US83207054,20,1
US83202027,20,1
US83200239,20,1
US83200218,20,1
US83207277,20,1
US70202203,20,1
US83200247,20,1
US83202058,20,1
US83206476,20,1
US83206848,20,1
US70207183,20,1
US83202301,20,1
US83201987,20,1
US83201963,20,1
US83200162,20,1
US83201972,20,1
US83200377,20,1
US83206670,20,1
US83206960,20,1
2018835314,83,1
US70202339,20,1
US70200349,20,1
US83200471,20,1
US83206886,20,1
US70206868,20,1
US70202135,20,1
US83202510,20,1
US70200591,20,1
US83206999,20,1
US12201974,20,1
US70206747,20,1
US83202613,20,1
US83207034,20,1
US83207165,20,1
US70207296,20,1
US83206864,20,1
US83202059,20,1
US83202419,20,1
US83206905,20,1
US70206641,20,1
US70206557,20,1
US70206357,20,1
US70206838,20,1
US70202226,20,1
US83206466,20,1
US83207239,20,1
US70202084,20,1
2019702341,70,1
US83206797,20,1
2017645180,64,1
US83200712,20,1
US83206509,20,1
US83206970,20,1
US70207254,20,1
US83200654,20,1
US83202077,20,1
US70206855,20,1
US83206816,20,1
US70202236,20,1
US83206428,20,1
US83202139,20,1
US83206790,20,1
US83206457,20,1
US83206526,20,1
US70202431,20,1
US70206450,20,1
US83205298,20,1
US83202203,20,1
US83207440,20,1
US70207170,20,1
US83200194,20,1
US83202409,20,1
US12201919,20,1
US70206952,20,1
US83202239,20,1
US70206440,20,1
US83202544,20,1
US83206443,20,1
US83206817,20,1
US83207422,20,1
US83202330,20,1
US83207360,20,1
US83202355,20,1
US83206548,20,1
US70202272,20,1
2018121632,12,1
US83202364,20,1
US70202099,20,1
US83200516,20,1
US83200144,20,1
US83200233,20,1
US83202261,20,1
US70206857,20,1
US83202450,20,1
2018457066,45,1
US83202106,20,1
US83200182,20,1
US83200595,20,1
US83202255,20,1
US83202328,20,1
US70206591,20,1
2018457077,45,1
US70202342,20,1
US70207316,20,1
US70207330,20,1
US70207164,20,1
US83207219,20,1
US83202434,20,1
US70202368,20,1
US70202522,20,1
US83202198,20,1
US83202228,20,1
US70207402,20,1
US83202293,20,1
US70206867,20,1
US83202302,20,1
US83206669,20,1
US83207154,20,1
US70201977,20,1
US83207426,20,1
US83202121,20,1
US83202138,20,1
US70200238,20,1
US83205275,20,1
US83206869,20,1
US83202236,20,1
US70207425,20,1
US83206541,20,1
US83202518,20,1
US83202075,20,1
US83202272,20,1
US70206940,20,1
US83202494,20,1
US70202098,20,1
US83202343,20,1
US83207325,20,1
US83200159,20,1
US83202621,20,1
US83206752,20,1
US83202289,20,1
US83201961,20,1
US70202264,20,1
US83202000,20,1
US70202596,20,1
US70206889,20,1
US83205307,20,1
2017121406,12,1
US70202550,20,1
US70205301,20,1
US70207251,20,1
2015001949,00,1
US70202401,20,1
US83206862,20,1
US83202100,20,1
US83202402,20,1
US70202379,20,1
US70201970,20,1
US83202433,20,1
US70207359,20,1
US83202391,20,1
US83202358,20,1
US70207289,20,1
US70207095,20,1
US83202435,20,1
US70207437,20,1
US70202305,20,1
US83202281,20,1
US70207016,20,1
US83202217,20,1
US70207389,20,1
US70207161,20,1
US70207197,20,1
US83200353,20,1
US83202103,20,1
US83202408,20,1
US70202323,20,1
US70202389,20,1
US83202399,20,1
US70202037,20,1
US83202413,20,1
US70202233,20,1
US70206732,20,1
US70202107,20,1
US70202234,20,1
US70207234,20,1
US83202068,20,1
US83207301,20,1
US83202322,20,1
US70202312,20,1
US83207409,20,1
US83207304,20,1
US83202090,20,1
US70202071,20,1
US70200320,20,1
US12202580,20,1
US83202308,20,1
US45207227,20,1
US83206741,20,1
US83206417,20,1
US70207129,20,1
US70202334,20,1
US83207279,20,1
US70202505,20,1
US70202315,20,1
US83202096,20,1
US83207218,20,1
US70200609,20,1
US83202563,20,1
US83202353,20,1
US83207411,20,1
US70200073,20,1
US70200158,20,1
US70200235,20,1
US70200258,20,1
2019457329,45,1
US70200072,20,1
US70200167,20,1
US51200268,20,1
US70200227,20,1
US83202229,20,1
US83202008,20,1
US83202113,20,1
US83206811,20,1
US83207193,20,1
US83202034,20,1
US70212312,21,1
2017000040,00,1
2019121967,12,1
US51210385,21,1
US12212270,21,1
US70212534,21,1
2019836434,83,1
US70210799,21,1
US83217532,21,1
2019645269,64,1
US70217616,21,1
US12211989,21,1
2020123083,12,1
US12212893,21,1
2019702208,70,1
2020837652,83,1
2019702356,70,1
US83210974,21,1
US70212963,21,1
US83210720,21,1
US83212699,21,1
US70212800,21,1
US83212462,21,1
2019836727,83,1
US83217591,21,1
US83218371,21,1
2019836433,83,1
US70217553,21,1
2019702268,70,1
US83217546,21,1
2019836473,83,1
2019702256,70,1
US83210809,21,1
2019702335,70,1
US70210844,21,1
US83212928,21,1
US83218385,21,1
US83218028,21,1
US70212442,21,1
US70217522,21,1
US70210766,21,1
US70210907,21,1
US70217711,21,1
US70210860,21,1
US83217890,21,1
US83217506,21,1
US83217707,21,1
US70212579,21,1
US70217534,21,1
US70217606,21,1
2020123136,12,1
US83210825,21,1
US83218210,21,1
US83217997,21,1
US83217577,21,1
US83217794,21,1
US83210891,21,1
US70212933,21,1
US83217589,21,1
US70213045,21,1
2019007690,00,1
US70217520,21,1
2019060645,06,1
US70217716,21,1
US70212737,21,1
US70217478,21,1
US83210366,21,1
2019836513,83,1
US83210745,21,1
US70217647,21,1
US70217850,21,1
US70212690,21,1
US70212942,21,1
US70210979,21,1
US83218448,21,1
US70210746,21,1
US83212461,21,1
US83212433,21,1
US70218194,21,1
US70211005,21,1
US70217599,21,1
US70217910,21,1
2019457235,45,1
US70213153,21,1
2020457474,45,1
US83213162,21,1
US83210950,21,1
US83217921,21,1
US70210964,21,1
2019836945,83,1
US70217649,21,1
US83217745,21,1
US70210920,21,1
US70210761,21,1
US83212753,21,1
US70217751,21,1
US70210961,21,1
US83217678,21,1
US70212615,21,1
US70217849,21,1
2020060947,06,1
US70218081,21,1
US70210733,21,1
US70217692,21,1
US70217872,21,1
US70217559,21,1
US83217519,21,1
US70210731,21,1
US70217587,21,1
US83217840,21,1
US70217579,21,1
2019122558,12,1
2019457280,45,1
US83210916,21,1
US83210828,21,1
US83217817,21,1
US70222837,22,1
US83212548,21,1
US83218183,21,1
US70210732,21,1
US83210998,21,1
US83218405,21,1
US70217545,21,1
US70213122,21,1
US83218001,21,1
US70217514,21,1
2020123096,12,1
US70217524,21,1
US70210781,21,1
US70210372,21,1
US83212790,21,1
2019836515,83,1
US70210816,21,1
US70212936,21,1
US70217838,21,1
US70213034,21,1
US70218135,21,1
US70217632,21,1
US83215386,21,1
US83210850,21,1
US70210379,21,1
2019645320,64,1
2019122055,12,1
US70217568,21,1
US70217705,21,1
US83210741,21,1
2019122175,12,1
US83217893,21,1
US83217572,21,1
US83212732,21,1
US83212874,21,1
US83212497,21,1
2018456996,45,1
US70212490,21,1
US83212523,21,1
US83212564,21,1
2016000041,00,1
US70217498,21,1
US70217474,21,1
US83218401,21,1
2019122179,12,1
US70218280,21,1
US70210962,21,1
US70212947,21,1
US70217561,21,1
US70217623,21,1
US70212430,21,1
2019457228,45,1
US70217481,21,1
2019702211,70,1
2019702232,70,1
US83210885,21,1
US70210819,21,1
US70218275,21,1
US83210999,21,1
US70212955,21,1
US83213067,21,1
US70213148,21,1
US70217994,21,1
US70210954,21,1
US70217489,21,1
US70210904,21,1
US70217802,21,1
US83217612,21,1
US83217740,21,1
US70217593,21,1
US70212836,21,1
US70210782,21,1
2020122793,12,1
US70210832,21,1
US51210356,21,1
US70210739,21,1
US83218241,21,1
US70217952,21,1
2019457258,45,1
US83212774,21,1
US83217592,21,1
US83218368,21,1
US83217505,21,1
US70211050,21,1
US83212601,21,1
US83212939,21,1
US70210925,21,1
US70210837,21,1
US70217762,21,1
2019060678,06,1
US70212985,21,1
US70211008,21,1
US70217622,21,1
US83212661,21,1
US70210445,21,1
US70218432,21,1
US70212495,21,1
US83218143,21,1
US83215354,21,1
US70212582,21,1
US70212547,21,1
US70217510,21,1
US70213032,21,1
US83211043,21,1
US70212489,21,1
US83217970,21,1
US70217451,21,1
US70217672,21,1
US70212584,21,1
US70210812,21,1
US83212842,21,1
US83211010,21,1
US70212572,21,1
US70210503,21,1
US83218152,21,1
US70210997,21,1
US83212539,21,1
US70212650,21,1
US70212508,21,1
US70217765,21,1
US83210407,21,1
US70210899,21,1
US83217528,21,1
US83217857,21,1
US70217753,21,1
US70212710,21,1
US70212540,21,1
US70212553,21,1
US70212745,21,1
US70210942,21,1
US83210771,21,1
US83218049,21,1
US83218110,21,1
US83210857,21,1
US83210808,21,1
US83218494,21,1
US83212648,21,1
US70212721,21,1
US83218259,21,1
US83218285,21,1
US70212640,21,1
US70217993,21,1
US70210861,21,1
US70213200,21,1
US83211042,21,1
US83212632,21,1
US70218195,21,1
2019122209,12,1
US70218036,21,1
US70217515,21,1
US83212565,21,1
US70218386,21,1
US70213016,21,1
US70210991,21,1
US70212992,21,1
US70217990,21,1
US83217512,21,1
US45217564,21,1
US70212616,21,1
US70218317,21,1
US51210373,21,1
US70212659,21,1
US70218134,21,1
US70217671,21,1
US70217755,21,1
US83218391,21,1
US70211022,21,1
US70213220,21,1
US70213059,21,1
US70212626,21,1
US70217932,21,1
US83213182,21,1
US70217789,21,1
US70218417,21,1
US83218065,21,1
US51210268,21,1
US83212773,21,1
US70210395,21,1
US83212448,21,1
US83217758,21,1
US70213123,21,1
US70218025,21,1
US70212588,21,1
US70212798,21,1
US70210412,21,1
US83212477,21,1
US70218103,21,1
US70217629,21,1
2020457503,45,1
US70212440,21,1
US70212464,21,1
US70217604,21,1
US70218104,21,1
US70218169,21,1
US70217639,21,1
US83213012,21,1
2018121808,12,1
US70215392,21,1
US70212474,21,1
US70212689,21,1
US83217931,21,1
US70212541,21,1
US83210918,21,1
US83212598,21,1
US70212824,21,1
US70218244,21,1
US70217725,21,1
US70215343,21,1
US70217455,21,1
US70213051,21,1
US70212492,21,1
US83212688,21,1
US70217526,21,1
US70212731,21,1
US83217915,21,1
US83217624,21,1
US70213073,21,1
US70213086,21,1
US70213215,21,1
US83212735,21,1
US83212839,21,1
2020122766,12,1
US70218361,21,1
US70210403,21,1
US70212460,21,1
US70213115,21,1
US70210813,21,1
US83218339,21,1
US83213112,21,1
US70212558,21,1
US70217620,21,1
US70210474,21,1
US70213131,21,1
US83213127,21,1
US83215384,21,1
US70212498,21,1
US70212678,21,1
US83218495,21,1
US83217683,21,1
US83217816,21,1
US70212754,21,1
US83212607,21,1
US70217584,21,1
US83213225,21,1
US83212521,21,1
US70218435,21,1
US70210563,21,1
2020702463,70,1
US83217609,21,1
US83212744,21,1
US83212635,21,1
US70212835,21,1
US70212821,21,1
US70212638,21,1
US83213141,21,1
US70210905,21,1
US70212566,21,1
US70212603,21,1
US70215398,21,1
US83210434,21,1
US70210490,21,1
2019645299,64,1
US70217880,21,1
US70212994,21,1
US70215357,21,1
US83210517,21,1
US70212723,21,1
US70217648,21,1
US70210996,21,1
US70212668,21,1
US70212657,21,1
US70212605,21,1
US83217640,21,1
US70212847,21,1
US70212877,21,1
US70217664,21,1
US70218197,21,1
US70210400,21,1
US70212891,21,1
US83212587,21,1
US70212637,21,1
US70210871,21,1
US83217844,21,1
US70218249,21,1
US83212653,21,1
US70218286,21,1
US70212526,21,1
US70213245,21,1
US83212609,21,1
US70212604,21,1
US70217496,21,1
US83212481,21,1
US83210970,21,1
US70212781,21,1
US70218004,21,1
US70218003,21,1
US70218245,21,1
US83217627,21,1
US70218102,21,1
US70212860,21,1
US70212762,21,1
US70212747,21,1
US83212716,21,1
US70212724,21,1
US70213002,21,1
US70212714,21,1
US70217560,21,1
US70212691,21,1
US70210513,21,1
US70213006,21,1
US83213084,21,1
US70217603,21,1
US70212551,21,1
US83212621,21,1
US70218189,21,1
US83212997,21,1
US83213052,21,1
US83212996,21,1
US70218274,21,1
US70218156,21,1
US83212682,21,1
US70212783,21,1
US83210357,21,1
US70217800,21,1
US83212586,21,1
US70212645,21,1
US70217501,21,1
US83210533,21,1
US70212735,21,1
US83212704,21,1
US83212981,21,1
US70212838,21,1
US83217644,21,1
US70213069,21,1
US70217656,21,1
US70213193,21,1
US83212660,21,1
US70212708,21,1
US70217828,21,1
US70218170,21,1
US70212470,21,1
US70217535,21,1
US70218349,21,1
US70217883,21,1
US70212648,21,1
US83212812,21,1
US83212684,21,1
US70210554,21,1
US83218446,21,1
US70218073,21,1
US83217858,21,1
US70217646,21,1
US70217563,21,1
US83218184,21,1
US83218342,21,1
US83210381,21,1
US70212725,21,1
US70212629,21,1
US70212971,21,1
US83213054,21,1
US70217615,21,1
US83213043,21,1
US83215370,21,1
US70212931,21,1
US83212446,21,1
US70215405,21,1
US83217608,21,1
US70215382,21,1
US70212662,21,1
US70213090,21,1
US83212718,21,1
US70217442,21,1
US70213246,21,1
US70212983,21,1
US70213037,21,1
US70210419,21,1
US70217572,21,1
US70212487,21,1
US83212742,21,1
US70212383,21,1
US70217644,21,1
US83217658,21,1
US70212740,21,1
US83213068,21,1
US83213190,21,1
US83212857,21,1
US70212630,21,1
US83212854,21,1
US83218079,21,1
US70217558,21,1
US70215346,21,1
US70217594,21,1
US83217686,21,1
US70217798,21,1
US70216521,21,1
US70212456,21,1
US70213134,21,1
US70212533,21,1
US70213050,21,1
US83217796,21,1
US83213014,21,1
US70212450,21,1
US70212570,21,1
US70218255,21,1
US83217479,21,1
US70215388,21,1
US70212865,21,1
US70212966,21,1
US70212859,21,1
US83217607,21,1
US12213157,21,1
US70218366,21,1
US83210384,21,1
US83217542,21,1
US70212698,21,1
US83212649,21,1
US70212542,21,1
US70217746,21,1
US70213048,21,1
US83212633,21,1
US83213081,21,1
US70218006,21,1
US83212620,21,1
US70210469,21,1
US70217569,21,1
US70212715,21,1
US70213095,21,1
US83217556,21,1
US70212112,21,1
US70212660,21,1
US70210452,21,1
US83212982,21,1
2020838513,83,1
US12223723,22,1
US00220152,22,1
US70222574,22,1
2020837961,83,1
US83228708,22,1
US70222783,22,1
2021702870,70,1
US83228899,22,1
US70228532,22,1
2020837480,83,1
US83229201,22,1
US70221449,22,1
US83222846,22,1
US83223629,22,1
US70228713,22,1
US70228567,22,1
2019836650,83,1
US70223088,22,1
2019000155,00,1
2020837702,83,1
US06221218,22,1
US70221144,22,1
US83223525,22,1
US70221073,22,1
US70228681,22,1
2021703011,70,1
2020702453,70,1
US70228820,22,1
2020702655,70,1
US70228679,22,1
US83228809,22,1
US12223647,22,1
US70223471,22,1
US83227695,22,1
US83229399,22,1
US70229069,22,1
US83228606,22,1
US70228706,22,1
US70222792,22,1
US70222765,22,1
US70221139,22,1
2019836572,83,1
US70222928,22,1
2021000305,00,1
US70229126,22,1
US70223614,22,1
US70221321,22,1
US70223359,22,1
2020837663,83,1
US83221405,22,1
US70222653,22,1
2019702221,70,1
US70228561,22,1
US70222793,22,1
US70228743,22,1
2020122717,12,1
US70223513,22,1
US70223382,22,1
2021838655,83,1
US70228787,22,1
US83222804,22,1
US83223126,22,1
2020837780,83,1
US70221306,22,1
2020702491,70,1
US70229165,22,1
US83228905,22,1
2018009747,00,1
US70222845,22,1
US83221341,22,1
US70228690,22,1
2020000154,00,1
US70221450,22,1
US70221054,22,1
US70223692,22,1
US83221226,22,1
US70228726,22,1
US70223466,22,1
US83222988,22,1
US70228976,22,1
US70221270,22,1
2020702447,70,1
US70223365,22,1
US70221364,22,1
US70223789,22,1
2020702438,70,1
US70228997,22,1
US52220099,22,1
US70228598,22,1
US70223619,22,1
US83223412,22,1
2020060786,06,1
2020837916,83,1
2020837944,83,1
2020702480,70,1
US83228697,22,1
2020837693,83,1
US83229426,22,1
US70223023,22,1
US70227818,22,1
US70222939,22,1
US70223495,22,1
US70229134,22,1
US70221401,22,1
US70229431,22,1
US70228794,22,1
US83223102,22,1
US83223415,22,1
US83228798,22,1
US70221322,22,1
US70228869,22,1
US45227842,22,1
US83221314,22,1
US83222926,22,1
US83223522,22,1
US83223686,22,1
US70223100,22,1
US70228955,22,1
US70228914,22,1
US70223127,22,1
US70221202,22,1
US83223368,22,1
US70227832,22,1
US83221150,22,1
US70223082,22,1
US70222966,22,1
US70221325,22,1
US83229123,22,1
US83229701,22,1
US06221352,22,1
US70222819,22,1
2020837671,83,1
US70229682,22,1
US70228980,22,1
US83227820,22,1
US70229090,22,1
US83222839,22,1
US83228662,22,1
US70228611,22,1
US70223668,22,1
US70221335,22,1
US70229058,22,1
2019122555,12,1
US70228653,22,1
US70222797,22,1
2020122730,12,1
US70229033,22,1
US70222767,22,1
2020123077,12,1
US70223083,22,1
2020123138,12,1
US70228998,22,1
US70223485,22,1
US70227793,22,1
US83223004,22,1
2020123036,12,1
US70223331,22,1
US83229462,22,1
US83221355,22,1
US70223116,22,1
US70229571,22,1
US83222823,22,1
2020702672,70,1
US70223008,22,1
US70228574,22,1
US70223761,22,1
US83227877,22,1
US83229086,22,1
US83229342,22,1
US70229220,22,1
US70228636,22,1
US83221169,22,1
US83223400,22,1
US70229181,22,1
US83222851,22,1
US83228756,22,1
US70223344,22,1
US70223430,22,1
US83221101,22,1
2020060901,06,1
US70221434,22,1
US70229742,22,1
US83228826,22,1
US70228593,22,1
US70223065,22,1
US83222787,22,1
US83222777,22,1
US83229026,22,1
US83221064,22,1
US70221208,22,1
US70229127,22,1
US83228716,22,1
US83228781,22,1
US70228704,22,1
US70229376,22,1
US70228526,22,1
US70223058,22,1
US70221243,22,1
US83228721,22,1
US70221057,22,1
US70221175,22,1
US83223456,22,1
US83225410,22,1
US70229111,22,1
US70223341,22,1
US00220125,22,1
US70221179,22,1
2021838858,83,1
US70223291,22,1
US83228920,22,1
US70222800,22,1
US83222784,22,1
2021123423,12,1
US83221406,22,1
US70221367,22,1
US83229130,22,1
US83223310,22,1
US83221382,22,1
US83228688,22,1
US83221259,22,1
US70221456,22,1
US70223724,22,1
2021703060,70,1
US83228710,22,1
US83221127,22,1
US70221320,22,1
US70221241,22,1
US70229377,22,1
US83221192,22,1
US70222757,22,1
US70227702,22,1
US70221273,22,1
US83223003,22,1
2020645336,64,1
US70221161,22,1
US70222946,22,1
US83222976,22,1
US70223737,22,1
US70223690,22,1
2020123022,12,1
US70229413,22,1
US70223068,22,1
US70223330,22,1
US70221252,22,1
US70228546,22,1
US70222759,22,1
US70228910,22,1
US83229119,22,1
US70229312,22,1
US70222854,22,1
US70223517,22,1
US70229171,22,1
US83223332,22,1
US70227861,22,1
US70223118,22,1
2020122756,12,1
US70221390,22,1
US83227706,22,1
US83227733,22,1
2020122784,12,1
US83221230,22,1
US70228619,22,1
US70228817,22,1
US70221157,22,1
US83228753,22,1
2020123035,12,1
US70222995,22,1
US70222842,22,1
US83227905,22,1
US70227738,22,1
US70222831,22,1
US70222807,22,1
US83228829,22,1
US70223468,22,1
US83229087,22,1
US70227790,22,1
US83220591,22,1
US70228885,22,1
US83221257,22,1
US70223072,22,1
US70223611,22,1
US83223482,22,1
US70222769,22,1
US83222992,22,1
US70221297,22,1
US70229029,22,1
US70221419,22,1
US83223807,22,1
US70223050,22,1
US83221130,22,1
US70222899,22,1
US70223594,22,1
US70223644,22,1
US83221193,22,1
US70222952,22,1
US83222937,22,1
US70223551,22,1
US70223407,22,1
US70223056,22,1
US83221360,22,1
US45227754,22,1
US83223504,22,1
US70223591,22,1
US83227872,22,1
US83229298,22,1
US70229409,22,1
US70223794,22,1
US70221353,22,1
US83222778,22,1
US83222978,22,1
US70228555,22,1
US83222872,22,1
US70229125,22,1
US83223587,22,1
US83223087,22,1
US70221080,22,1
US70222881,22,1
US70221282,22,1
US70227697,22,1
US83223604,22,1
US83229554,22,1
US70227810,22,1
US70229464,22,1
US70222945,22,1
US70223389,22,1
US70228793,22,1
US83229668,22,1
US83228633,22,1
US83222817,22,1
US83223505,22,1
US70223081,22,1
US83227915,22,1
US70227756,22,1
US70229278,22,1
US70221302,22,1
US83221162,22,1
US83223543,22,1
US70228778,22,1
US70227917,22,1
US70229489,22,1
US70222791,22,1
US70223009,22,1
US70221137,22,1
US70223815,22,1
US70222975,22,1
US70223835,22,1
US70229118,22,1
US83222805,22,1
US70229649,22,1
US83229288,22,1
US70221119,22,1
US70222810,22,1
US70222818,22,1
US70229400,22,1
US83223435,22,1
US70223153,22,1
US83227821,22,1
US70227882,22,1
US83228736,22,1
US83228557,22,1
US83221312,22,1
US83227731,22,1
US83223480,22,1
US70223256,22,1
US70223404,22,1
US70228618,22,1
US83229434,22,1
US70221408,22,1
US83228960,22,1
US83229385,22,1
US83227694,22,1
US83228785,22,1
US70222876,22,1
US83222884,22,1
US70223706,22,1
US70223420,22,1
US70228762,22,1
US70228912,22,1
US70223740,22,1
US70223645,22,1
US83223333,22,1
US70222950,22,1
US83223124,22,1
US70222890,22,1
US83223306,22,1
US70222996,22,1
US70227711,22,1
US70229563,22,1
US83229052,22,1
US83222948,22,1
US70227831,22,1
US83228985,22,1
US70229700,22,1
US83222936,22,1
US70229148,22,1
US83225440,22,1
US70223570,22,1
US70228742,22,1
US70223722,22,1
2020457507,45,1
US83227780,22,1
US83223086,22,1
US70223439,22,1
US70227918,22,1
US83223588,22,1
US70223519,22,1
US70223392,22,1
US83227853,22,1
US83223821,22,1
US83223064,22,1
US70223437,22,1
US83223713,22,1
US83227803,22,1
US70221044,22,1
US83229560,22,1
US70229303,22,1
US83223284,22,1
US83223812,22,1
US83228604,22,1
US83223290,22,1
US83223403,22,1
US70222972,22,1
US83223434,22,1
US70227924,22,1
US83223445,22,1
US83223623,22,1
US70223746,22,1
US83223783,22,1
US70223636,22,1
US70227830,22,1
US70229036,22,1
US83223825,22,1
US70223665,22,1
US83228934,22,1
US70225416,22,1
US83223350,22,1
US70228645,22,1
US70227892,22,1
US83228644,22,1
US70223411,22,1
2020457605,45,1
US70222425,22,1
US70227768,22,1
US70223128,22,1
US70228954,22,1
US70223526,22,1
US83222883,22,1
US70225434,22,1
US83227769,22,1
US83221283,22,1
US70229428,22,1
US70223599,22,1
US70227911,22,1
US70223366,22,1
US70227720,22,1
US70223820,22,1
US83223728,22,1
US70223024,22,1
US83223036,22,1
US83227855,22,1
US70223487,22,1
US70229653,22,1
US70221361,22,1
US70228977,22,1
US70228813,22,1
US83227835,22,1
US70229648,22,1
US83223733,22,1
US83228956,22,1
US83221383,22,1
US70223855,22,1
US83221440,22,1
US70227739,22,1
US83228538,22,1
US70223770,22,1
US83223110,22,1
US83222960,22,1
US70229143,22,1
US70229430,22,1
US70223558,22,1
US70222696,22,1
US70222809,22,1
US70229129,22,1
2022839958,83,1
2022061761,06,1
2022839808,83,1
US83239900,23,1
US70233167,23,1
US70239907,23,1
US83233239,23,1
2022000519,00,1
US70230272,23,1
US06231574,23,1
US83239802,23,1
US70238141,23,1
2021000520,00,1
2021123360,12,1
2021000304,00,1
2021645435,64,1
2022124162,12,1
2021061231,06,1
2022457959,45,1
US70239824,23,1
US83233348,23,1
US83231742,23,1
US70233279,23,1
2021000705,00,1
US83239831,23,1
US70239800,23,1
2021061164,06,1
2022061481,06,1
US83234396,23,1
US70231530,23,1
2022703412,70,1
US83239861,23,1
US70233447,23,1
US06231745,23,1
US83230255,23,1
2022839805,83,1
US70233587,23,1
2021702820,70,1
US83230121,23,1
US70239854,23,1
US83239922,23,1
US83233649,23,1
2020837724,83,1
US70231522,23,1
2021838627,83,1
US83231714,23,1
US83233212,23,1
US70231692,23,1
US70233270,23,1
US70231685,23,1
US83239788,23,1
US70233243,23,1
2021123301,12,1
US83239975,23,1
US70234300,23,1
US70231502,23,1
2021702999,70,1
US70230169,23,1
US83233519,23,1
US12234121,23,1
2021703080,70,1
2023061865,06,1
US70231507,23,1
US83230099,23,1
US70233280,23,1
US70233344,23,1
US70230267,23,1
US70235451,23,1
US83231517,23,1
US70231725,23,1
US70239939,23,1
US70233188,23,1
US83230098,23,1
US83230010,23,1
2022703531,70,1
2023458218,45,1
US70231646,23,1
US83233497,23,1
US70234175,23,1
US70230091,23,1
US70234346,23,1
US70231626,23,1
US84230022,23,1
US70231618,23,1
US83230234,23,1
US70239833,23,1
US83233416,23,1
US70233332,23,1
US83233977,23,1
US70231663,23,1
US83239852,23,1
US70239868,23,1
US70239853,23,1
2022703309,70,1
US83239832,23,1
US70239828,23,1
US70233184,23,1
US70231536,23,1
US83233395,23,1
US70233499,23,1
US83239965,23,1
US70233553,23,1
US83234147,23,1
US70230107,23,1
US83238090,23,1
US83234339,23,1
US83233591,23,1
US70239776,23,1
US70230237,23,1
US70234291,23,1
US70230241,23,1
US70231471,23,1
US70233554,23,1
US70239930,23,1
US70233190,23,1
US70243357,24,1
US83230533,23,1
US70234017,23,1
US70230291,23,1
US70233941,23,1
US84230151,23,1
US83234318,23,1
US70231625,23,1
US70233472,23,1
US70233512,23,1
US83233210,23,1
US70233644,23,1
US83233576,23,1
US70233485,23,1
US70239779,23,1
US70233424,23,1
US70233459,23,1
2022703417,70,1
US83239818,23,1
US70234203,23,1
US70234034,23,1
US70230245,23,1
US83239761,23,1
US70231512,23,1
US70231582,23,1
US70231754,23,1
US70231617,23,1
US70234490,23,1
2021838626,83,1
US83234105,23,1
US70233289,23,1
2020837557,83,1
US83233397,23,1
2019836698,83,1
US70239994,23,1
US70230079,23,1
US70231674,23,1
US12234002,23,1
US83239816,23,1
US70230015,23,1
US83230122,23,1
US70239756,23,1
US70231506,23,1
US84230558,23,1
US70234094,23,1
US83233549,23,1
US70230275,23,1
US70230181,23,1
US83230246,23,1
US83231516,23,1
US70230447,23,1
US83230477,23,1
US70234137,23,1
US70234381,23,1
US83233441,23,1
US70230024,23,1
US06231581,23,1
2023704093,70,1
US70239869,23,1
US83230044,23,1
US83230543,23,1
US83231632,23,1
US83231532,23,1
US83239893,23,1
US70230428,23,1
US70239875,23,1
US83231548,23,1
US70234298,23,1
2022703334,70,1
US83237987,23,1
US70230131,23,1
2022457956,45,1
US12234006,23,1
2022124124,12,1
US70239946,23,1
US70239892,23,1
US83231762,23,1
US70230179,23,1
US83230084,23,1
US70230670,23,1
US70234096,23,1
US70230130,23,1
US70230170,23,1
US70239749,23,1
US70231527,23,1
US83231508,23,1
US70233975,23,1
US70233983,23,1
US83233414,23,1
US70230211,23,1
US70230385,23,1
US70230018,23,1
US70231665,23,1
US83233197,23,1
US83233283,23,1
US83233252,23,1
US70230064,23,1
US83237957,23,1
US70233409,23,1
US70230240,23,1
US70233248,23,1
2021457862,45,1
US70230155,23,1
US70233291,23,1
US83238029,23,1
US70234052,23,1
US70230216,23,1
US83230168,23,1
US83230248,23,1
US83234294,23,1
US70233434,23,1
US83230449,23,1
US70230205,23,1
US70230183,23,1
US70233502,23,1
US70231753,23,1
US70231723,23,1
US70230171,23,1
US70233172,23,1
US70230114,23,1
US83233460,23,1
US70234035,23,1
US70233555,23,1
US70239829,23,1
US83233319,23,1
US70231514,23,1
US70230496,23,1
US83234340,23,1
US83230056,23,1
US70233573,23,1
US83239972,23,1
US70231734,23,1
US70233174,23,1
US70239857,23,1
US70233532,23,1
2022005149,00,1
US45237976,23,1
US83230690,23,1
US83237958,23,1
US70230379,23,1
US83231569,23,1
US83233867,23,1
US70233257,23,1
US70230212,23,1
US70239821,23,1
US70233371,23,1
US70243561,24,1
US70234400,23,1
US83231549,23,1
US70239860,23,1
US70235450,23,1
US70239889,23,1
US70231584,23,1
2022703403,70,1
US70238078,23,1
US70230053,23,1
US83233161,23,1
US70230025,23,1
US70230279,23,1
US83237989,23,1
US83234372,23,1
2022840087,84,1
US83230039,23,1
US70234170,23,1
US70235453,23,1
US70231515,23,1
US70230341,23,1
US70230158,23,1
US70233651,23,1
US70238059,23,1
US83238130,23,1
US83234464,23,1
US70231611,23,1
US70231545,23,1
US70239754,23,1
US70231726,23,1
US83230188,23,1
US70239837,23,1
US70238062,23,1
US70233873,23,1
US70234256,23,1
US70239989,23,1
US70238025,23,1
US70234155,23,1
US70234049,23,1
US70234479,23,1
US70233338,23,1
US70233543,23,1
US83230399,23,1
2021838587,83,1
US83234253,23,1
US70234258,23,1
US70239795,23,1
US83233599,23,1
US70238051,23,1
US70231518,23,1
US83233991,23,1
US83231684,23,1
US83230289,23,1
US70230174,23,1
US70230143,23,1
US70233969,23,1
US70233955,23,1
US70231551,23,1
US70230439,23,1
US70230338,23,1
US70230094,23,1
US70233391,23,1
US70230054,23,1
US83230300,23,1
US70234422,23,1
US83230206,23,1
US70230154,23,1
US70231706,23,1
US83230146,23,1
US83234261,23,1
US83230060,23,1
US70233608,23,1
US70233201,23,1
2022124225,12,1
US70231468,23,1
US70230503,23,1
US83230502,23,1
US70233466,23,1
US83230425,23,1
US83233165,23,1
US70238024,23,1
US83233957,23,1
US70234402,23,1
US70238135,23,1
US12234361,23,1
US70234526,23,1
US83234393,23,1
US83239999,23,1
US70230234,23,1
US70233928,23,1
US70230219,23,1
US70233547,23,1
US70233189,23,1
US70231644,23,1
US83234262,23,1
US70230185,23,1
US83230327,23,1
US70238169,23,1
US70230016,23,1
US70234228,23,1
US70234260,23,1
US70231709,23,1
2021061191,06,1
US70234047,23,1
US70230413,23,1
US70238035,23,1
US06231554,23,1
US70238103,23,1
US70234292,23,1
US70234095,23,1
US83233575,23,1
2021703027,70,1
US83234186,23,1
US70234342,23,1
US70234009,23,1
US70233364,23,1
US70234192,23,1
US70230028,23,1
US83234023,23,1
US70234432,23,1
US70234347,23,1
US83239865,23,1
US70233887,23,1
US83238163,23,1
US70233266,23,1
US70230696,23,1
US70230301,23,1
US83233550,23,1
US70239919,23,1
US83233943,23,1
US70233439,23,1
US70230052,23,1
US70238014,23,1
US70231648,23,1
US70234040,23,1
US70234097,23,1
US70230168,23,1
US70233265,23,1
US70235487,23,1
US70233976,23,1
US83230311,23,1
US70230382,23,1
US83235497,23,1
US83230369,23,1
US83233989,23,1
US83234119,23,1
US70238019,23,1
US83234061,23,1
US83231712,23,1
US70234331,23,1
US70233159,23,1
US70234333,23,1
US70234013,23,1
2020457652,45,1
US70233507,23,1
US70234122,23,1
US83233461,23,1
US70239957,23,1
US70230532,23,1
US70230347,23,1
US70230444,23,1
US70233380,23,1
US83234218,23,1
US83231509,23,1
US70233278,23,1
US70230294,23,1
US70230497,23,1
US83233331,23,1
US70230700,23,1
US83233253,23,1
US12234088,23,1
US83234465,23,1
US70234274,23,1
US70230218,23,1
US83234283,23,1
US83234043,23,1
US70234301,23,1
US70231543,23,1
US70233528,23,1
US70237937,23,1
US70238108,23,1
US83230462,23,1
US70234011,23,1
2022124185,12,1
US70238172,23,1
US70238114,23,1
US70233581,23,1
US70233450,23,1
US70233584,23,1
US70230235,23,1
US83235478,23,1
US70238134,23,1
US70237954,23,1
US70233995,23,1
US70231476,23,1
US83233430,23,1
US70233641,23,1
US70238012,23,1
US83231616,23,1
US70234349,23,1
US70233982,23,1
US70233585,23,1
US83238123,23,1
US70233511,23,1
US70231511,23,1
US83234169,23,1
US83233897,23,1
US83230568,23,1
US70238173,23,1
US70234379,23,1
US70230243,23,1
US83233478,23,1
US70234166,23,1
US70233333,23,1
US70243541,24,1
US70239810,23,1
US70233274,23,1
US70233901,23,1
US70230159,23,1
US83238015,23,1
US70237947,23,1
US83235458,23,1
US70239783,23,1
US83230228,23,1
US83230676,23,1
US70238096,23,1
US70233605,23,1
US70230251,23,1
US70233418,23,1
US70233980,23,1
US70230097,23,1
US70234326,23,1
US70234532,23,1
US83231654,23,1
US70233956,23,1
US83233978,23,1
US70234076,23,1
US70233376,23,1
US83233426,23,1
US70233866,23,1
US83233496,23,1
US70238109,23,1
2022123996,12,1
US83239765,23,1
US70233421,23,1
US83233898,23,1
US70237952,23,1
US70233632,23,1
US70233449,23,1
US70230529,23,1
US70231613,23,1
US83230386,23,1
US70230454,23,1
US70234179,23,1
US70234183,23,1
US83234533,23,1
US83237936,23,1
US70231589,23,1
US83230269,23,1
US45238073,23,1
US83230498,23,1
US70233525,23,1
US70234150,23,1
US70230458,23,1
US70234463,23,1
US70234224,23,1
US70234466,23,1
US70235504,23,1
US70230309,23,1
US70234404,23,1
2022839862,83,1
US70239915,23,1
US83234190,23,1
US83230448,23,1
US12233949,23,1
US83233645,23,1
US12233971,23,1
US70230134,23,1
US83234233,23,1
US70230563,23,1
US70230544,23,1
2022703536,70,1
US70230089,23,1
US70233379,23,1
US52240386,24,1
2023704006,70,1
US83251103,25,1
2022840055,84,1
US83250664,25,1
2023062020,06,1
2022839811,83,1
US00243755,24,1
2023840797,84,1
US06241974,24,1
US83250653,25,1
2023458255,45,1
US00240710,24,1
US83250951,25,1
US83250801,25,1
US00240691,24,1
2023840734,84,1
US70243685,24,1
2022840012,84,1
US84240666,24,1
US00240813,24,1
US00240607,24,1
US00241196,24,1
2022840156,84,1
2022839801,83,1
2022703455,70,1
US70243824,24,1
2022061624,06,1
2022839910,83,1
US06241928,24,1
US00243843,24,1
US00240612,24,1
US00240589,24,1
US45248221,24,1
2022703223,70,1
US84251405,25,1
2023840831,84,1
US00240769,24,1
2022645484,64,1
US00241140,24,1
US00243999,24,1
US00243849,24,1
US00240762,24,1
2022839993,83,1
US00240959,24,1
2023125096,12,1
2023704174,70,1
US00240849,24,1
2022061585,06,1
2023645543,64,1
US00241003,24,1
US84240614,24,1
US00240633,24,1
US00240987,24,1
US00241266,24,1
US00243979,24,1
US00245059,24,1
US00244956,24,1
US00240695,24,1
US00241316,24,1
US00240882,24,1
US00241129,24,1
US00244653,24,1
US00240642,24,1
US12244619,24,1
US00240687,24,1
US00245528,24,1
US00240855,24,1
US00241149,24,1
US00240771,24,1
US00240806,24,1
US00241440,24,1
US00243912,24,1
US00241228,24,1
US00240689,24,1
US00244140,24,1
US00243858,24,1
US00240713,24,1
US00248188,24,1
2023062025,06,1
US00243733,24,1
2023062013,06,1
US83251197,25,1
US00244215,24,1
US00241046,24,1
US00243965,24,1
US00243740,24,1
US00244032,24,1
US00244877,24,1
US00241083,24,1
US06241981,24,1
US00240818,24,1
2022839843,83,1
US06241973,24,1
2022703208,70,1
2023124910,12,1
US00241071,24,1
2022703509,70,1
US00243922,24,1
US00240711,24,1
2022840274,84,1
US00243691,24,1
US00240735,24,1
US00240956,24,1
US00243917,24,1
US00241094,24,1
US00245559,24,1
2022458032,45,1
US00243749,24,1
US83251013,25,1
US84251234,25,1
US00244734,24,1
US00240615,24,1
US00244184,24,1
US00240724,24,1
US00241305,24,1
US00240996,24,1
US00243844,24,1
US00248361,24,1
US00245024,24,1
US00243734,24,1
US00243955,24,1
US00240893,24,1
US52240458,24,1
US00243747,24,1
US00244719,24,1
2023703773,70,1
US00248385,24,1
US84241061,24,1
US00243785,24,1
US00243727,24,1
US00241164,24,1
US00243714,24,1
US00243739,24,1
US00240700,24,1
2022124282,12,1
US00245515,24,1
US00243882,24,1
2020123226,12,1
US00243766,24,1
US00241139,24,1
US00244022,24,1
US00248279,24,1
US00240985,24,1
US00243726,24,1
US00248326,24,1
US00244227,24,1
US00240877,24,1
US00241092,24,1
US00240705,24,1
2023703995,70,1
US00240611,24,1
US00240865,24,1
US00240814,24,1
US00240911,24,1
US00241132,24,1
US00240976,24,1
US00244590,24,1
2023124671,12,1
US00243729,24,1
US84251445,25,1
US12245087,24,1
US00240776,24,1
US00241016,24,1
US45248267,24,1
2022645510,64,1
US00243997,24,1
US00240796,24,1
US00248290,24,1
US00240909,24,1
US00241400,24,1
US00244149,24,1
US00241226,24,1
US00240719,24,1
US00240963,24,1
US00240773,24,1
US00240662,24,1
US00244662,24,1
US00240841,24,1
US00243694,24,1
US00240590,24,1
US00243719,24,1
US00243900,24,1
US00243787,24,1
US00243923,24,1
US00241510,24,1
US00244186,24,1
US00244982,24,1
US00241350,24,1
US00243823,24,1
US00244801,24,1
US00243850,24,1
US00244007,24,1
US00245550,24,1
US00244150,24,1
US00241404,24,1
US00244868,24,1
US00243670,24,1
US83250824,25,1
US00240722,24,1
US12244121,24,1
US00244941,24,1
US00244019,24,1
US00240902,24,1
US00243798,24,1
US00241426,24,1
US00243895,24,1
US00240732,24,1
US00244778,24,1
US00248194,24,1
US00244138,24,1
US00244965,24,1
US00241064,24,1
US00243870,24,1
US00244203,24,1
US00244145,24,1
US00243805,24,1
US00248353,24,1
US70243241,24,1
US00244737,24,1
US00244117,24,1
US00244560,24,1
US00244632,24,1
US00243854,24,1
US00244234,24,1
US00240925,24,1
US00248213,24,1
US00245145,24,1
US00243961,24,1
US00241230,24,1
US00241015,24,1
US00243975,24,1
US00244967,24,1
US00244866,24,1
US00248212,24,1
US00248380,24,1
US00240788,24,1
US00240926,24,1
US00241210,24,1
US00240944,24,1
US00243709,24,1
US00240858,24,1
US00243930,24,1
US00244637,24,1
US00244923,24,1
US00243669,24,1
US00240747,24,1
US00243663,24,1
US00241466,24,1
US00244804,24,1
US00240694,24,1
US00241212,24,1
US00244162,24,1
US00245527,24,1
US00244136,24,1
US00244657,24,1
US00244057,24,1
US00241492,24,1
US00244009,24,1
US00240990,24,1
US00240943,24,1
US00248300,24,1
US00240752,24,1
US00244163,24,1
US00244745,24,1
US00244957,24,1
US00244164,24,1
US00248232,24,1
US00244576,24,1
US00243933,24,1
US00244755,24,1
US00244900,24,1
US00244198,24,1
US83251115,25,1
US00248256,24,1
US00243769,24,1
US00241137,24,1
US00243984,24,1
US00244748,24,1
US00244049,24,1
US00243752,24,1
US00248362,24,1
US00248366,24,1
US00244758,24,1
US00248364,24,1
US00240988,24,1
US00241246,24,1
US00240874,24,1
US00243793,24,1
US00244088,24,1
US00241113,24,1
US00243677,24,1
US00240828,24,1
US00240999,24,1
US00241202,24,1
US00244983,24,1
US00244046,24,1
US00248323,24,1
US00248248,24,1
US00241077,24,1
US00241302,24,1
US52250613,25,1
US52250523,25,1
US52250626,25,1
US06252135,25,1
US06252089,25,1
US06251981,25,1
US12254619,25,1
US70254114,25,1
US70254469,25,1
US70251639,25,1
US06252206,25,1
US70254467,25,1
US70254719,25,1
2023125129,12,1
US70254315,25,1
2023840916,84,1
US06252057,25,1
US52250682,25,1
US70254530,25,1
US06252216,25,1
US06252299,25,1
US70254738,25,1
US70254278,25,1
US84250675,25,1
US06252184,25,1
US12254950,25,1
US84250585,25,1
US70254567,25,1
2022124173,12,1
US70254445,25,1
2022124512,12,1
US84250609,25,1
US70251848,25,1
US06252333,25,1
US84255289,25,1
US70251925,25,1
2023124603,12,1
US06251806,25,1
US70255284,25,1
US70251978,25,1
US70254660,25,1
US70251617,25,1
US84255292,25,1
US84250643,25,1
US70258427,25,1
US70254457,25,1
US84251258,25,1
US84250529,25,1
US06252088,25,1
US70254345,25,1
US70254317,25,1
US84255277,25,1
US84250645,25,1
US70254401,25,1
US06252235,25,1
US70251612,25,1
US06252086,25,1
US06252224,25,1
US70254769,25,1
US84250579,25,1
US70254376,25,1
US70251924,25,1
US70251695,25,1
US70251842,25,1
US06252314,25,1
2023704197,70,1
US84250535,25,1
US70252039,25,1
US70254418,25,1
US70255357,25,1
2022645483,64,1
US83250737,25,1
US83250833,25,1
US12255384,25,1
US84255368,25,1
US70255316,25,1
US70251927,25,1
US84250552,25,1
US45258529,25,1
US84250576,25,1
US84250630,25,1
US84255397,25,1
US12255542,25,1
US70254309,25,1
US70254630,25,1
US70254423,25,1
2023703706,70,1
US70254538,25,1
US06252125,25,1
US70254774,25,1
US06252189,25,1
US06252180,25,1
US06252068,25,1
US70254650,25,1
US06252128,25,1
US70252030,25,1
US70255215,25,1
US70254458,25,1
US70251599,25,1
US70255288,25,1
US12255209,25,1
US70258476,25,1
US06252258,25,1
US84250756,25,1
US70254427,25,1
US84251318,25,1
US06252277,25,1
US06252081,25,1
2023703760,70,1
US06252116,25,1
US70254778,25,1
US84250565,25,1
US84250754,25,1
US12255103,25,1
US70254777,25,1
US45258302,25,1
US70254758,25,1
US70254503,25,1
US70254789,25,1
US06252105,25,1
US52250691,25,1
2023458347,45,1
US70255408,25,1
US06252259,25,1
US84250646,25,1
US06252281,25,1
US06252100,25,1
US70258407,25,1
US84250654,25,1
US83250884,25,1
US84250532,25,1
US06252162,25,1
US84251260,25,1
US70255450,25,1
US06252198,25,1
US84255636,25,1
US84251487,25,1
US84250525,25,1
US70255479,25,1
US83251114,25,1
US84251380,25,1
US70254659,25,1
US84250595,25,1
US84255394,25,1
US83250688,25,1
US70251679,25,1
2023840907,84,1
US70254722,25,1
US70254387,25,1
US84250531,25,1
US70254500,25,1
US45258236,25,1
US84251496,25,1
US06252218,25,1
US84250608,25,1
US83250798,25,1
US83250864,25,1
2022124285,12,1
US06252104,25,1
US70255452,25,1
US70251624,25,1
US70254404,25,1
US70258506,25,1
US84255226,25,1
US84250588,25,1
US70255587,25,1
US70255552,25,1
US84251415,25,1
US06252072,25,1
US83250678,25,1
US52250462,25,1
US12254878,25,1
US70251613,25,1
US84251200,25,1
US70252001,25,1
US84255213,25,1
US70255523,25,1
US70255298,25,1
US70254272,25,1
US84250600,25,1
US84250599,25,1
US70255581,25,1
US12255122,25,1
2023703846,70,1
US84251271,25,1
US84250623,25,1
US70254502,25,1
US70258561,25,1
US84255156,25,1
US06252247,25,1
US70252029,25,1
US83250871,25,1
US84251464,25,1
US70254466,25,1
US84250549,25,1
US70254295,25,1
US84250625,25,1
US70254289,25,1
US84255255,25,1
US84250652,25,1
US70255281,25,1
US70255273,25,1
US84255482,25,1
US84251275,25,1
US70254443,25,1
US70255260,25,1
US70252031,25,1
US84255172,25,1
US06252166,25,1
US52250546,25,1
US84251348,25,1
US70254436,25,1
US70254356,25,1
US84250627,25,1
US84251360,25,1
US06252155,25,1
US06252303,25,1
US84255217,25,1
US70258454,25,1
US70252092,25,1
US84250590,25,1
US84250555,25,1
US45258449,25,1
US84250541,25,1
US84250605,25,1
US70254765,25,1
US70258460,25,1
US70258414,25,1
US06252323,25,1
US83250977,25,1
US70254666,25,1
US06252231,25,1
US70254338,25,1
US84251090,25,1
US70254720,25,1
US70255340,25,1
US70251836,25,1
US70254294,25,1
US83250584,25,1
US64255602,25,1
US83250677,25,1
US70254563,25,1
US70254794,25,1
US06252073,25,1
US70251757,25,1
US70251893,25,1
US70254368,25,1
US64255601,25,1
US12254121,25,1
US45258492,25,1
US06252124,25,1
US84255432,25,1
US83251157,25,1
US84255420,25,1
US52250587,25,1
US06252288,25,1
US84255476,25,1
US70252037,25,1
US70254531,25,1
US84255301,25,1
US84250567,25,1
US83250931,25,1
US83250929,25,1
US70252120,25,1
US70255664,25,1
US06252260,25,1
US70251868,25,1
US84250631,25,1
US84250592,25,1
US70254316,25,1
US70254559,25,1
US70254584,25,1
US06252108,25,1
US84255508,25,1
US70254708,25,1
US70254395,25,1
US70258471,25,1
US84250610,25,1
US70255637,25,1
US70254511,25,1
US45258451,25,1
US70254474,25,1
US84250540,25,1
US84255511,25,1
US70255418,25,1
US84250689,25,1
US06252160,25,1
US70254685,25,1
US84252036,25,1
US64255594,25,1
US12255087,25,1
US70254508,25,1
US45258551,25,1
US70251799,25,1
US84255536,25,1
US84255391,25,1
US70255560,25,1
US84255325,25,1
US70254543,25,1
US70258582,25,1
US70254283,25,1
US84255302,25,1
US12254707,25,1
US06252335,25,1
US70254792,25,1
US12255205,25,1
2022458077,45,1
US84255588,25,1
US45258562,25,1
US06252223,25,1
US70254374,25,1
US70251588,25,1
US06252337,25,1
US70254752,25,1
US70252057,25,1
US70254824,25,1
US70255300,25,1
US84250618,25,1
US06252143,25,1
US84255509,25,1
US84255253,25,1
US70255227,25,1
US06252263,25,1
US83250965,25,1
US70258489,25,1
US70254803,25,1
US70255586,25,1
US84255309,25,1
US06252344,25,1
US06252273,25,1
US06252197,25,1
US06252098,25,1
US70252121,25,1
US70255469,25,1
US70255299,25,1
US70258469,25,1
US70254638,25,1
US84255538,25,1
US06252329,25,1
US06252308,25,1
US70258428,25,1
US70255585,25,1
US84255341,25,1
US84255238,25,1
US70254394,25,1
US70251965,25,1
US70258452,25,1
US70254657,25,1
US70252118,25,1
US84250655,25,1
US70258502,25,1
US84255400,25,1
US70258586,25,1
US70254568,25,1
US06252267,25,1
US70255588,25,1
US84255416,25,1
US84255393,25,1
US84255462,25,1
US70254516,25,1
US70251731,25,1
US84255235,25,1
US70258535,25,1
US70255580,25,1
US06252110,25,1
US70251808,25,1
US70258583,25,1
US84255162,25,1
US70251958,25,1
US70251536,25,1
US06252054,25,1
US84255449,25,1
US70251935,25,1
US70255656,25,1
US70255625,25,1
US70254590,25,1
US70253803,25,1
US84255634,25,1
US70254750,25,1
US70255575,25,1
US70251394,25,1
US70251537,25,1
