UID,ETAG,AGE,LINE,RMK,BPEN,BGRP,RGRP,FAWT,COND,WORK
96BR00001,A1116,2.0,ch,ORPHAN,ai2,2,2,118,0,W
96BR00002,A1101,2.0,81,ENTR 1EYE,02,2,0,155,0,W
96BR00003,A1103,2.0,81,,03,2,0,180,0,W
96BR00004,A1109,2.0,73,4TEATS,5,F,6,145,0,W
96BR00005,A1131,2.0,ch,4TEATS,ai2,2,2,163,0,W
96BR00006,A1133,2.0,ch,4TEATS,ai2,2,2,131,0,W
96BR00007,A1134,2.0,ch,,ai2,2,2,151,0,W
96BR00008,A1141,2.0,73,,6,F,6,164,0,W
96BR00009,A1142,2.0,73,X L TEAT ???,7,F,6,0,0,W
96BR00010,A1151,2.0,81,,ai0,2,0,172,0,W
96BR00011,A1154,2.0,ch,,ai2,2,2,200,0,W
96BR00012,A1157,2.0,81,THIN 96,01,2,0,143,0,W
96BR00013,A1161,2.0,ch,,ai2,2,2,140,0,W
96BR00014,A1169,2.0,ch,,ai2,2,2,132,0,W
96BR00015,A1121,2.0,ch,ORPHAN,ai2,2,2,133,0,W
96BR00016,A1125,2.0,ch,4TEATS,ai2,2,2,161,0,W
96BR00017,A1129,2.0,ch,,ai2,2,2,119,0,W
96BR00018,A1183,2.0,81,,02,2,0,160,0,W
96BR00019,A1177,2.0,ch,4TEATS,ai2,2,2,189,0,W
96BR00020,A1011,2.0,73,,5,F,6,0,0,W
96BR00021,A1014,2.0,81,,03,2,0,183,0,W
96BR00022,A1043,2.0,73,4TEATS,4,F,6,0,0,W
96BR00023,A1046,2.0,ch,,ai2,2,2,169,0,W
96BR00024,A1050,2.0,73,,6,F,6,0,0,W
96BR00025,A1053,2.0,73,,3,F,6,191,0,W
96BR00026,A1062,2.0,81,,02,2,0,173,0,W
96BR00027,A1024,2.0,81,,ai0,2,0,155,0,W
96BR00028,A1026,2.0,82,,28,2,0,153,0,W
96BR00029,A1085,2.0,82,DYSTOCIA 95,ai0,2,0,179,0,W
96BR00030,A1082,2.0,81,,03,2,0,174,0,W
96BR00031,A1088,2.0,ch,,ai2,2,2,116,0,W
96BR00032,A1089,2.0,81,,01,2,0,148,0,W
96BR00033,A1090,2.0,81,,ai0,2,0,146,0,W
96BR00034,A1096,2.0,ch,3TEATS,ai2,2,2,156,0,W
96BR00035,A1099,2.0,ch,,ai2,2,2,128,0,W
96BR00036,A1073,2.0,81,,01,2,0,138,0,W
96BR00037,A1074,2.0,81,,ai0,2,0,160,0,W
96BR00038,A1078,2.0,ch,,ai2,2,2,119,0,W
96BR00039,A1079,2.0,ch,,ai2,2,2,151,0,W
96BR00040,A1311,2.0,ch,,ai2,2,2,118,0,W
96BR00041,A1314,2.0,ch,,ai2,2,2,124,0,W
96BR00042,A1315,2.0,ch,ENTR,ai2,2,2,124,0,W
96BR00043,A1301,2.0,73,,1,F,6,167,0,W
96BR00044,A1331,2.0,82,,24,2,0,155,0,W
96BR00045,A1337,2.0,ch,,ai2,2,2,139,0,W
96BR00046,A1346,2.0,ch,SM BAG,ai2,2,2,142,0,W
96BR00047,A1347,2.0,ch,,ai2,2,2,144,0,W
96BR00048,A1351,2.0,73,HAIRY,1,F,6,0,0,W
96BR00049,A1358,2.0,82,,ai0,2,0,141,0,W
96BR00050,A1365,2.0,82,4TEATS,25,2,0,156,0,W
96BR00051,A1362,2.0,ch,,ai2,2,2,128,0,W
96BR00052,A1383,2.0,81,,03,2,0,145,0,W
96BR00053,A1397,2.0,81,,01,2,0,164,0,W
96BR00054,A1374,2.0,73,ENTR,3,F,6,0,0,W
96BR00055,A1404,2.0,81,4TEATS,ai0,2,0,169,0,W
96BR00056,A1439,2.0,82,,ai0,2,0,160,0,W
96BR00057,A1441,2.0,73,PG 0 9/9/96,4,F,6,132,0,W
96BR00058,A1440,2.0,73,,2,F,6,0,0,W
96BR00059,A1443,2.0,73,,3,F,6,0,0,W
96BR00060,A1449,2.0,82,SM BAG,27,2,0,201,0,W
96BR00061,A1451,2.0,82,,28,2,0,161,0,W
96BR00062,A1452,2.0,82,,ai0,2,0,173,0,W
96BR00063,A1428,2.0,82,4TEATS,26,2,0,162,0,W
96BR00064,A1493,2.0,81,,02,2,0,165,0,W
96BR00065,A1513,2.0,73,,5,F,6,0,0,W
96BR00066,A1517,1.5,73,"WEAK,IMM.",,F,6,116,0,W
96BR00067,A1503,2.0,82,,21,2,0,157,0,W
96BR00068,A1531,1.5,73,,,F,6,115,0,W
96BR00069,A1539,1.5,73,TRT REYE 9/18,,F,6,120,0,W
96BR00070,A1544,1.5,73,,,F,6,138,0,W
96BR00071,A1546,1.5,73,,,F,6,142,0,W
96BR00072,A1549,1.5,73,,,F,6,120,0,W
96BR00073,A1556,1.5,73,,,F,6,134,0,W
96BR00074,A1563,1.5,73,,,F,6,127,0,W
96BR00075,A1525,1.5,73,SUCK1SIDE,,F,6,134,0,W
96BR00076,A1527,1.5,73,,,F,6,115,0,W
96BR00077,A1587,1.5,73,,,F,6,110,0,W
96BR00078,A1592,1.5,73,,,F,6,121,0,W
96BR00079,A1574,1.5,73,,,F,6,127,0,W
96BR00080,A1579,1.5,73,BRN SPT L EAR,,F,6,123,0,W
96BR00081,A1610,1.5,73,,,F,6,121,0,W
96BR00082,A1612,1.5,73,,,F,6,128,0,W
96BR00083,A1617,1.5,73,,,F,6,160,0,W
96BR00084,A1601,1.5,73,,,F,6,137,0,W
96BR00085,A1603,1.5,73,BIGTAG95,,F,6,118,0,W
96BR00086,A1609,1.5,73,,,F,6,142,0,W
96BR00087,A1634,1.5,73,,,F,6,129,0,W
96BR00088,A1636,1.5,73,,,F,6,139,0,W
96BR00089,A1637,1.5,73,,,F,6,137,0,W
96BR00090,A1641,1.5,73,,,F,6,118,0,W
96BR00091,A1644,1.5,73,,,F,6,131,0,W
96BR00092,A1649,1.5,73,,,F,6,132,0,W
96BR00093,A1655,1.5,73,BLK SPT L EAR,,F,6,134,0,W
96BR00094,A1667,1.5,73,,,F,6,138,0,W
96BR00095,A1623,1.5,73,,,F,6,141,0,W
96BR00096,A1628,1.5,73,?PG NOT BRED,,F,6,110,0,W
96BR00097,A1629,1.5,73,,,F,6,122,0,W
96BR00098,A1690,1.5,73,,,F,6,128,0,W
96BR00099,A1692,1.5,73,,,F,6,150,0,W
96BR00100,A1673,1.5,73,SAVE,,F,6,142,0,W
96BR00101,A1205,2.0,82,,21,2,0,153,0,W
96BR00102,A1206,2.0,73,,8,F,6,0,0,W
96BR00103,A1207,2.0,73,,8,F,6,0,0,W
96BR00104,A1234,2.0,81,,ai0,2,0,161,0,W
96BR00105,A1236,2.0,ch,,ai2,2,2,208,0,W
96BR00106,A1232,2.0,ch,,ai2,2,2,181,0,W
96BR00107,A1237,2.0,ch,,ai2,2,2,174,0,W
96BR00108,A1240,2.0,ch,,ai2,2,2,153,0,W
96BR00109,A1246,2.0,73,4TEATS,9,F,6,0,0,W
96BR00110,A1242,2.0,ch,,ai2,2,2,110,0,W
96BR00111,A1250,2.0,82,SM BAG,ai0,2,0,194,0,W
96BR00112,A1260,2.0,ch,,ai2,2,2,139,0,W
96BR00113,A1265,2.0,73,,10,F,6,178,0,W
96BR00114,A1267,2.0,82,,23,2,0,143,0,W
96BR00115,A1220,2.0,ch,,ai2,2,2,164,0,W
96BR00116,A1222,2.0,82,,22,2,0,155,0,W
96BR00117,A1228,2.0,ch,4TEATS,ai2,2,2,160,0,W
96BR00118,A1229,2.0,ch,,ai2,2,2,140,0,W
96BR00119,A1280,2.0,ch,R.P.,ai2,2,2,138,0,W
96BR00120,A1291,2.0,73,,10,F,6,0,0,W
96BR00121,A1294,2.0,ch,CUT L. SHOULD,ai2,2,2,121,0,W
96BR00122,A1810,1.0,73,,5,F,6,137,0,W
96BR00123,A1814,1.0,73,,6,F,6,0,0,W
96BR00124,A1809,1.0,82,,24,2,0,130,0,W
96BR00125,A1831,1.0,73,,1,F,6,124,0,W
96BR00126,A1833,1.0,82,,25,2,0,128,0,W
96BR00127,A1832,1.0,73,,8,F,6,124,0,W
96BR00128,A1839,1.0,73,,7,F,6,133,0,W
96BR00129,A1840,1.0,73,URI,9,F,6,0,0,W
96BR00130,A1850,1.0,73,,1,F,6,126,0,W
96BR00131,A1855,1.0,81,,02,2,0,138,0,W
96BR00132,A1859,1.0,73,,2,F,6,130,0,W
96BR00133,A1861,1.0,82,,26,2,0,128,0,W
96BR00134,A1828,1.0,82,,ai0,2,0,120,0,W
96BR00135,A1893,1.0,73,,2,F,6,139,0,W
96BR00136,A1898,1.0,73,,3,F,6,134,0,W
96BR00137,A1899,1.0,73,HAIRY,3,F,6,0,0,W
96BR00138,A1871,1.0,82,,ai0,2,0,173,0,W
96BR00139,A1875,1.0,73,HAIRY,10,F,6,114,0,W
96BR00140,A1916,1.0,82,NICE,27,2,0,132,0,W
96BR00141,A1912,1.0,00,PINTO EWE,743,2,1,128,0,W
96BR00142,A1918,1.0,81,1TAG,01,2,0,155,0,W
96BR00143,A1919,1.0,81,DYSTOCIA,02,2,0,130,0,W
96BR00144,A1903,1.0,81,,03,2,0,159,0,W
96BR00145,A1909,1.0,81,,ai0,2,0,158,0,W
96BR00146,A1936,1.0,82,,22,2,0,153,0,W
96BR00147,A1943,1.0,81,,ai0,2,0,136,0,W
96BR00148,A1951,1.0,82,4TEATS,ai0,2,0,127,0,W
96BR00149,A1965,1.0,73,4TEATS,4,F,6,0,0,W
96BR00150,A1920,1.0,82,4TEATS,28,2,0,148,0,W
96BR00151,A1928,1.0,82,,21,2,0,114,0,W
96BR00152,A1927,1.0,82,ENTR,ai0,2,0,129,0,W
96BR00153,A1981,1.0,ch,,ai2,2,2,125,0,W
96BR00154,A1998,1.0,ch,,ai2,2,2,145,0,W
96BR00155,A1971,1.0,82,,23,2,0,106,0,W
96BR00156,A1716,1.5,73,,,F,6,125,0,W
96BR00157,A1717,1.5,73,,,F,6,144,0,W
96BR00158,A1701,1.5,73,,,F,6,131,0,W
96BR00159,A1703,1.5,73,,,F,6,107,0,W
96BR00160,A1704,1.5,73,,,F,6,130,0,W
96BR00161,A1705,1.5,73,,,F,6,117,0,W
96BR00162,A1731,1.5,73,,,F,6,117,0,W
96BR00163,A1723,1.5,73,,,F,6,120,0,W
96BR00164,A1729,1.5,73,,,F,6,132,0,W
96BR00165,A1789,1.0,73,,3,F,6,142,0,W
96BR00166,A1793,1.0,82,4TEATS,ai0,2,0,123,0,W
96BR00167,A1796,1.0,82,4TEATS,23,2,0,135,0,W
96BR00168,A1770,1.0,73,,1,F,6,159,0,W
96BR00169,A1779,1.0,82,,22,2,0,152,0,W
96BR00170,A1000,2.0,ch,DYSTOCIA 95,ai2,2,2,141,0,W
96BR00171,A0152,3.0,81,,01,2,0,197,0,W
96BR00172,A0165,3.0,81,,ai0,2,0,168,0,W
96BR00173,A0120,3.0,82,,ai0,2,0,183,0,W
96BR00174,A0129,3.0,81,,03,2,0,175,0,W
96BR00175,A0181,3.0,81,,02,2,0,187,0,W
96BR00176,A0184,3.0,82,,25,2,0,171,0,W
96BR00177,A0187,3.0,82,,26,2,0,177,0,W
96BR00178,A0039,3.0,81,,ai0,2,0,167,0,W
96BR00179,A0051,3.0,82,,ai0,2,0,163,0,W
96BR00180,A0068,3.0,82,,23,2,0,180,0,W
96BR00181,A0084,3.0,82,SW BAG,24,2,0,164,0,W
96BR00182,A0317,2.5,73,,6,F,6,0,0,W
96BR00183,A0302,2.5,73,,4,F,6,0,0,W
96BR00184,A0332,2.5,73,,8,F,6,0,0,W
96BR00185,A0354,2.5,72,,9,F,6,0,0,W
96BR00186,A0355,2.5,73,,10,F,6,0,0,W
96BR00187,A0365,2.5,73,,2,F,6,0,0,W
96BR00188,A0366,2.5,73,,3,F,6,161,0,W
96BR00189,A0327,2.5,73,,5,F,6,0,0,W
96BR00190,A0395,2.5,73,DYSTOCIA 95,4,F,6,191,0,W
96BR00191,A0411,2.5,73,,8,F,6,0,0,W
96BR00192,A0407,2.5,73,,6,F,6,149,0,W
96BR00193,A0441,2.5,73,,2,F,6,0,0,W
96BR00194,A0456,2.5,73,,3,F,6,163,0,W
96BR00195,A0461,2.5,73,,5,F,6,0,0,W
96BR00196,A0460,2.5,73,,4,F,6,0,0,W
96BR00197,A0424,2.5,72,,9,F,6,158,0,W
96BR00198,A0428,2.5,73,,10,F,6,0,0,W
96BR00199,A0490,2.5,73,,7,F,6,0,0,W
96BR00200,A0495,2.5,73,LAMBED1/21/96,,F,6,172,0,W
96BR00201,A0479,2.5,73,,6,F,6,183,0,W
96BR00202,A0501,2.5,73,,9,F,6,0,0,W
96BR00203,A0531,2.5,73,,4,F,6,170,0,W
96BR00204,A0541,2.5,73,,5,F,6,172,0,W
96BR00205,A0551,2.5,73,,7,F,6,0,0,W
96BR00206,A0558,2.5,73,,10,F,6,0,0,W
96BR00207,A0520,2.5,73,,3,F,6,0,0,W
96BR00208,A0584,2.5,73,,1,F,6,0,0,W
96BR00209,A0570,2.5,73,,9,F,6,0,0,W
96BR00210,A0603,2.5,72,,2,F,6,0,0,W
96BR00211,A0686,2.0,81,HAIRY,01,2,0,163,0,W
96BR00212,A0687,2.0,73,,1,F,6,165,0,W
96BR00213,A0695,2.0,81,,02,2,0,161,0,W
96BR00214,A0210,3.0,81,,03,2,0,187,0,W
96BR00215,A0214,3.0,82,WOUND L SHOU,ai0,2,0,164,0,W
96BR00216,A0241,3.0,00,BLK NO BAG 1-,742,2,1,178,0,W
96BR00217,A0255,2.5,73,,7,F,6,0,0,W
96BR00218,A0258,2.5,72,,6,F,6,0,0,W
96BR00219,A0269,2.5,73,,8,F,6,0,0,W
96BR00220,A0291,2.5,72,DYSTOCIA 95,2,F,6,0,0,W
96BR00221,A0810,2.0,82,NICE,23,2,0,151,0,W
96BR00222,A0819,2.0,81,,02,2,0,154,0,W
96BR00223,A0807,2.0,81,,01,2,0,169,0,W
96BR00224,A0832,2.0,82,TIGHT TEATS,24,2,0,166,0,W
96BR00225,A0844,2.0,73,,4,F,6,155,0,W
96BR00226,A0849,2.0,73,4TEATS,5,F,6,167,0,W
96BR00227,A0854,2.0,73,4TEATS,2,F,6,165,0,W
96BR00228,A0856,2.0,73,"BRITCHY,ok",9,F,6,0,0,W
96BR00229,A0858,2.0,81,,03,2,0,167,0,W
96BR00230,A0866,2.0,73,4TEATS,8,F,6,167,0,W
96BR00231,A0825,2.0,81,HARD BAG,ai0,2,0,180,0,W
96BR00232,A0884,2.0,81,,01,2,0,156,0,W
96BR00233,A0876,2.0,82,TINY BAG,ai0,2,0,148,0,W
96BR00234,A0902,2.0,73,,2,F,6,0,0,W
96BR00235,A0939,2.0,ch,,ai2,2,2,181,0,W
96BR00236,A0943,2.0,73,,10,F,6,0,0,W
96BR00237,A0954,2.0,82,,ai0,2,0,170,0,n
96BR00238,A0956,2.0,ch,,ai2,2,2,151,0,W
96BR00239,A0952,2.0,82,SM BAG,26,2,0,152,0,W
96BR00240,A0961,2.0,ch,CONJUNCTIVITI,ai2,2,2,138,0,W
96BR00241,A0966,2.0,ch,,ai2,2,2,107,0,W
96BR00242,A0962,2.0,ch,,ai2,2,2,137,0,W
96BR00243,A0920,2.0,82,,25,2,0,176,0,W
96BR00244,A0929,2.0,81,4TEATS,ai0,2,0,157,0,W
96BR00245,A0983,2.0,73,,2,F,6,0,0,W
96BR00246,A0986,2.0,82,4TEATS,27,2,0,148,0,W
96BR00247,A0990,2.0,ch,,ai2,2,2,156,0,W
96BR00248,A0975,2.0,81,4TEATS,02,2,0,139,0,W
96BR00249,A0711,2.0,81,,ai0,2,0,177,0,W
96BR00250,A0710,2.0,81,,01,2,0,190,0,W
96BR00251,A0704,2.0,81,4TEATS,ai0,2,0,167,0,W
96BR00252,A0706,2.0,81,,03,2,0,169,0,W
96BR00253,A0738,2.0,82,HARD BAG,27,2,0,178,0,W
96BR00254,A0743,2.0,81,,02,2,0,147,0,W
96BR00255,A0751,2.0,81,,03,2,0,150,0,W
96BR00256,A0753,2.0,73,4TEATS,5,F,6,0,0,W
96BR00257,A0754,2.0,82,4TEATS,28,2,0,135,0,W
96BR00258,A0752,2.0,73,4TEATS ABORT,3,F,6,175,0,W
96BR00259,A0761,2.0,82,FIRM BAG,ai0,2,0,159,0,W
96BR00260,A0768,2.0,82,,21,2,0,133,0,W
96BR00261,A0786,2.0,81,,ai0,2,0,148,0,W
96BR00262,A0795,2.0,73,,7,F,6,0,0,W
96BR00263,A0798,2.0,82,,ai0,2,0,157,0,W
96BR00264,A0774,2.0,82,4TEATS,22,2,0,159,0,W
96BR00265,A0777,2.0,73,4TEATS,6,F,6,0,0,W
96BR00266,A2116,1.0,82,,21,2,0,140,0,W
96BR00267,A2130,1.0,81,,ai0,2,0,154,0,W
96BR00268,A2133,1.0,73,,6,F,6,109,0,W
96BR00269,A2134,1.0,73,,1,F,6,125,0,W
96BR00270,A2136,1.0,73,,10,F,6,139,0,W
96BR00271,A2138,1.0,82,,22,2,0,146,0,W
96BR00272,A2145,1.0,81,,02,2,0,150,0,W
96BR00273,A2151,1.0,73,URI,2,F,6,153,0,W
96BR00274,A2161,1.0,81,,01,2,0,136,0,W
96BR00275,A2163,1.0,81,,02,2,0,150,0,W
96BR00276,A2165,1.0,82,,ai0,2,0,140,0,W
96BR00277,A2162,1.0,81,,ai0,2,0,155,0,W
96BR00278,A2124,1.0,73,,9,F,6,114,0,W
96BR00279,A2128,1.0,81,"FEVER, URI",01,2,0,134,0,W
96BR00280,A2129,1.0,81,,03,2,0,142,0,W
96BR00281,A2182,1.0,73,,3,F,6,128,0,W
96BR00282,A2188,1.0,73,,5,F,6,128,0,W
96BR00283,A2187,1.0,73,,4,F,6,130,0,W
96BR00284,A2171,1.0,82,BRITCHY,24,2,0,139,0,W
96BR00285,A2012,1.0,82,,ai0,2,0,157,0,W
96BR00286,A2017,1.0,81,,ai0,2,0,116,0,W
96BR00287,A2040,1.0,73,,5,F,6,150,0,W
96BR00288,A2049,1.0,81,,03,2,0,180,0,W
96BR00289,A2050,1.0,81,,ai0,2,0,156,0,W
96BR00290,A2055,1.0,73,CONJUNCTIVITI,6,F,6,147,0,W
96BR00291,A2052,1.0,73,,5,F,6,121,0,W
96BR00292,A2058,1.0,73,VAG.DISCHARGE,7,F,6,120,0,W
96BR00293,A2057,1.0,73,,4,F,6,126,0,W
96BR00294,A2066,1.0,82,MOTHERLY+,ai0,2,0,135,0,W
96BR00295,A2068,1.0,81,"ENTR,URI",03,2,0,171,0,W
96BR00296,A2021,1.0,82,,25,2,0,137,0,W
96BR00297,A2024,1.0,82,,26,2,0,147,0,W
96BR00298,A2083,1.0,82,,27,2,0,139,0,W
96BR00299,A2084,1.0,82,,ai0,2,0,143,0,W
96BR00300,A2094,1.0,81,,01,2,0,147,0,W
96BR00301,A2097,1.0,81,,ai0,2,0,168,0,W
96BR00302,A2070,1.0,73,RAT#1,8,F,6,136,0,W
96BR00303,A2075,1.0,82,,28,2,0,127,0,W
96BR00304,A2079,1.0,81,,02,2,0,139,0,W
96BR00305,A2313,1.0,81,4TEATS,03,2,0,139,0,W
96BR00306,A2300,1.0,ch,3TEATS,ai2,2,2,124,0,W
96BR00307,A2302,1.0,ch,3TEATS,ai2,2,2,159,0,W
96BR00308,A2308,1.0,81,BRITCHY?,ai0,2,0,134,0,W
96BR00309,A2330,1.0,ch,TAILHEAD INF.,ai2,2,2,108,0,W
96BR00310,A2336,1.0,82,HAIRY,26,2,0,120,0,W
96BR00311,A2338,1.0,81,,ai0,2,0,139,0,W
96BR00312,A2343,1.0,82,BRITCHY,ai0,2,0,136,0,W
96BR00313,A2351,1.0,73,,9,F,6,135,0,W
96BR00314,A2356,1.0,ch,"ENTR,FEVER,RI",ai2,2,2,134,0,W
96BR00315,A2358,1.0,81,,01,2,0,150,0,W
96BR00316,A2361,1.0,ch,3TEATS,ai2,2,2,116,0,W
96BR00317,A2364,1.0,ch,4TEATS,ai2,2,2,122,0,W
96BR00318,A2365,1.0,ch,,ai2,2,2,147,0,W
96BR00319,A2366,1.0,ch,THICK MILK,ai2,2,2,118,0,W
96BR00320,A2368,1.0,ch,3TEATS,ai2,2,2,104,0,W
96BR00321,A2369,1.0,ch,"4TEATS,AB.EAR",ai2,2,2,92,0,W
96BR00322,A2367,1.0,ch,WITH LISA '96,ai2,2,2,92,0,W
96BR00323,A2323,1.0,ch,,ai2,2,2,107,0,W
96BR00324,A2325,1.0,73,4TEATS,8,F,6,128,0,W
96BR00325,A2326,1.0,ch,4TEATS,ai2,2,2,122,0,W
96BR00326,A2322,1.0,ch,,ai2,2,2,114,0,W
96BR00327,A2329,1.0,ch,,ai2,2,2,148,0,W
96BR00328,A2327,1.0,ch,,ai2,2,2,135,0,W
96BR00329,A2388,1.0,ch,DYSTOCIA,ai2,2,2,145,0,W
96BR00330,A2387,1.0,73,"HAIRY,4TEATS",9,F,6,128,0,W
96BR00331,A2395,1.0,ch,4TEATS,ai2,2,2,107,0,W
96BR00332,A2392,1.0,ch,,ai2,2,2,152,0,W
96BR00333,A2398,1.0,ch,,ai2,2,2,136,0,W
96BR00334,A2370,1.0,ch,QUIET,ai2,2,2,143,0,W
96BR00335,A2411,1.0,73,,8,F,6,128,0,W
96BR00336,A2414,1.0,ch,,ai2,2,2,136,0,W
96BR00337,A2403,1.0,ch,,ai2,2,2,130,0,W
96BR00338,A2404,1.0,ch,,ai2,2,2,142,0,W
96BR00339,A2402,1.0,ch,,ai2,2,2,119,0,W
96BR00340,A2442,1.0,ch,"4TEAT,SCOURS",ai2,2,2,112,0,W
96BR00341,A2449,1.0,ch,,ai2,2,2,127,0,W
96BR00342,A2453,1.0,ch,,ai2,2,2,127,0,W
96BR00343,A2456,1.0,ch,,ai2,2,2,116,0,W
96BR00344,A2421,1.0,73,,7,F,6,129,0,W
96BR00345,A2490,1.0,73,"4TEATS,?EYES",10,F,6,129,0,W
96BR00346,A2471,1.0,ch,,ai2,2,2,117,0,W
96BR00347,A2474,1.0,82,,28,2,0,134,0,W
96BR00348,A2476,1.0,ch,,ai2,2,2,128,0,W
96BR00349,A2478,1.0,ch,,ai2,2,2,154,0,W
96BR00350,A2479,1.0,ch,"URI,COUGH",ai2,2,2,111,0,W
96BR00351,A2477,1.0,ch,,ai2,2,2,146,0,W
96BR00352,A2511,1.0,ch,,ai2,2,2,128,0,W
96BR00353,A2510,1.0,ch,"FX.RIBS,DYSTO",ai2,2,2,144,0,W
96BR00354,A2517,1.0,82,,27,2,0,130,0,W
96BR00355,A2506,1.0,00,"BLACK,LAME,ok",744,2,1,117,0,W
96BR00356,A2536,1.0,81,3TEATS,ai0,2,0,120,0,W
96BR00357,A2539,1.0,82,,ai0,2,0,140,0,W
96BR00358,A2543,1.0,73,,9,F,6,126,0,W
96BR00359,A2544,1.0,73,,10,F,6,139,0,W
96BR00360,A2546,1.0,81,HAIRY,03,2,0,148,0,W
96BR00361,A2542,1.0,ch,,ai2,2,2,105,0,W
96BR00362,A2548,1.0,ch,"BLK 1"" R.SHOU",ai2,2,2,108,0,W
96BR00363,A2547,1.0,ch,BRN FEET *4,ai2,2,2,149,0,W
96BR00364,A2551,1.0,ch,,ai2,2,2,118,0,W
96BR00365,A2559,1.0,ch,,ai2,2,2,123,0,W
96BR00366,A2523,1.0,81,,02,2,0,138,0,W
96BR00367,A2529,1.0,81,,02,2,0,152,0,W
96BR00368,A2580,0.5,73,FOUND 9/10/96,744,2,6,123,0,W
96BR00369,A2589,0.5,73,,743,2,6,128,0,W
96BR00370,A2591,0.5,73,,742,2,6,126,0,W
96BR00371,A2595,0.5,73,,741,2,6,132,0,W
96BR00372,A2598,0.5,73,,742,2,6,133,0,W
96BR00373,A2570,1.0,ch,,ai2,2,2,132,0,W
96BR00374,A2579,0.5,73,,741,2,6,136,0,W
96BR00375,A2610,0.5,73,,741,2,6,129,0,W
96BR00376,A2613,0.5,73,,744,2,6,127,0,W
96BR00377,A2614,0.5,73,,742,2,6,158,0,W
96BR00378,A2608,0.5,73,1TAG,744,2,6,143,0,W
96BR00379,A2630,0.5,73,,741,2,6,121,0,W
96BR00380,A2632,0.5,73,W/ LAMB,742,2,6,148,0,W
96BR00381,A2638,0.5,73,,744,2,6,125,0,W
96BR00382,A2639,0.5,73,,741,2,6,121,0,W
96BR00383,A2637,0.5,73,,743,2,6,130,0,W
96BR00384,A2640,0.5,73,,742,2,6,125,0,W
96BR00385,A2645,0.5,73,,743,2,6,133,0,W
96BR00386,A2658,0.5,73,,741,2,6,135,0,W
96BR00387,A2657,0.5,73,,744,2,6,129,0,W
96BR00388,A2666,0.5,73,FOUND 9/10/96,742,2,6,122,0,W
96BR00389,A2669,0.5,73,,744,2,6,133,0,W
96BR00390,A2667,0.5,73,,743,2,6,113,0,W
96BR00391,A2620,0.5,73,,743,2,6,134,0,W
96BR00392,A2623,0.5,73,,741,2,6,126,0,W
96BR00393,A2626,0.5,73,,742,2,6,145,0,W
96BR00394,A2628,0.5,73,,743,2,6,132,0,W
96BR00395,A2629,0.5,73,,744,2,6,146,0,W
96BR00396,A2682,0.5,73,,742,2,6,146,0,W
96BR00397,A2688,0.5,73,,743,2,6,101,0,W
96BR00398,A2689,0.5,73,W/ LAMB,744,2,6,116,0,W
96BR00399,A2690,0.5,73,,741,2,6,146,0,W
96BR00400,A2693,0.5,73,,743,2,6,139,0,W
96BR00401,A2694,0.5,73,BRN LR LEG,741,2,6,135,0,W
96BR00402,A2696,0.5,73,,744,2,6,146,0,W
96BR00403,A2692,0.5,73,,742,2,6,129,0,W
96BR00404,A2670,0.5,73,,741,2,6,120,0,W
96BR00405,A2673,0.5,73,,742,2,6,150,0,W
96BR00406,A2676,0.5,73,4TEATS,743,2,6,149,0,W
96BR00407,A2679,0.5,73,CURLY,744,2,6,137,0,W
96BR00408,A2677,0.5,73,,741,2,6,133,0,W
96BR00409,A2600,0.5,73,,743,2,6,142,0,W
96BR00410,A2213,1.0,73,,7,F,6,136,0,W
96BR00411,A2202,1.0,82,,23,2,0,147,0,W
96BR00412,A2207,1.0,ch,4TEATS,ai2,2,2,129,0,W
96BR00413,A2237,1.0,73,HAIRY,6,F,6,135,0,W
96BR00414,A2243,1.0,82,NICE EWE,ai0,2,0,137,0,W
96BR00415,A2248,1.0,ch,,ai2,2,2,149,0,W
96BR00416,A2250,1.0,ch,,ai2,2,2,122,0,W
96BR00417,A2252,1.0,81,,03,2,0,146,0,W
96BR00418,A2257,1.0,81,,ai0,2,0,150,0,W
96BR00419,A2223,1.0,ch,,ai2,2,2,137,0,W
96BR00420,A2283,1.0,ch,4TEATS,ai2,2,2,123,0,W
96BR00421,A2286,1.0,82,NICE EWE,25,2,0,139,0,W
96BR00422,A2293,1.0,ch,4TEATS,ai2,2,2,133,0,W
96BR00423,A2292,1.0,81,,01,2,0,140,0,W
96BR00424,A2299,1.0,ch,3TEATS,ai2,2,2,109,0,W
96BR00425,A2271,1.0,73,R.EYE TRT,8,F,6,132,0,W
96BR00426,A2270,1.0,ch,,ai2,2,2,133,0,W
96BR00427,A2273,1.0,73,3TEATS,7,F,6,123,0,W
96BR00428,A2275,1.0,81,,01,2,0,159,0,W
96BR00429,A2277,1.0,ch,,ai2,2,2,151,0,W
96BR00430,A2713,0.5,73,,744,2,6,137,0,W
96BR00431,A2718,0.5,73,,741,2,6,124,0,W
96BR00432,A2719,0.5,73,NICE,742,2,6,139,0,W
96BR00433,A2701,0.5,73,,742,2,6,125,0,W
96BR00434,A2707,0.5,73,,743,2,6,128,0,W
96BR00435,A2731,0.5,73,,741,2,6,123,0,W
96BR00436,A2730,0.5,73,,744,2,6,128,0,W
96BR00437,A2733,0.5,73,W/ LAMB,741,2,6,133,0,W
96BR00438,A2736,0.5,73,,742,2,6,134,0,W
96BR00439,A2732,0.5,73,,744,2,6,132,0,W
96BR00440,A2739,0.5,73,,743,2,6,135,0,W
96BR00441,A2743,0.5,73,,744,2,6,120,0,W
96BR00442,A2747,0.5,73,,742,2,6,152,0,W
96BR00443,A2752,0.5,73,,743,2,6,146,0,W
96BR00444,A2758,0.5,73,,741,2,6,126,0,W
96BR00445,A2759,0.5,73,,744,2,6,125,0,W
96BR00446,A2761,0.5,73,,742,2,6,148,0,W
96BR00447,A2760,0.5,73,,741,2,6,132,0,W
96BR00448,A2769,0.5,73,,743,2,6,142,0,W
96BR00449,A2721,0.5,73,,743,2,6,133,0,W
96BR00450,A2781,0.5,73,,741,2,6,120,0,W
96BR00451,A2782,0.5,73,,742,2,6,120,0,W
96BR00452,A2771,0.5,73,HAIRY,742,2,6,138,0,W
96BR00453,A2773,0.5,73,,744,2,6,124,0,W
96BR00454,A2772,0.5,73,,743,2,6,131,0,W
96BR00455,A2000,1.0,82,LF LAME,24,2,0,148,0,W
96BR00456,A0004,3.0,00,"BLACK,ReyeTRT",741,2,1,193,0,W
96BR00457,K4448,6.0,62,,01,1,0,196,0,W
96BR00458,K4450,6.0,61,VLTS,aiD,A,0,167,0,W
96BR00459,K4603,6.0,61,VLTS,02,1,0,211,0,W
96BR00460,K4605,6.0,60,R.P.,03,1,0,195,0,W
96BR00461,K4667,6.0,60,FLTS,04,1,0,196,0,W
96BR00462,K4676,6.0,61,RF LAME 95 ok,aiD,A,0,219,0,W
96BR00463,K4842,6.0,60,REARED 3 222#,aiD,A,0,211,0,W
96BR00464,K4858,6.0,62,LAME L.SHOU.,aiD,A,0,185,0,W
96BR00465,K4891,6.0,60,R.CORNEALSCAR,03,1,0,176,0,W
96BR00466,K4907,6.0,60,,04,1,0,208,0,W
96BR00467,K4942,6.0,61,,aiD,A,0,169,0,W
96BR00468,K4966,6.0,62,,aiD,A,0,177,0,W
96BR00469,K4988,6.0,60,FLTS,52,1,0,188,0,W
96BR00470,K4718,6.0,60,"SUCK1SIDE,FLT",aiD,A,0,165,0,W
96BR00471,K4728,6.0,61,,aiD,A,0,193,0,W
96BR00472,K4727,6.0,62,VLTS,01,1,0,201,0,W
96BR00473,K4770,6.0,60,HARD AB.BACK,02,1,0,214,0,W
96BR00474,K5116,5.0,60,,aiD,A,0,185,0,W
96BR00475,K5151,5.0,61,,aiD,A,0,163,0,W
96BR00476,K5125,5.0,61,NICE EWE,02,1,0,201,0,W
96BR00477,K5011,6.0,60,,53,1,0,164,0,W
96BR00478,K5054,6.0,60,,aiD,A,0,200,0,W
96BR00479,K5062,6.0,61,,54,1,0,197,0,W
96BR00480,K5072,6.0,61,LOST @HOWE93,01,1,0,187,0,W
96BR00481,K5360,5.0,61,,03,1,0,197,0,W
96BR00482,K5369,5.0,62,"LAME RR RX,OK",aiD,A,0,203,0,W
96BR00483,K5493,5.0,60,,52,1,0,193,0,W
96BR00484,K5478,5.0,61,FIGHTER,04,1,0,181,0,W
96BR00485,K5508,5.0,62,,53,1,0,204,0,W
96BR00486,K5552,5.0,62,FLTS,aiD,A,0,209,0,W
96BR00487,K5572,5.0,60,,54,1,0,183,0,W
96BR00488,K5579,5.0,61,DYSTOCIA 95,aiD,A,0,173,0,W
96BR00489,K5616,5.0,62,,aiD,A,0,189,0,W
96BR00490,K5609,5.0,60,DYSTOCIA,aiD,A,0,221,0,W
96BR00491,K5635,5.0,60,VLTS,01,1,0,226,0,W
96BR00492,K5654,5.0,61,268# 4/26/96,02,1,0,218,0,W
96BR00493,K5685,5.0,61,LTS,aiD,A,0,215,0,W
96BR00494,K5678,5.0,60,GASH L SHOU,03,1,0,225,0,W
96BR00495,K5203,5.0,60,,aiD,A,0,192,0,W
96BR00496,K5238,5.0,60,SUCK1SIDE LT,04,1,0,215,0,W
96BR00497,K5246,5.0,62,,aiD,A,0,196,0,W
96BR00498,K5252,5.0,61,,01,1,0,203,0,W
96BR00499,K5266,5.0,61,R.P.,aiD,A,0,180,0,W
96BR00500,K5267,5.0,60,"SWBAG,REARED3",02,1,0,188,0,W
96BR00501,K5228,5.0,61,SW BAG,03,1,0,182,0,W
96BR00502,K5295,5.0,62,,aiD,A,0,217,0,W
96BR00503,K5813,5.0,61,,02,1,0,187,0,W
96BR00504,K5830,4.0,61,SUCK1SIDE,03,1,0,176,0,W
96BR00505,K5835,4.0,60,SUCK1SIDE,04,1,0,188,0,W
96BR00506,K5840,4.0,61,VLT,52,1,0,219,0,W
96BR00507,K5842,4.0,60,,53,1,0,189,0,W
96BR00508,K5866,4.0,60,,54,1,0,155,0,W
96BR00509,K5868,4.0,61,,aiD,A,0,196,0,W
96BR00510,K5884,4.0,62,,02,1,0,185,0,W
96BR00511,K5886,4.0,61,,03,1,0,185,0,W
96BR00512,K5891,4.0,60,ENTR,aiD,A,0,164,0,W
96BR00513,K5896,4.0,61,REARED 3 222#,04,1,0,186,0,W
96BR00514,K5870,4.0,61,,01,1,0,169,0,W
96BR00515,K5914,4.0,61,,01,1,0,205,0,W
96BR00516,K5915,4.0,60,?WITHERS,aiD,A,0,169,0,W
96BR00517,K5918,4.0,61,,aiD,A,0,169,0,W
96BR00518,K5917,4.0,61,,02,1,0,184,0,W
96BR00519,K5941,4.0,60,BIGTAG95,02,1,0,206,0,W
96BR00520,K5921,4.0,62,VLTS,aiD,A,0,205,0,W
96BR00521,K5926,4.0,60,,aiD,A,0,181,0,W
96BR00522,K5986,4.0,60,,04,1,0,197,0,W
96BR00523,K5989,4.0,62,,aiD,A,0,181,0,W
96BR00524,K5971,4.0,61,,aiD,A,0,198,0,W
96BR00525,K5972,4.0,60,DYSTOCIA 95,aiD,A,0,203,0,W
96BR00526,K5711,5.0,62,BIGTAG95,aiD,A,0,174,0,W
96BR00527,K5719,5.0,61,,aiD,A,0,168,0,W
96BR00528,K5738,5.0,61,,04,1,0,227,0,W
96BR00529,K5771,5.0,62,,01,1,0,182,0,W
96BR00530,K6109,4.0,61,,01,1,0,174,0,W
96BR00531,K6155,4.0,60,,04,1,0,170,0,W
96BR00532,K6162,4.0,61,,aiD,A,0,174,0,W
96BR00533,K6123,4.0,61,,aiD,A,0,182,0,W
96BR00534,K6128,4.0,61,EYE OK,03,1,0,176,0,W
96BR00535,K6127,4.0,62,L EYE TRT95,aiD,A,0,161,0,W
96BR00536,K6184,4.0,60,ABS+LAME 95,01,1,0,179,0,W
96BR00537,K6189,4.0,61,ENTR,03,1,0,198,0,W
96BR00538,K6187,4.0,62,,aiD,A,0,154,0,W
96BR00539,K6191,4.0,62,UT INERTIA,03,1,0,142,0,W
96BR00540,K6172,4.0,60,,aiD,A,0,171,0,W
96BR00541,K6177,4.0,61,R EYE TRT ULC,aiD,A,0,198,0,W
96BR00542,K6013,4.0,61,,53,1,0,213,0,W
96BR00543,K6003,4.0,62,,52,1,0,169,0,W
96BR00544,K6007,4.0,60,,aiD,A,0,181,0,W
96BR00545,K6038,4.0,60,,54,1,0,180,0,W
96BR00546,K6037,4.0,61,,aiD,A,0,185,0,W
96BR00547,K6063,4.0,60,THICK MILK,02,1,0,185,0,W
96BR00548,K6024,4.0,60,,aiD,A,0,195,0,W
96BR00549,K6080,4.0,61,ENTR,aiD,A,0,180,0,W
96BR00550,K6311,4.0,62,,aiD,A,0,208,0,W
96BR00551,K6313,4.0,60,,aiD,A,0,184,0,W
96BR00552,K6312,4.0,61,,aiD,A,0,195,0,W
96BR00553,K6305,4.0,62,,04,1,0,177,0,W
96BR00554,K6354,4.0,61,,01,1,0,187,0,W
96BR00555,K6360,4.0,62,,aiD,A,0,155,0,W
96BR00556,K6364,4.0,62,CERV.PROLAPSE,03,1,0,176,0,W
96BR00557,K6362,4.0,60,,02,1,0,180,0,W
96BR00558,K6368,4.0,61,NICE EWE,04,1,0,173,0,W
96BR00559,K6322,4.0,62,,aiD,A,0,187,0,W
96BR00560,K6327,4.0,61,LAME R TRT OK,aiD,A,0,183,0,W
96BR00561,K6394,4.0,62,,52,1,0,196,0,W
96BR00562,K6378,4.0,60,,aiD,A,0,159,0,W
96BR00563,K6379,4.0,61,?HARDBAG 199#,aiD,A,0,177,0,W
96BR00564,K6406,4.0,61,THIN 96,53,1,0,189,0,W
96BR00565,K6447,4.0,62,,aiD,A,0,171,0,W
96BR00566,K6491,4.0,61,"3""LUMP R.BAG",aiD,A,0,184,0,W
96BR00567,K6492,4.0,60,,aiD,A,0,191,0,W
96BR00568,K6504,4.0,61,,aiD,A,0,199,0,W
96BR00569,K6532,4.0,62,,54,1,0,194,0,W
96BR00570,K6552,4.0,60,,01,1,0,192,0,W
96BR00571,K6523,4.0,61,,aiD,A,0,151,0,W
96BR00572,K6596,4.0,60,LTS,02,1,0,208,0,W
96BR00573,K6598,4.0,62,,03,1,0,179,0,W
96BR00574,K6603,4.0,61,TIGHT BAG,aiD,A,0,191,0,W
96BR00575,K6658,3.0,60,,aiD,A,0,199,0,W
96BR00576,K6659,3.0,62,R BLOODY MILK,04,1,0,183,0,W
96BR00577,K6669,3.0,61,,aiD,A,0,182,0,W
96BR00578,K6627,4.0,60,,aiD,A,0,191,0,W
96BR00579,K6681,3.0,62,,aiD,A,0,181,0,W
96BR00580,K6680,3.0,62,,02,1,0,162,0,W
96BR00581,K6688,3.0,62,,03,1,0,168,0,W
96BR00582,K6699,3.0,62,,aiD,A,0,210,0,W
96BR00583,K6670,3.0,62,MAKEBIGTAG-96,aiD,A,0,196,0,W
96BR00584,K6676,3.0,00,,51,1,0,186,0,W
96BR00585,K6672,3.0,60,JUMPY,aiD,A,0,194,0,W
96BR00586,K6679,3.0,60,4TEATS,01,1,0,159,0,W
96BR00587,K6216,4.0,61,DYSTOCIA 22LB,aiD,A,0,184,0,W
96BR00588,K6205,4.0,62,SUCK1SIDE FLT,aiD,A,0,170,0,W
96BR00589,K6233,4.0,61,,aiD,A,0,208,0,W
96BR00590,K6238,4.0,60,,04,1,0,198,0,W
96BR00591,K6239,4.0,62,,aiD,A,0,193,0,W
96BR00592,K6264,4.0,60,,52,1,0,219,0,W
96BR00593,K6266,4.0,62,,53,1,0,166,0,W
96BR00594,K6268,4.0,61,,54,1,0,172,0,W
96BR00595,K6269,4.0,60,LATE2MILK,02,1,0,227,0,W
96BR00596,K6271,4.0,62,,01,1,0,194,0,W
96BR00597,K6278,4.0,60,,03,1,0,196,0,W
96BR00598,K6816,3.0,61,,03,1,0,191,0,W
96BR00599,K6806,3.0,62,,aiD,A,0,158,0,W
96BR00600,K6831,3.0,60,,52,1,0,169,0,W
96BR00601,K6837,3.0,62,WILD95,53,1,0,174,0,W
96BR00602,K6841,3.0,62,,aiD,A,0,162,0,W
96BR00603,K6843,3.0,00,,51,1,0,182,0,W
96BR00604,K6849,3.0,61,,54,1,0,178,0,W
96BR00605,K6847,3.0,60,,aiD,A,0,203,0,W
96BR00606,K6854,3.0,60,HARD BAG 96,01,1,0,176,0,W
96BR00607,K6856,3.0,60,,02,1,0,219,0,W
96BR00608,K6859,3.0,62,,aiD,A,0,153,0,W
96BR00609,K6861,3.0,60,REJECTEDGRAFT,aiD,A,0,176,0,W
96BR00610,K6862,3.0,60,,aiD,A,0,177,0,W
96BR00611,K6824,3.0,62,,aiD,A,0,172,0,W
96BR00612,K6827,3.0,60,,04,1,0,200,0,W
96BR00613,K6881,3.0,60,BIG BAG,aiD,A,0,188,0,W
96BR00614,K6886,3.0,60,,04,1,0,198,0,W
96BR00615,K6888,3.0,62,,aiD,A,0,163,0,W
96BR00616,K6896,3.0,62,,01,1,0,156,0,W
96BR00617,K6879,3.0,61,CHK L UDDER,aiD,A,0,168,0,W
96BR00618,K6877,3.0,60,,03,1,0,178,0,W
96BR00619,K6911,3.0,62,,02,1,0,168,0,W
96BR00620,K6915,3.0,60,R.QTR CUT TRT,aiD,A,0,163,0,W
96BR00621,K6917,3.0,62,,03,1,0,208,0,W
96BR00622,K6900,3.0,60,ENTR,aiD,A,0,190,0,W
96BR00623,K6904,3.0,60,R BLOODY MILK,aiD,A,0,186,0,W
96BR00624,K6906,3.0,62,,aiD,A,0,155,0,W
96BR00625,K6937,3.0,60,,04,1,0,187,0,W
96BR00626,K6944,3.0,62,,52,1,0,185,0,W
96BR00627,K6950,3.0,62,SM BAG,53,1,0,149,0,W
96BR00628,K6955,3.0,62,,54,1,0,192,0,W
96BR00629,K6958,3.0,61,,01,1,0,172,0,W
96BR00630,K6959,3.0,00,,51,1,0,162,0,W
96BR00631,K6964,3.0,60,R BLOODY MILK,02,1,0,194,0,W
96BR00632,K6928,3.0,61,BIGTAG95,aiD,A,0,172,0,W
96BR00633,K6980,3.0,00,DYSTOCIA 94,51,1,0,153,0,W
96BR00634,K6990,3.0,00,,51,1,0,170,0,W
96BR00635,K6993,3.0,60,THIN 96,aiD,A,0,177,0,W
96BR00636,K6994,3.0,00,,51,1,0,191,0,W
96BR00637,K6999,3.0,60,,aiD,A,0,172,0,W
96BR00638,K6713,3.0,60,FAT,aiD,A,0,205,0,W
96BR00639,K6718,3.0,62,,04,1,0,184,0,W
96BR00640,K6719,3.0,62,,53,1,0,172,0,W
96BR00641,K6704,3.0,60,,52,1,0,218,0,W
96BR00642,K6730,3.0,62,,03,1,0,176,0,W
96BR00643,K6739,3.0,60,ORNERY,02,1,0,181,0,W
96BR00644,K6747,3.0,00,TEXEL ?,51,1,0,137,0,W
96BR00645,K6753,3.0,00,,51,1,0,169,0,W
96BR00646,K6755,3.0,00,,51,1,0,179,0,W
96BR00647,K6761,3.0,00,"ENTR,BAD REYE",51,1,0,176,0,W
96BR00648,K6763,3.0,00,DYSTOCIA 94,51,1,0,179,0,W
96BR00649,K6723,3.0,62,ENTR,54,1,0,186,0,W
96BR00650,K6726,3.0,62,CUT @LR FOOT,aiD,A,0,165,0,W
96BR00651,K6722,3.0,61,,aiD,A,0,170,0,W
96BR00652,K6729,3.0,62,,01,1,0,168,0,W
96BR00653,K6781,3.0,62,ENTR,02,1,0,194,0,W
96BR00654,K6788,3.0,00,,51,1,0,164,0,W
96BR00655,K6795,3.0,62,,01,1,0,184,0,W
96BR00656,K6797,3.0,60,DYSTOCIA 95,aiD,A,0,174,0,W
96BR00657,K6775,3.0,62,,aiD,A,0,142,0,W
96BR00658,K6776,3.0,61,,04,1,0,182,0,W
96BR00659,K8111,1.0,60,,01,1,0,202,0,W
96BR00660,K8107,1.0,62,,aiD,A,0,131,0,W
96BR00661,K8134,1.0,62,4TEATS,aiD,A,0,182,0,W
96BR00662,K8156,1.0,60,HAIRY check,aiD,A,0,153,0,W
96BR00663,K8157,1.0,00,HOMOZYGOUS CC,51,1,0,152,0,W
96BR00664,K8161,1.0,60,4TEATS,03,1,0,186,0,W
96BR00665,K8123,1.0,62,,02,1,0,155,0,W
96BR00666,K8122,1.0,62,ENTR,aiD,A,0,165,0,W
96BR00667,K8127,1.0,60,4TEATS,aiD,A,0,182,0,W
96BR00668,K8181,1.0,61,4TEATS,04,1,0,144,0,W
96BR00669,K8189,1.0,00,BLACK EWE,741,2,1,153,0,W
96BR00670,K8190,1.0,62,,aiD,A,0,151,0,W
96BR00671,K8193,1.0,60,4TEATS,aiD,A,0,185,0,W
96BR00672,K8198,1.0,62,4TEATS,aiD,A,0,143,0,W
96BR00673,K8010,1.0,61,"4TEATS,URI",aiD,A,0,147,0,W
96BR00674,K8013,1.0,61,ENTR,01,1,0,186,0,W
96BR00675,K8003,1.0,60,,aiD,A,0,171,0,W
96BR00676,K8006,1.0,61,4TEATS,aiD,A,0,165,0,W
96BR00677,K8009,1.0,61,4TEATS,03,1,0,162,0,W
96BR00678,K8034,1.0,60,DYSTOCIA,aiD,A,0,145,0,W
96BR00679,K8053,1.0,60,ENTR,02,1,0,162,0,W
96BR00680,K8064,1.0,60,4TEATS,03,1,0,156,0,W
96BR00681,K8062,1.0,62,HAIRY,aiD,A,0,149,0,W
96BR00682,K8067,1.0,62,,04,1,0,124,0,W
96BR00683,K8081,1.0,60,4TEATS,aiD,A,0,194,0,W
96BR00684,K8084,1.0,61,4TEATS,53,1,0,143,0,W
96BR00685,K8089,1.0,61,,aiD,A,0,155,0,W
96BR00686,K8087,1.0,60,4TEATS,aiD,A,0,133,0,W
96BR00687,K8099,1.0,61,,54,1,0,182,0,W
96BR00688,K8076,1.0,61,,aiD,A,0,144,0,W
96BR00689,K8078,1.0,60,"ENTR,L,SCOURS",52,1,0,164,0,W
96BR00690,K8312,1.0,62,,53,1,0,132,0,W
96BR00691,K8318,1.0,60,,54,1,0,171,0,W
96BR00692,K8305,1.0,61,,aiD,A,0,165,0,W
96BR00693,K8306,1.0,61,4TEATS,aiD,A,0,175,0,W
96BR00694,K8302,1.0,60,"4TEAT,TOE ABS",52,1,0,176,0,W
96BR00695,K8347,1.0,61,4TEATS,04,1,0,173,0,W
96BR00696,K8357,1.0,60,,03,1,0,176,0,W
96BR00697,K8361,1.0,61,,01,1,0,173,0,W
96BR00698,K8360,1.0,61,BIGHEAD 96 OK,aiD,A,0,159,0,W
96BR00699,K8320,1.0,61,,01,1,0,158,0,W
96BR00700,K8323,1.0,60,,aiD,A,0,193,0,W
96BR00701,K8328,1.0,62,"ENTR,4TEATS",02,1,0,152,0,W
96BR00702,K8329,1.0,60,HAIRY check,aiD,A,0,185,0,W
96BR00703,K8396,1.0,62,SUCK1SIDE,02,1,0,161,0,W
96BR00704,K8430,1.0,60,,01,1,0,164,0,W
96BR00705,K8433,1.0,60,,aiD,A,0,134,0,W
96BR00706,K8445,1.0,61,4TEATS,aiD,A,0,172,0,W
96BR00707,K8454,1.0,62,,04,1,0,128,0,W
96BR00708,K8458,1.0,62,,aiD,A,0,140,0,W
96BR00709,K8460,1.0,60,BLOODY MILK,aiD,A,0,149,0,W
96BR00710,K8426,1.0,60,NICE,03,1,0,153,0,W
96BR00711,K8428,1.0,61,BIGHEAD 96 OK,aiD,A,0,160,0,W
96BR00712,K8482,1.0,00,BLACK EWE,744,2,1,146,0,W
96BR00713,K8474,1.0,00,BLACK EWE,743,2,1,173,0,W
96BR00714,K8217,1.0,62,,01,1,0,167,0,W
96BR00715,K8234,1.0,62,4TEATS,aiD,A,0,128,0,W
96BR00716,K8243,1.0,62,DYSTOCIA 96,aiD,A,0,161,0,W
96BR00717,K8244,1.0,62,,03,1,0,149,0,W
96BR00718,K8245,1.0,61,LR LAME,04,1,0,155,0,W
96BR00719,K8255,1.0,61,"ENTR,4TEATS",aiD,A,0,192,0,W
96BR00720,K8269,1.0,00,BLACK EWE,742,2,1,166,0,W
96BR00721,K8223,1.0,61,4TEATS,aiD,A,0,175,0,W
96BR00722,K8227,1.0,62,4TEATS,02,1,0,149,0,W
96BR00723,K8280,1.0,61,ENTR,aiD,A,0,154,0,W
96BR00724,K8275,1.0,60,,aiD,A,0,159,0,W
96BR00725,K7113,2.0,61,BANDAGE @RF,54,1,0,178,0,W
96BR00726,K7101,2.0,00,BAD R.EYE '95,51,1,0,161,0,W
96BR00727,K7105,2.0,62,4TEATS,aiD,A,0,151,0,W
96BR00728,K7131,2.0,60,VAG.PROLAPSE,aiD,A,0,176,0,W
96BR00729,K7133,2.0,61,LOWMILK,aiD,A,0,186,0,W
96BR00730,K7134,2.0,61,ENTR,02,1,0,179,0,W
96BR00731,K7145,2.0,61,,aiD,A,0,173,0,W
96BR00732,K7142,2.0,61,,aiD,A,0,151,0,W
96BR00733,K7148,2.0,61,CLR2+ NOSE,aiD,A,0,179,0,W
96BR00734,K7159,2.0,60,4TEATS,03,1,0,187,0,W
96BR00735,K7166,2.0,62,HARD BAG,04,1,0,176,0,W
96BR00736,K7129,2.0,62,4TEATS,01,1,0,153,0,W
96BR00737,K7183,2.0,60,,02,1,0,170,0,W
96BR00738,K7196,2.0,60,4TEATS,03,1,0,135,0,W
96BR00739,K7171,2.0,60,,01,1,0,164,0,W
96BR00740,K7174,2.0,62,4TEATS,aiD,A,0,160,0,W
96BR00741,K7016,3.0,62,,aiD,A,0,161,0,W
96BR00742,K7017,3.0,60,,aiD,A,0,145,0,W
96BR00743,K7007,3.0,62,,aiD,A,0,141,0,W
96BR00744,K7034,2.0,62,,01,1,0,198,0,W
96BR00745,K7032,2.0,60,,04,1,0,181,0,W
96BR00746,K7041,2.0,61,,03,1,0,169,0,W
96BR00747,K7040,2.0,61,,02,1,0,160,0,W
96BR00748,K7044,2.0,62,SORE L TEATok,04,1,0,178,0,W
96BR00749,K7050,2.0,00,,51,1,0,161,0,W
96BR00750,K7058,2.0,62,,52,1,0,140,0,W
96BR00751,K7059,2.0,61,,aiD,A,0,167,0,W
96BR00752,K7064,2.0,62,4TEATS,aiD,A,0,181,0,W
96BR00753,K7024,2.0,60,L BLOOD MILK,aiD,A,0,183,0,W
96BR00754,K7022,2.0,62,,aiD,A,0,157,0,W
96BR00755,K7027,2.0,60,4TEATS,03,1,0,177,0,W
96BR00756,K7096,2.0,62,,aiD,A,0,196,0,W
96BR00757,K7072,2.0,62,4TEATS,53,1,0,149,0,W
96BR00758,K7077,2.0,62,4TEATS,aiD,A,0,160,0,W
96BR00759,K7311,2.0,61,,aiD,A,0,170,0,W
96BR00760,K7313,2.0,61,,aiD,A,0,181,0,W
96BR00761,K7301,2.0,61,TRT EYE 9/9,04,1,0,163,0,W
96BR00762,K7300,2.0,62,,03,1,0,147,0,W
96BR00763,K7341,2.0,61,4TEATS,aiD,A,0,166,0,W
96BR00764,K7348,2.0,60,,52,1,0,163,0,W
96BR00765,K7360,2.0,62,4TEATS,aiD,A,0,176,0,W
96BR00766,K7365,2.0,61,4TEATS,53,1,0,156,0,W
96BR00767,K7367,2.0,61,4TEATS,54,1,0,177,0,W
96BR00768,K7321,2.0,60,,aiD,A,0,179,0,W
96BR00769,K7320,2.0,61,ZANY,aiD,A,0,182,0,W
96BR00770,K7387,2.0,61,,02,1,0,168,0,W
96BR00771,K7378,2.0,60,OK,01,1,0,184,0,W
96BR00772,K7377,2.0,60,4TEATS,aiD,A,0,180,0,W
96BR00773,K7412,2.0,62,,aiD,A,0,145,0,W
96BR00774,K7430,2.0,00,4TEATS,51,1,0,149,0,W
96BR00775,K7444,2.0,00,4TEATS,51,1,0,165,0,W
96BR00776,K7461,2.0,61,,04,1,0,179,0,W
96BR00777,K7420,2.0,60,,03,1,0,200,0,W
96BR00778,K7422,2.0,61,,aiD,A,0,192,0,W
96BR00779,K7482,2.0,61,,aiD,A,0,165,0,W
96BR00780,K7498,2.0,62,4TEATS,02,1,0,165,0,W
96BR00781,K7473,2.0,62,,01,1,0,167,0,W
96BR00782,K7474,2.0,62,4TEATS,aiD,A,0,169,0,W
96BR00783,K7479,2.0,60,,aiD,A,0,146,0,W
96BR00784,K7518,2.0,00,4TEATS,51,1,0,177,0,W
96BR00785,K7503,2.0,62,SM TEATS,03,1,0,179,0,W
96BR00786,K7505,2.0,62,4TEATS,aiD,A,0,185,0,W
96BR00787,K7509,2.0,60,CONJUNCTIVITI,04,1,0,195,0,W
96BR00788,K7539,2.0,60,4TEATS,52,1,0,176,0,W
96BR00789,K7553,2.0,61,,53,1,0,169,0,W
96BR00790,K7556,2.0,00,DYSTOCIA 95,51,1,0,185,0,W
96BR00791,K7563,2.0,60,LT @LEFT,aiD,A,0,177,0,W
96BR00792,K7521,2.0,60,4TEATS,aiD,A,0,172,0,W
96BR00793,K7529,2.0,62,4TEATS,aiD,A,0,178,0,W
96BR00794,K7586,2.0,62,,aiD,A,0,138,0,W
96BR00795,K7588,2.0,60,,54,1,0,188,0,W
96BR00796,K7592,2.0,60,,01,1,0,172,0,W
96BR00797,K7579,2.0,00,4TEATS,51,1,0,168,0,W
96BR00798,K7640,2.0,60,,aiD,A,0,169,0,W
96BR00799,K7643,2.0,00,,51,1,0,161,0,W
96BR00800,K7644,2.0,00,DYSTOCIA 96,51,1,0,169,0,W
96BR00801,K7650,2.0,61,4TEATS,02,1,0,176,0,W
96BR00802,K7668,2.0,00,NO BAG YRLG,51,1,0,175,0,W
96BR00803,K7667,2.0,62,4TEATS,aiD,A,0,160,0,W
96BR00804,K7686,2.0,60,,aiD,A,0,183,0,W
96BR00805,K7688,2.0,60,,aiD,A,0,200,0,W
96BR00806,K7692,2.0,61,4TEATS,aiD,A,0,175,0,W
96BR00807,K7670,2.0,60,4TEATS,aiD,A,0,194,0,W
96BR00808,K7673,2.0,62,4TEATS,03,1,0,166,0,W
96BR00809,K7214,2.0,61,4TEATS,53,1,0,194,0,W
96BR00810,K7212,2.0,60,4TEATS,52,1,0,196,0,W
96BR00811,K7219,2.0,61,R.P.,54,1,0,168,0,W
96BR00812,K7201,2.0,61,4TEATS,04,1,0,175,0,W
96BR00813,K7234,2.0,61,,aiD,A,0,181,0,W
96BR00814,K7237,2.0,00,FLTS,51,1,0,180,0,W
96BR00815,K7253,2.0,60,4TEATS,01,1,0,198,0,W
96BR00816,K7256,2.0,62,4TEATS,aiD,A,0,170,0,W
96BR00817,K7263,2.0,60,,aiD,A,0,198,0,W
96BR00818,K7223,2.0,60,HAIRY,aiD,A,0,171,0,W
96BR00819,K7227,2.0,61,,aiD,A,0,180,0,W
96BR00820,K7281,2.0,61,DYSTOCIA95 RP,03,1,0,183,0,W
96BR00821,K7283,2.0,62,4TEATS,01,1,0,194,0,W
96BR00822,K7284,2.0,61,4TEATS,02,1,0,209,0,W
96BR00823,K7282,2.0,61,4TEATS,04,1,0,126,0,W
96BR00824,K7292,2.0,61,,aiD,A,0,158,0,W
96BR00825,K7297,2.0,00,ENTR,51,1,0,141,0,W
96BR00826,K7270,2.0,60,,02,1,0,199,0,W
96BR00827,K7278,2.0,61,4TEATS,aiD,A,0,167,0,W
96BR00828,K7816,1.0,60,,03,1,0,166,0,W
96BR00829,K7818,1.0,61,,04,1,0,156,0,W
96BR00830,K7834,1.0,60,,aiD,A,0,165,0,W
96BR00831,K7836,1.0,61,,aiD,A,0,179,0,W
96BR00832,K7832,1.0,60,,aiD,A,0,153,0,W
96BR00833,K7839,1.0,60,4TEATS,aiD,A,0,174,0,W
96BR00834,K7844,1.0,62,,53,1,0,146,0,W
96BR00835,K7849,1.0,61,"ENTR,4TEATS",54,1,0,140,0,W
96BR00836,K7851,1.0,62,"4TEATS,FEVER",aiD,A,0,145,0,W
96BR00837,K7856,1.0,61,4TEATS,aiD,A,0,165,0,W
96BR00838,K7857,1.0,61,,aiD,A,0,164,0,W
96BR00839,K7866,1.0,62,,01,1,0,157,0,W
96BR00840,K7823,1.0,61,,52,1,0,156,0,W
96BR00841,K7824,1.0,62,,aiD,A,0,175,0,W
96BR00842,K7885,1.0,62,,03,1,0,150,0,W
96BR00843,K7894,1.0,61,,aiD,A,0,127,0,W
96BR00844,K7871,1.0,61,,aiD,A,0,172,0,W
96BR00845,K7874,1.0,60,,02,1,0,146,0,W
96BR00846,K7877,1.0,61,,aiD,A,0,145,0,W
96BR00847,K7914,1.0,60,4TEATS,aiD,A,0,174,0,W
96BR00848,K7906,1.0,61,,aiD,A,0,159,0,W
96BR00849,K7908,1.0,61,THIN 96,04,1,0,154,0,W
96BR00850,K7941,1.0,61,ABS @JAW TRT,01,1,0,149,0,W
96BR00851,K7945,1.0,62,,aiD,A,0,135,0,W
96BR00852,K7949,1.0,60,BIGHEAD 96 OK,02,1,0,178,0,W
96BR00853,K7954,1.0,60,,03,1,0,154,0,W
96BR00854,K7955,1.0,60,,52,1,0,149,0,W
96BR00855,K7957,1.0,62,,aiD,A,0,137,0,W
96BR00856,K7967,1.0,61,4TEATS,aiD,A,0,144,0,W
96BR00857,K7920,1.0,61,4TEATS,aiD,A,0,129,0,W
96BR00858,K7984,1.0,61,4TEATS,01,1,0,144,0,W
96BR00859,K7982,1.0,62,4TEATS,54,1,0,151,0,n
96BR00860,K7989,1.0,60,4TEATS,02,1,0,153,0,W
96BR00861,K7994,1.0,62,NICE,04,1,0,167,0,W
96BR00862,K7971,1.0,62,,04,1,0,167,0,W
96BR00863,K7973,1.0,60,LF LAME 12/11,aiD,A,0,145,0,W
96BR00864,K7972,1.0,60,4TEATS,53,1,0,140,0,W
96BR00865,K7700,2.0,62,4TEATS,04,1,0,178,0,W
96BR00866,K7702,2.0,00,,51,1,0,168,0,W
96BR00867,K7739,1.0,61,CONJUNCTIVITI,aiD,A,0,175,0,W
96BR00868,K7743,1.0,60,,aiD,A,0,162,0,W
96BR00869,K7744,1.0,60,"ENTR,DRUG1196",aiD,A,0,149,0,W
96BR00870,K7742,1.0,62,,52,1,0,162,0,W
96BR00871,K7755,1.0,61,MAKEBIGTAG-96,aiD,A,0,159,0,W
96BR00872,K7762,1.0,60,ENTR,53,1,0,178,0,W
96BR00873,K7767,1.0,60,,54,1,0,168,0,W
96BR00874,K7784,1.0,60,,02,1,0,178,0,W
96BR00875,K7785,1.0,60,,03,1,0,174,0,W
96BR00876,K7782,1.0,61,4TEATS,aiD,A,0,163,0,W
96BR00877,K7787,1.0,62,,04,1,0,150,0,W
96BR00878,K7794,1.0,62,,01,1,0,138,0,W
96BR00879,K7799,1.0,61,4TEATS,02,1,0,166,0,W
96BR00880,K7778,1.0,60,4TEATS,aiD,A,0,175,0,W
96BR00881,K7779,1.0,60,NICE,01,1,0,199,0,W
96BR00882,L1622,8.5,00,BLACK EWE AGE,741,2,1,154,0,W
96BR00883,L3108,7.5,72,X AGE,1,F,6,0,0,W
96BR00884,L3031,7.5,72,"X THIN,OPP",9,F,6,0,0,W
96BR00885,L3431,7.0,73,,3,F,6,0,0,W
96BR00886,L3269,7.5,73,X AGE ?BAG,2,F,6,0,0,W
96BR00887,L3794,7.0,73,,4,F,6,0,0,W
96BR00888,L4432,6.5,73,LATE2MILK'96,7,F,6,0,0,W
96BR00889,L4457,6.5,73,LT @R,8,F,6,0,0,W
96BR00890,L4463,6.5,72,CHK R.EYE,9,F,6,0,0,W
96BR00891,L4464,6.5,73,SM ABS NECK,10,F,6,0,0,W
96BR00892,L4429,6.5,72,,5,F,6,0,0,W
96BR00893,L4496,6.5,72,DYSTOCIA'96,1,F,6,0,0,W
96BR00894,L4534,6.5,72,,3,F,6,0,0,W
96BR00895,L4524,6.5,73,,2,F,6,0,0,W
96BR00896,L4587,6.5,73,THIN LAMEHOCK,6,F,6,0,0,W
96BR00897,L4616,6.5,73,,10,F,6,0,0,W
96BR00898,L4617,6.5,73,,1,F,6,0,0,W
96BR00899,L4634,6.5,73,BAG OK in 95,4,F,6,0,0,W
96BR00900,L4659,6.5,73,LT,3,F,6,0,0,W
96BR00901,L4626,6.5,73,,2,F,6,0,0,W
96BR00902,L4699,6.0,82,,21,2,0,174,0,W
96BR00903,L4674,6.5,73,,5,F,6,0,0,W
96BR00904,L4675,6.5,73,,6,F,6,0,0,W
96BR00905,L4842,6.0,88,DYSTOCIA 94,ai0,2,2,188,0,W
96BR00906,L4878,6.0,81,LTS,ai0,2,0,194,0,W
96BR00907,L4904,6.0,73,FIBERY?,7,F,6,0,0,W
96BR00908,L4909,6.0,82,RF LAME,ai0,2,0,154,0,W
96BR00909,L4946,6.0,73,W/LAMBS 3/12,8,F,6,0,0,W
96BR00910,L4954,6.0,82,REARED 3 213#,24,2,0,159,0,W
96BR00911,L4952,6.0,82,X BAG 103196,23,2,0,180,0,n
96BR00912,L4971,6.0,88,RF LAME TRT,ai0,2,2,198,0,W
96BR00913,L4702,6.0,82,REARED 3/QUAD,22,2,0,142,0,W
96BR00914,L4762,6.0,88,FAT,ai0,2,2,185,0,W
96BR00915,L5103,6.0,88,LATE2MILK,ai0,2,2,204,0,W
96BR00916,L5153,6.0,88,,ai0,2,2,143,0,W
96BR00917,L5185,6.0,73,,10,F,6,0,0,W
96BR00918,L5012,6.0,81,,01,2,0,173,0,W
96BR00919,L5045,6.0,82,BIGTAG95,ai0,2,0,176,0,W
96BR00920,L5059,6.0,81,NO AB 95,02,2,0,195,0,W
96BR00921,L5024,6.0,88,,ai0,2,2,150,0,W
96BR00922,L5028,6.0,73,,9,F,6,0,0,W
96BR00923,L5077,6.0,81,,ai0,2,0,159,0,W
96BR00924,L5368,6.0,88,,ai0,2,2,158,0,W
96BR00925,L5390,6.0,88,TRY 3 94,ai0,2,2,141,0,W
96BR00926,L5379,6.0,82,LTS,25,2,0,181,0,W
96BR00927,L5467,6.0,82,,ai0,2,0,164,0,W
96BR00928,L5425,6.0,82,"THIN, R.P.",26,2,0,148,0,W
96BR00929,L5471,6.0,88,,ai0,2,2,160,0,W
96BR00930,L5541,6.0,88,X EMACIATED,ai0,2,2,146,0,n
96BR00931,L5596,6.0,73,,3,F,6,0,0,W
96BR00932,L5202,6.0,81,,03,2,0,142,0,W
96BR00933,L5245,6.0,73,,1,F,6,0,0,W
96BR00934,L5263,6.0,81,,01,2,0,160,0,W
96BR00935,L5288,6.0,73,? PREG 062695,2,F,6,0,0,W
96BR00936,L5841,5.5,73,,4,F,6,0,0,W
96BR00937,L5856,5.5,73,,5,F,6,0,0,W
96BR00938,L5860,5.5,73,,6,F,6,0,0,W
96BR00939,L5911,5.5,73,,10,F,6,0,0,W
96BR00940,L5901,5.5,73,,7,F,6,0,0,W
96BR00941,L5941,5.5,73,,9,F,6,0,0,W
96BR00942,L5949,5.5,73,,1,F,6,0,0,W
96BR00943,L5953,5.5,73,X HARDBAG L,2,F,6,0,0,W
96BR00944,L5955,5.5,88,,ai0,2,2,138,0,W
96BR00945,L5956,5.5,73,,3,F,6,0,0,W
96BR00946,L5983,5.5,73,,4,F,6,0,0,W
96BR00947,L5701,6.0,81,,ai0,2,0,188,0,W
96BR00948,L5743,6.0,81,DYSTOCIA,02,2,0,169,0,W
96BR00949,L6112,5.5,73,,7,F,6,0,0,W
96BR00950,L6145,5.5,73,,8,F,6,0,0,W
96BR00951,L6153,5.5,72,,9,F,6,0,0,W
96BR00952,L6164,5.5,72,LATE2MILK'96,10,F,6,0,0,W
96BR00953,L6192,5.5,72,PG 0 9/9/96,1,F,6,220,0,W
96BR00954,L6197,5.5,73,,2,F,6,0,0,W
96BR00955,L6014,5.5,73,,5,F,6,0,0,W
96BR00956,L6097,5.5,73,,6,F,6,0,0,W
96BR00957,L6301,5.5,72,,10,F,6,0,0,W
96BR00958,L6332,5.5,73,,1,F,6,0,0,W
96BR00959,L6384,5.5,72,,3,F,6,0,0,W
96BR00960,L6385,5.5,72,,5,F,6,0,0,W
96BR00961,L6414,5.5,73,,6,F,6,0,0,W
96BR00962,L6453,5.5,73,,9,F,6,0,0,W
96BR00963,L6421,5.5,72,"X,OPP,THIN",7,F,6,0,0,W
96BR00964,L6485,5.0,81,,03,2,0,187,0,W
96BR00965,L6476,5.5,73,,10,F,6,0,0,W
96BR00966,L6605,5.0,82,,27,2,0,166,0,W
96BR00967,L6630,5.0,81,REJECTS LAMB,03,2,0,171,0,W
96BR00968,L6637,5.0,88,,ai0,2,2,185,0,W
96BR00969,L6643,5.0,82,THICKMILK,28,2,0,174,0,W
96BR00970,L6697,5.0,82,SW BAG,ai0,2,0,163,0,W
96BR00971,L6679,5.0,81,,01,2,0,177,0,W
96BR00972,L6210,5.5,72,,3,F,6,0,0,W
96BR00973,L6213,5.5,72,,4,F,6,0,0,W
96BR00974,L6232,5.5,72,,5,F,6,0,0,W
96BR00975,L6261,5.5,72,,6,F,6,0,0,W
96BR00976,L6268,5.5,72,,7,F,6,0,0,W
96BR00977,L6284,5.5,72,SM BAG,9,F,6,0,0,W
96BR00978,L6272,5.5,72,LATE2MILK'96,8,F,6,0,0,W
96BR00979,L6846,5.0,81,,ai0,2,0,177,0,W
96BR00980,L6858,5.0,82,,21,2,0,159,0,W
96BR00981,L6862,5.0,81,REARED 3 199#,03,2,0,155,0,W
96BR00982,L6873,5.0,81,"LAME LF 95,OK",01,2,0,180,0,W
96BR00983,L6914,5.0,81,,ai0,2,0,187,0,W
96BR00984,L6939,5.0,82,R EYE SORE,22,2,0,174,0,W
96BR00985,L6750,5.0,81,,02,2,0,185,0,W
96BR00986,L2690,7.5,73,X AGE,5,F,6,0,0,W
96BR00987,L2857,7.5,00,"BLACK,DYSTOCI",742,2,1,178,0,W
96BR00988,L2880,7.5,73,@HUMPHREY pg1,7,F,6,145,0,W
96BR00989,L2914,7.5,73,X AGE,8,F,6,0,0,W
96BR00990,L8111,4.5,72,,9,F,6,0,0,W
96BR00991,L8130,4.5,73,,1,F,6,0,0,W
96BR00992,L8147,4.5,73,,2,F,6,0,0,W
96BR00993,L8155,4.5,73,,3,F,6,0,0,W
96BR00994,L8157,4.5,73,,4,F,6,0,0,W
96BR00995,L8168,4.5,72,,5,F,6,0,0,W
96BR00996,L8125,4.5,72,W/LAMBS 3/12,10,F,6,0,0,W
96BR00997,L8183,4.5,73,,9,F,6,0,0,W
96BR00998,L8182,4.5,72,X L SPOILED,10,F,6,0,0,W
96BR00999,L8198,4.5,73,HARDBAG? 95,1,F,6,0,0,W
96BR01000,L8171,4.5,72,,6,F,6,0,0,W
96BR01001,L8175,4.5,73,?HARDBAG 95,8,F,6,0,0,W
96BR01002,L8172,4.5,72,,7,F,6,0,0,W
96BR01003,L8006,4.5,73,,4,F,6,0,0,W
96BR01004,L8008,4.5,73,W/LAMBS 3/12,5,F,6,0,0,W
96BR01005,L8055,4.5,73,HARDBAG 95,7,F,6,0,0,W
96BR01006,L8059,4.5,73,,8,F,6,0,0,W
96BR01007,L8319,4.5,88,OK,ai0,2,2,126,0,W
96BR01008,L8324,4.5,73,,4,F,6,0,0,W
96BR01009,L8325,4.5,73,,5,F,6,0,0,W
96BR01010,L8441,4.0,81,,02,2,0,145,0,W
96BR01011,L8461,4.0,88,,ai0,2,2,150,0,W
96BR01012,L8516,4.0,81,,ai0,2,0,157,0,W
96BR01013,L8517,4.0,81,ABS R NECK,03,2,0,166,0,W
96BR01014,L8507,4.0,88,,ai0,2,2,163,0,W
96BR01015,L8534,4.0,82,,26,2,0,174,0,W
96BR01016,L8541,4.0,81,,01,2,0,173,0,W
96BR01017,L8600,4.0,88,,ai0,2,2,175,0,W
96BR01018,L8607,4.0,82,,ai0,2,0,193,0,W
96BR01019,L8654,4.0,81,SOME FIBER,ai0,2,0,170,0,W
96BR01020,L8215,4.5,73,,5,F,6,0,0,W
96BR01021,L8218,4.5,73,,7,F,6,0,0,W
96BR01022,L8201,4.5,72,,2,F,6,0,0,W
96BR01023,L8204,4.5,73,X HARDBAG OPP,3,F,6,0,0,W
96BR01024,L8209,4.5,73,,4,F,6,0,0,W
96BR01025,L8230,4.5,73,,9,F,6,0,0,W
96BR01026,L8241,4.5,73,VLTS,10,F,6,0,0,W
96BR01027,L8223,4.5,73,,8,F,6,0,0,W
96BR01028,L8281,4.5,73,dry 95 0 fert,1,F,6,0,0,W
96BR01029,L8283,4.5,73,,2,F,6,0,0,W
96BR01030,L8291,4.5,73,FIBERY?,3,F,6,0,0,W
96BR01031,L8806,4.0,88,LOW MILK,ai0,2,2,164,0,W
96BR01032,L8844,4.0,88,,ai0,2,2,171,0,W
96BR01033,L8845,4.0,88,LATE2MILK,ai0,2,2,163,0,W
96BR01034,L8860,4.0,88,,ai0,2,2,157,0,W
96BR01035,L8869,4.0,82,THIN 96,21,2,0,150,0,W
96BR01036,L8820,4.0,82,THICKMILK,ai0,2,0,147,0,W
96BR01037,L8993,4.0,82,LT @LEFT,22,2,0,178,0,W
96BR01038,L8975,4.0,88,,ai0,2,2,160,0,W
96BR01039,L8738,4.0,88,,ai0,2,2,182,0,W
96BR01040,L8723,4.0,88,FAT,ai0,2,2,160,0,W
96BR01041,L8725,4.0,82,,27,2,0,184,0,W
96BR01042,L8786,4.0,82,,28,2,0,147,0,W
96BR01043,L8775,4.0,88,TRY 3-95,ai0,2,2,216,0,W
96BR01044,L8776,4.0,88,FAT,ai0,2,2,192,0,W
96BR01045,L8777,4.0,88,,ai0,2,2,176,0,W
96BR01046,L9102,4.0,81,,02,2,0,174,0,W
96BR01047,L9144,4.0,88,DEAD 11/04/96,ai0,2,2,175,0,n
96BR01048,L9154,4.0,82,,ai0,2,0,175,0,W
96BR01049,L9121,4.0,88,DYSTOCIA 95,ai0,2,2,186,0,W
96BR01050,L9175,4.0,81,,01,2,0,162,0,W
96BR01051,L9177,4.0,81,REARED 3 202#,ai0,2,0,161,0,W
96BR01052,L9052,4.0,88,,ai0,2,2,180,0,W
96BR01053,L9356,4.0,81,ROUGH TEATS,02,2,0,193,0,W
96BR01054,L9365,3.5,73,,7,F,6,0,0,W
96BR01055,L9362,3.5,88,,ai0,2,2,171,0,W
96BR01056,L9367,3.5,73,R.P.'96,8,F,6,0,0,W
96BR01057,L9380,3.5,73,,2,F,6,0,0,W
96BR01058,L9383,3.5,73,,3,F,6,0,0,W
96BR01059,L9385,3.5,73,,10,F,6,0,0,W
96BR01060,L9389,3.5,73,,4,F,6,0,0,W
96BR01061,L9394,3.5,73,,5,F,6,0,0,W
96BR01062,L9379,3.5,73,,1,F,6,0,0,W
96BR01063,L9413,3.5,73,,7,F,6,0,0,W
96BR01064,L9417,3.5,73,,8,F,6,0,0,W
96BR01065,L9400,3.5,73,,6,F,6,0,0,W
96BR01066,L9434,3.5,73,,10,F,6,0,0,W
96BR01067,L9456,3.5,73,,3,F,6,0,0,W
96BR01068,L9452,3.5,73,,1,F,6,0,0,W
96BR01069,L9457,3.5,73,,4,F,6,0,0,W
96BR01070,L9467,3.5,73,,2,F,6,0,0,W
96BR01071,L9421,3.5,73,FLTS,9,F,6,0,0,W
96BR01072,L9480,3.5,73,CORNEA OK,5,F,6,0,0,W
96BR01073,L9519,3.5,73,,8,F,6,0,0,W
96BR01074,L9530,3.5,73,,9,F,6,0,0,W
96BR01075,L9535,3.5,73,,10,F,6,0,0,W
96BR01076,L9536,3.5,73,OLD AB L SHOU,1,F,6,0,0,W
96BR01077,L9541,3.5,73,,2,F,6,0,0,W
96BR01078,L9544,3.5,88,,ai0,2,2,186,0,W
96BR01079,L9546,3.5,73,,3,F,6,0,0,W
96BR01080,L9547,3.5,73,,4,F,6,0,0,W
96BR01081,L9551,3.5,73,RUNNY EYES 95,5,F,6,0,0,W
96BR01082,L9560,3.5,73,,9,F,6,0,0,W
96BR01083,L9565,3.5,73,,8,F,6,0,0,W
96BR01084,L9595,3.5,73,,2,F,6,0,0,W
96BR01085,L9579,3.5,73,,1,F,6,0,0,W
96BR01086,L9618,3.5,73,,4,F,6,0,0,W
96BR01087,L9655,3.5,73,,8,F,6,0,0,W
96BR01088,L9629,3.5,73,,4,F,6,0,0,W
96BR01089,L9681,3.0,82,,ai0,2,0,158,0,W
96BR01090,L9685,3.0,81,PINK,ai0,2,0,152,0,W
96BR01091,L9200,4.0,82,,23,2,0,180,0,W
96BR01092,L9267,4.0,81,,01,2,0,182,0,W
96BR01093,L9285,4.0,82,,24,2,0,177,0,W
96BR01094,L9297,4.0,88,MAKEBIGTAG-96,ai0,2,2,143,0,W
96BR01095,L9807,3.0,TT,,ai0,2,2,166,0,W
96BR01096,L9839,3.0,TT,,ai0,2,2,148,0,W
96BR01097,L9845,3.0,82,REARED 3 221#,ai0,2,0,176,0,W
96BR01098,L9854,3.0,81,,02,2,0,184,0,W
96BR01099,L9856,3.0,81,,ai0,2,0,173,0,W
96BR01100,L9863,3.0,81,R BLOODY MILK,03,2,0,181,0,W
96BR01101,L9864,3.0,81,,01,2,0,174,0,W
96BR01102,L9884,3.0,82,,27,2,0,158,0,W
96BR01103,L9893,3.0,81,FIBERY,ai0,2,0,165,0,W
96BR01104,L9897,3.0,81,,02,2,0,188,0,W
96BR01105,L9914,3.0,81,,ai0,2,0,188,0,W
96BR01106,L9905,3.0,81,,03,2,0,154,0,W
96BR01107,L9939,3.0,TT,,ai0,2,2,134,0,W
96BR01108,L9949,3.0,82,,28,2,0,157,0,W
96BR01109,L9950,3.0,82,,ai0,2,0,162,0,W
96BR01110,L9966,3.0,81,,01,2,0,174,0,W
96BR01111,L9968,3.0,82,,21,2,0,178,0,W
96BR01112,L9981,3.0,81,,03,2,0,177,0,W
96BR01113,L9980,3.0,81,,03,2,0,177,0,W
96BR01114,L9986,3.0,82,,22,2,0,164,0,W
96BR01115,L9990,3.0,81,REARED 3 205#,ai0,2,0,159,0,W
96BR01116,L9974,3.0,81,,02,2,0,184,0,W
96BR01117,L9979,3.0,81,,ai0,2,0,161,0,W
96BR01118,L9715,3.0,81,REARED 3 227#,02,2,0,178,0,W
96BR01119,L9706,3.0,81,,01,2,0,183,0,W
96BR01120,L9743,3.0,81,,03,2,0,156,0,W
96BR01121,L9749,3.0,82,,26,2,0,179,0,W
96BR01122,L9757,3.0,TT,,ai0,2,2,158,0,W
96BR01123,L9766,3.0,81,,ai0,2,0,138,0,W
96BR01124,L9721,3.0,82,,25,2,0,158,0,W
96BR01125,L9776,3.0,TT,,ai0,2,2,159,0,W
96BR01126,L9778,3.0,81,,01,2,0,146,0,W
96BR01127,L7117,5.0,73,VLTS,2,F,6,0,0,W
96BR01128,L7133,5.0,82,TRY 3-95,24,2,0,183,0,W
96BR01129,L7144,5.0,81,BAD R EYE CHK,02,2,0,164,0,W
96BR01130,L7155,5.0,81,REARED 3 202#,ai0,2,0,187,0,W
96BR01131,L7193,5.0,82,NICE,ai0,2,0,163,0,W
96BR01132,L7002,5.0,82,,ai0,2,0,166,0,W
96BR01133,L7038,5.0,82,LATE2MILK,23,2,0,184,0,W
96BR01134,L7079,5.0,88,,ai0,2,2,142,0,W
96BR01135,L7333,5.0,88,,ai0,2,2,131,0,W
96BR01136,L7328,5.0,82,TRY 3-95,28,2,0,142,0,W
96BR01137,L7452,5.0,82,FLTS,ai0,2,0,170,0,W
96BR01138,L7458,5.0,81,REARED 3 227#,ai0,2,0,199,0,W
96BR01139,L7459,5.0,81,,03,2,0,161,0,W
96BR01140,L7492,5.0,73,L. EYE OK,4,F,6,0,0,W
96BR01141,L7544,5.0,82,FAT 1 MILK,22,2,0,177,0,W
96BR01142,L7630,5.0,73,? OPEN 062695,5,F,6,0,0,W
96BR01143,L7647,5.0,82,,21,2,0,215,0,W
96BR01144,L7657,5.0,88,FAT 2MILK,ai0,2,2,184,0,W
96BR01145,L7687,5.0,82,TINY TEATS,ai0,2,0,145,0,W
96BR01146,L7234,5.0,82,,26,2,0,163,0,W
96BR01147,L7232,5.0,82,REARED 3 226#,25,2,0,195,0,W
96BR01148,L7254,5.0,82,NICE,ai0,2,0,139,0,W
96BR01149,L7260,5.0,82,,27,2,0,157,0,W
96BR01150,L7227,5.0,88,,ai0,2,2,175,0,W
96BR01151,L7297,5.0,73,,3,F,6,0,0,W
96BR01152,L7848,4.5,73,EYE ok,7,F,6,0,0,W
96BR01153,L7855,4.5,73,FIBER?,8,F,6,0,0,W
96BR01154,L7864,4.5,73,,9,F,6,0,0,W
96BR01155,L7821,5.0,82,,25,2,0,168,0,W
96BR01156,L7903,4.5,73,,10,F,6,0,0,W
96BR01157,L7942,4.5,73,,1,F,6,0,0,W
96BR01158,L7951,4.5,73,SMALL BAG,2,F,6,0,0,W
96BR01159,L7986,4.5,73,,3,F,6,0,0,W
96BR01160,L7712,5.0,82,,23,2,0,159,0,W
96BR01161,L7754,5.0,81,,ai0,2,0,197,0,W
96BR01162,L7769,5.0,82,,ai0,2,0,160,0,W
96BR01163,L7725,5.0,73,,6,F,6,0,0,W
96BR01164,L7726,5.0,82,,24,2,0,178,0,W
96BR01165,S1311,5.0,11,WART TEAT,32,1,0,176,0,W
96BR01166,S1315,5.0,13,,44,1,0,161,0,W
96BR01167,S1312,5.0,10,VLTS,21,1,0,160,0,W
96BR01168,S1334,5.0,10,,22,1,0,169,0,W
96BR01169,S1329,5.0,12,SW BAG,82,1,0,156,0,W
96BR01170,S1327,5.0,12,LTS,81,1,0,177,0,W
96BR01171,S1380,5.0,10,,23,1,0,173,0,W
96BR01172,S1391,5.0,10,,24,1,0,185,0,W
96BR01173,S1396,5.0,10,,21,1,0,195,0,W
96BR01174,S1376,5.0,12,,83,1,0,147,0,W
96BR01175,S1413,5.0,10,GAUNT,22,1,0,184,0,W
96BR01176,S1416,5.0,13,,43,1,0,173,0,W
96BR01177,S1433,5.0,13,VLTS,41,1,0,176,0,W
96BR01178,S1449,5.0,10,,23,1,0,162,0,W
96BR01179,S1451,5.0,10,,24,1,0,147,0,W
96BR01180,S1453,5.0,12,,84,1,0,162,0,W
96BR01181,S1456,5.0,18,,45,1,I,181,0,W
96BR01182,S1481,5.0,13,DYSTOCIA 95,43,1,0,161,0,W
96BR01183,S1485,5.0,10,LTS,21,1,0,166,0,W
96BR01184,S1470,5.0,13,,42,1,0,186,0,W
96BR01185,S1513,5.0,12,THIN93,85,1,0,186,0,W
96BR01186,S1516,5.0,10,,22,1,0,194,0,W
96BR01187,S1518,5.0,10,@HOWE JAN'95,23,1,0,187,0,W
96BR01188,S1538,5.0,13,BIGTAG95,44,1,0,166,0,W
96BR01189,S1551,5.0,12,SUCK1SIDE VLT,86,1,0,167,0,W
96BR01190,S1556,5.0,13,VLTS,43,1,0,166,0,W
96BR01191,S1589,5.0,12,ASSYM.TEATS,87,1,0,178,0,W
96BR01192,S1611,5.0,11,DYSTOCIA,33,1,0,145,0,W
96BR01193,S1614,5.0,13,,41,1,0,174,0,W
96BR01194,S1640,5.0,11,HARD BAG,31,1,0,175,0,W
96BR01195,S1645,5.0,12,,88,1,0,149,0,W
96BR01196,S1621,5.0,11,SW.BAG,34,1,0,171,0,W
96BR01197,S1622,5.0,10,,24,1,0,148,0,W
96BR01198,S1690,5.0,11,L TEAT WART,32,1,0,154,0,W
96BR01199,S1810,5.0,13,,43,1,0,185,0,W
96BR01200,S1817,5.0,18,,45,1,I,169,0,W
96BR01201,S1806,5.0,11,RP,33,1,0,184,0,W
96BR01202,S1830,5.0,13,,43,1,0,175,0,W
96BR01203,S1829,5.0,12,,89,1,0,186,0,W
96BR01204,S1885,5.0,12,SM.BAG,90,1,0,165,0,W
96BR01205,S1889,5.0,13,FIBERY?,44,1,0,188,0,W
96BR01206,S1895,5.0,11,,34,1,0,163,0,W
96BR01207,S1910,5.0,13,,44,1,0,192,0,W
96BR01208,S1919,5.0,13,SW BAG,42,1,0,139,0,W
96BR01209,S1900,5.0,11,"5"" HORNS",31,1,0,163,0,W
96BR01210,S1931,5.0,10,,21,1,0,154,0,W
96BR01211,S1934,5.0,13,,44,1,0,197,0,W
96BR01212,S1738,5.0,13,TRT BOTH EYES,42,1,0,191,0,W
96BR01213,S0072,7.0,11,"THIN,LBWN 192",31,1,0,162,0,W
96BR01214,S0340,6.0,12,BRN NOSE +,80,1,0,171,0,W
96BR01215,S0347,6.0,10,LONG TEATS,22,1,0,168,0,W
96BR01216,S0357,6.0,11,,33,1,0,189,0,W
96BR01217,S0360,6.0,13,,41,1,0,177,0,W
96BR01218,S0363,6.0,11,,34,1,0,156,0,W
96BR01219,S0365,6.0,11,LTS,31,1,0,166,0,W
96BR01220,S0366,6.0,10,DROOPY,21,1,0,165,0,W
96BR01221,S0328,6.0,11,BIGTAG95,32,1,0,158,0,W
96BR01222,S0386,6.0,12,,82,1,0,183,0,W
96BR01223,S0388,6.0,10,,23,1,0,165,0,W
96BR01224,S0389,6.0,12,SM BAG,83,1,0,165,0,W
96BR01225,S0374,6.0,12,"4"" HORNS",81,1,0,137,0,W
96BR01226,S0415,6.0,13,"1""LUMPDEWLAP",42,1,0,163,0,W
96BR01227,S0433,6.0,12,was msg 09-95,85,1,0,144,0,W
96BR01228,S0436,6.0,12,,86,1,0,149,0,W
96BR01229,S0439,6.0,10,FIBERBAG,24,1,0,180,0,W
96BR01230,S0440,6.0,13,THIN95,43,1,0,149,0,W
96BR01231,S0456,6.0,12,"5"" HORNS",87,1,0,170,0,W
96BR01232,S0461,6.0,10,ENTR,21,1,0,124,0,W
96BR01233,S0466,6.0,12,,88,1,0,148,0,W
96BR01234,S0469,6.0,11,SHEARCUT-NECK,31,1,0,151,0,W
96BR01235,S0420,6.0,12,ENTR,84,1,0,169,0,W
96BR01236,S0484,6.0,10,FLT SUCK1SIDE,22,1,0,171,0,W
96BR01237,S0512,6.0,12,ENTR,89,1,0,148,0,W
96BR01238,S0519,6.0,10,FLTS,23,1,0,144,0,W
96BR01239,S0509,6.0,11,,33,1,0,161,0,n
96BR01240,S0536,6.0,13,FIX HORN !!,41,1,0,152,0,W
96BR01241,S0563,6.0,13,,43,1,0,142,0,W
96BR01242,S0569,6.0,13,,42,1,0,123,0,W
96BR01243,S0521,6.0,10,LATE2MILK,24,1,0,163,0,W
96BR01244,S0526,6.0,11,ABS CHIN '96,34,1,0,149,0,W
96BR01245,S0528,6.0,13,,41,1,0,168,0,W
96BR01246,S0527,6.0,11,,31,1,0,146,0,W
96BR01247,S0590,6.0,12,,91,1,0,165,0,W
96BR01248,S0596,6.0,13,THIN95,43,1,0,153,0,W
96BR01249,S0597,6.0,10,,22,1,0,177,0,W
96BR01250,S0573,6.0,10,BIGTAG95,21,1,0,180,0,W
96BR01251,S0575,6.0,13,,41,1,0,157,0,W
96BR01252,S0578,6.0,12,,90,1,0,158,0,W
96BR01253,S0606,6.0,10,LTS,23,1,0,180,0,W
96BR01254,S0641,6.0,12,,80,1,0,174,0,W
96BR01255,S0640,6.0,13,,43,1,0,198,0,W
96BR01256,S0644,6.0,12,VLTS,81,1,0,159,0,W
96BR01257,S0642,6.0,10,,24,1,0,147,0,W
96BR01258,S0657,6.0,11,LTS,32,1,0,195,0,W
96BR01259,S0688,6.0,12,SW BAG,82,1,0,157,0,W
96BR01260,S0691,6.0,11,SUCK1SIDE,31,1,0,133,0,W
96BR01261,S0690,6.0,11,ENTR.SM.BAG,34,1,0,170,0,W
96BR01262,S0675,6.0,11,,33,1,0,179,0,W
96BR01263,S0802,6.0,10,SW BAG,24,1,0,170,0,W
96BR01264,S0809,6.0,11,SUCK1SIDE,32,1,0,157,0,W
96BR01265,S0837,6.0,11,,33,1,0,183,0,W
96BR01266,S0845,6.0,10,,22,1,0,147,0,W
96BR01267,S0860,6.0,13,,44,1,0,173,0,W
96BR01268,S0866,6.0,12,BIGBAG 5MILK,88,1,0,162,0,W
96BR01269,S0867,6.0,12,,89,1,0,176,0,W
96BR01270,S0823,6.0,12,RIND BAG,86,1,0,176,0,W
96BR01271,S0828,6.0,10,,21,1,0,163,0,W
96BR01272,S0880,6.0,12,SW BAG,90,1,0,156,0,W
96BR01273,S0888,6.0,11,R.P.,34,1,0,192,0,W
96BR01274,S0890,6.0,13,,42,1,0,174,0,W
96BR01275,S0875,6.0,13,,41,1,0,159,0,W
96BR01276,S0877,6.0,10,SW BAG,23,1,0,183,0,W
96BR01277,S0930,6.0,11,DYSTOCIA 95,31,1,0,199,0,W
96BR01278,S0932,6.0,10,LTS,24,1,0,183,0,W
96BR01279,S0959,6.0,12,ENTR,91,1,0,171,0,W
96BR01280,S0980,6.0,12,SW BAG,80,1,0,159,0,W
96BR01281,S0715,6.0,12,,83,1,0,154,0,W
96BR01282,S0712,6.0,13,,44,1,0,204,0,W
96BR01283,S0707,6.0,11,,32,1,0,151,0,W
96BR01284,S0733,6.0,13,"FEVER,-EATING",42,1,0,161,0,W
96BR01285,S0738,6.0,11,SW BAG,33,1,0,151,0,W
96BR01286,S0740,6.0,10,BIG BAG,24,1,0,182,0,W
96BR01287,S0750,6.0,12,THIN?,84,1,0,125,0,W
96BR01288,S0754,6.0,10,SUCK1SIDE,21,1,0,171,0,W
96BR01289,S0759,6.0,11,,34,1,0,146,0,W
96BR01290,S0781,6.0,12,,85,1,0,164,0,W
96BR01291,S0784,6.0,11,,31,1,0,170,0,W
96BR01292,S0782,6.0,10,,22,1,0,179,0,W
96BR01293,S0787,6.0,12,DYSTOCIA 95,87,1,0,169,0,W
96BR01294,S0794,6.0,10,FLTS,24,1,0,169,0,W
96BR01295,S0795,6.0,13,,42,1,0,151,0,W
96BR01296,S0797,6.0,13,,44,1,0,189,0,W
96BR01297,S0777,6.0,13,DYS.BREECH,41,1,0,151,0,W
96BR01298,S3119,4.0,18,,45,1,I,156,0,W
96BR01299,S3100,4.0,18,SW BAG,45,1,I,159,0,W
96BR01300,S3104,4.0,12,"5""HRN,TRY3-95",85,1,0,178,0,W
96BR01301,S3108,4.0,18,SUCK1SIDE LT,45,1,I,192,0,W
96BR01302,S3143,4.0,18,BRN.LEGS,45,1,I,189,0,W
96BR01303,S3149,4.0,10,,23,1,0,164,0,W
96BR01304,S3157,4.0,12,VLTS,88,1,0,212,0,W
96BR01305,S3121,4.0,11,,34,1,0,167,0,W
96BR01306,S3120,4.0,12,,86,1,0,164,0,W
96BR01307,S3128,4.0,18,LAME RR 42594,45,1,I,150,0,W
96BR01308,S3186,4.0,10,,21,1,0,189,0,W
96BR01309,S3174,4.0,10,SW BAG LT,24,1,0,164,0,W
96BR01310,S3176,4.0,12,SM BAG 2-,87,1,0,190,0,W
96BR01311,S3013,4.0,10,,24,1,0,152,0,W
96BR01312,S3015,4.0,12,,83,1,0,180,0,W
96BR01313,S3045,4.0,13,,42,1,0,158,0,W
96BR01314,S3042,4.0,12,BIGTAG95,84,1,0,223,0,W
96BR01315,S3067,4.0,18,,45,1,I,174,0,W
96BR01316,S3081,4.0,11,,32,1,0,170,0,W
96BR01317,S3086,4.0,13,,44,1,0,183,0,W
96BR01318,S3082,4.0,10,,22,1,0,156,0,n
96BR01319,S3088,4.0,11,,33,1,0,154,0,W
96BR01320,S3302,4.0,12,,91,1,0,181,0,W
96BR01321,S3308,4.0,12,DYSTOCIA,80,1,0,189,0,W
96BR01322,S3354,3.5,18,,43,1,2,184,0,W
96BR01323,S3396,3.5,18,ABS @LR DRAIN,45,1,2,204,0,W
96BR01324,S3397,3.5,18,,42,1,2,167,0,W
96BR01325,S3379,3.5,18,SUCK1SIDE LT,45,1,2,177,0,W
96BR01326,S3419,3.5,18,SM BAG,44,1,2,174,0,W
96BR01327,S3403,3.5,18,,45,1,2,129,0,W
96BR01328,S3503,3.0,11,,31,1,0,196,0,W
96BR01329,S3558,3.0,00,,51,1,0,169,0,W
96BR01330,S3598,3.0,13,,43,1,0,142,0,W
96BR01331,S3601,3.0,00,"NICE,RHOCKCUT",51,1,0,167,0,W
96BR01332,S3605,3.0,00,WOUND R SIDE,51,1,0,175,0,W
96BR01333,S3607,3.0,18,,41,1,2,192,0,W
96BR01334,S3647,3.0,00,,51,1,0,174,0,W
96BR01335,S3692,3.0,00,SM BAG,51,1,0,192,0,W
96BR01336,S3202,4.0,12,,89,1,0,167,0,W
96BR01337,S3220,4.0,12,DYSTOCIA 95,90,1,0,166,0,W
96BR01338,S3800,3.0,18,ENTR,45,1,I,141,0,W
96BR01339,S3808,3.0,00,DYSTOCIA 95,51,1,0,177,0,W
96BR01340,S3835,3.0,10,SW BAG,23,1,0,152,0,W
96BR01341,S3837,3.0,18,,45,1,I,173,0,W
96BR01342,S3846,3.0,11,,34,1,0,165,0,W
96BR01343,S3848,3.0,12,,82,1,0,173,0,W
96BR01344,S3824,3.0,13,,44,1,0,172,0,W
96BR01345,S3871,3.0,00,,51,1,0,188,0,W
96BR01346,S3870,3.0,18,,45,1,I,148,0,W
96BR01347,S3919,3.0,18,,45,1,I,142,0,W
96BR01348,S3907,3.0,00,,51,1,0,189,0,W
96BR01349,S3941,3.0,00,,51,1,0,152,0,W
96BR01350,S3963,3.0,18,,45,1,2,177,0,W
96BR01351,S3970,3.0,10,,23,1,0,157,0,W
96BR01352,S3714,3.0,00,,51,1,0,185,0,W
96BR01353,S3702,3.0,00,,51,1,0,163,0,W
96BR01354,S3744,3.0,12,,81,1,0,144,0,W
96BR01355,S3755,3.0,13,,41,1,0,177,0,W
96BR01356,S3757,3.0,00,BIGTAG95,51,1,0,178,0,W
96BR01357,S3727,3.0,11,ENTR,32,1,0,159,0,W
96BR01358,S3773,3.0,10,SM BAG,22,1,0,179,0,W
96BR01359,S3778,3.0,11,,33,1,0,148,0,W
96BR01360,S3779,3.0,13,,42,1,0,171,0,W
96BR01361,S4111,3.0,18,FLTS,45,1,I,188,0,W
96BR01362,S4117,3.0,00,,51,1,0,190,0,W
96BR01363,S4136,3.0,12,,83,1,0,176,0,W
96BR01364,S4147,3.0,18,,45,1,I,162,0,W
96BR01365,S4011,3.0,18,,45,1,I,164,0,W
96BR01366,S4013,3.0,18,SUCK1SIDE,45,1,I,172,0,W
96BR01367,S4002,3.0,18,,45,1,I,161,0,W
96BR01368,S4045,3.0,18,,45,1,I,145,0,W
96BR01369,S4047,3.0,18,,45,1,2,148,0,W
96BR01370,S4051,3.0,18,,45,1,I,153,0,W
96BR01371,S4300,2.5,18,,42,1,2,162,0,W
96BR01372,S4337,2.5,18,,43,1,2,148,0,W
96BR01373,S4363,2.5,18,LTS,45,1,2,173,0,W
96BR01374,S4366,2.5,18,,45,1,2,126,0,W
96BR01375,S4384,2.5,18,,44,1,2,159,0,W
96BR01376,S4393,2.0,12,LTS,87,1,0,144,0,W
96BR01377,S4396,2.0,12,,86,1,0,146,0,W
96BR01378,S4392,2.0,12,WEAK,85,1,0,158,0,W
96BR01379,S4398,2.0,11,,32,1,0,161,0,W
96BR01380,S4379,2.5,18,ABS R. SIDE,45,1,2,114,0,W
96BR01381,S4410,2.0,13,LTS,42,1,0,157,0,W
96BR01382,S4403,2.0,13,,41,1,0,161,0,W
96BR01383,S4435,2.0,11,,33,1,0,173,0,W
96BR01384,S4438,2.0,13,ABS BUTT TRT,43,1,0,156,0,W
96BR01385,S4439,2.0,13,,44,1,0,165,0,W
96BR01386,S4443,2.0,12,MAKEBIGTAG-96,88,1,0,150,0,W
96BR01387,S4459,2.0,12,4TEATS,89,1,0,148,0,W
96BR01388,S4466,2.0,11,WEAK,34,1,0,164,0,W
96BR01389,S4462,2.0,12,LA200 LUNGS96,90,1,0,134,0,W
96BR01390,S4468,2.0,11,,33,1,0,148,0,W
96BR01391,S4424,2.0,10,,23,1,0,151,0,W
96BR01392,S4481,2.0,11,,32,1,0,151,0,W
96BR01393,S4485,2.0,12,,91,1,0,137,0,W
96BR01394,S4492,2.0,10,,22,1,0,163,0,W
96BR01395,S4474,2.0,11,,31,1,0,149,0,W
96BR01396,S4478,2.0,11,BAD L EYE TRT,34,1,0,156,0,W
96BR01397,S4513,2.0,11,4TEATS,31,1,0,172,0,W
96BR01398,S4517,2.0,10,ENTR,21,1,0,190,0,W
96BR01399,S4501,2.0,13,4TEATS,41,1,0,155,0,W
96BR01400,S4503,2.0,10,DYSTOCIA 96,24,1,0,182,0,W
96BR01401,S4536,2.0,13,,42,1,0,177,0,W
96BR01402,S4539,2.0,13,,43,1,0,150,0,W
96BR01403,S4543,2.0,13,BIGTAG95,44,1,0,153,0,W
96BR01404,S4554,2.0,10,DYSTOCIA 95,24,1,0,155,0,W
96BR01405,S4559,2.0,10,,22,1,0,163,0,W
96BR01406,S4557,2.0,11,,32,1,0,165,0,W
96BR01407,S4560,2.0,10,,23,1,0,150,0,W
96BR01408,S4564,2.0,10,,22,1,0,179,0,W
96BR01409,S4566,2.0,13,HAIRY,41,1,0,147,0,W
96BR01410,S4522,2.0,12,,80,1,0,145,0,W
96BR01411,S4592,2.0,10,,21,1,0,155,0,W
96BR01412,S4616,2.0,12,,81,1,0,168,0,W
96BR01413,S4618,2.0,13,DYSTOCIA,43,1,0,166,0,W
96BR01414,S4619,2.0,12,ENTR,82,1,0,167,0,W
96BR01415,S4605,2.0,13,,41,1,0,157,0,W
96BR01416,S4631,2.0,13,ENTR,42,1,0,162,0,W
96BR01417,S4630,2.0,13,"ENTR,4TEATS",41,1,0,166,0,W
96BR01418,S4640,2.0,12,,84,1,0,165,0,W
96BR01419,S4642,2.0,13,4TEATS,42,1,0,155,0,W
96BR01420,S4659,2.0,11,,33,1,0,184,0,W
96BR01421,S4665,2.0,11,ENTR,34,1,0,155,0,W
96BR01422,S4668,2.0,11,,34,1,0,162,0,W
96BR01423,S4669,2.0,13,,44,1,0,146,0,W
96BR01424,S4628,2.0,13,,44,1,0,164,0,W
96BR01425,S4680,2.0,13,,42,1,0,160,0,W
96BR01426,S4684,2.0,10,ENTR,23,1,0,145,0,W
96BR01427,S4688,2.0,13,,43,1,0,161,0,W
96BR01428,S4687,2.0,10,4TEATS,24,1,0,190,0,W
96BR01429,S4691,2.0,11,R BLOODY MILK,32,1,0,154,0,W
96BR01430,S4694,2.0,12,,86,1,0,138,0,W
96BR01431,S4671,2.0,11,,31,1,0,145,0,W
96BR01432,S4673,2.0,12,,83,1,0,138,0,W
96BR01433,S4674,2.0,13,FLTS,41,1,0,161,0,W
96BR01434,S4675,2.0,12,,85,1,0,169,0,W
96BR01435,S4202,3.0,18,,45,1,2,141,0,W
96BR01436,S4207,3.0,18,,45,1,I,171,0,W
96BR01437,S4239,3.0,10,,21,1,0,153,0,W
96BR01438,S4248,3.0,11,,31,1,0,184,0,W
96BR01439,S4266,3.0,13,FLTS,43,1,0,168,0,W
96BR01440,S4286,3.0,12,,84,1,0,135,0,W
96BR01441,S4295,2.5,18,BIG NAVEL,41,1,2,154,0,W
96BR01442,S4296,2.5,18,,45,1,2,123,0,W
96BR01443,S4810,2.0,11,,33,1,0,141,0,W
96BR01444,S4817,2.0,10,HARD BAG,23,1,0,168,0,W
96BR01445,S4801,2.0,10,,22,1,0,179,0,W
96BR01446,S4833,2.0,10,,22,1,0,170,0,W
96BR01447,S4834,2.0,10,DYSTOCIA 95,24,1,0,157,0,W
96BR01448,S4835,2.0,13,,44,1,0,173,0,W
96BR01449,S4832,2.0,10,,21,1,0,159,0,n
96BR01450,S4841,2.0,11,,32,1,0,155,0,W
96BR01451,S4840,2.0,11,,31,1,0,164,0,W
96BR01452,S4842,2.0,11,REJECTS 1LAMB,33,1,0,178,0,W
96BR01453,S4848,2.0,10,,23,1,0,151,0,W
96BR01454,S4851,2.0,11,,31,1,0,154,0,W
96BR01455,S4850,2.0,11,,34,1,0,164,0,W
96BR01456,S4861,2.0,11,HAIRY,32,1,0,152,0,W
96BR01457,S4865,2.0,12,,85,1,0,164,0,W
96BR01458,S4868,2.0,13,,43,1,0,159,0,W
96BR01459,S4821,2.0,12,,83,1,0,151,0,W
96BR01460,S4826,2.0,10,,24,1,0,139,0,W
96BR01461,S4822,2.0,12,,84,1,0,135,0,W
96BR01462,S4828,2.0,11,ENTR,34,1,0,163,0,W
96BR01463,S4885,2.0,10,"5JAW,ok",22,1,0,172,0,W
96BR01464,S4886,2.0,10,,21,1,0,126,0,W
96BR01465,S4890,2.0,13,ENDOPARASITES,44,1,0,185,0,W
96BR01466,S4898,2.0,11,ENTR,33,1,0,185,0,W
96BR01467,S4876,2.0,12,,86,1,0,172,0,W
96BR01468,S4911,2.0,11,,34,1,0,160,0,W
96BR01469,S4916,2.0,10,,23,1,0,135,0,W
96BR01470,S4903,2.0,13,,41,1,0,175,0,W
96BR01471,S4909,2.0,12,4TEATS,87,1,0,167,0,W
96BR01472,S4936,2.0,13,4TEATS,44,1,0,153,0,W
96BR01473,S4943,2.0,10,,24,1,0,144,0,W
96BR01474,S4956,2.0,11,ENTR,32,1,0,157,0,W
96BR01475,S4959,2.0,11,,31,1,0,135,0,W
96BR01476,S4960,2.0,11,,33,1,0,151,0,W
96BR01477,S4963,2.0,10,,21,1,0,155,0,W
96BR01478,S4924,2.0,12,DYSTOCIA 95,88,1,0,169,0,W
96BR01479,S4922,2.0,13,,42,1,0,158,0,W
96BR01480,S4928,2.0,13,4TEATS,43,1,0,155,0,W
96BR01481,S4970,2.0,11,4TEATS,34,1,0,180,0,W
96BR01482,S4973,2.0,11,,31,1,0,143,0,W
96BR01483,S4975,2.0,10,3TEATS,22,1,0,187,0,W
96BR01484,S4977,2.0,11,,33,1,0,148,0,W
96BR01485,S4711,2.0,12,4TEATS,88,1,0,174,0,W
96BR01486,S4710,2.0,10,,23,1,0,151,0,W
96BR01487,S4713,2.0,13,,44,1,0,160,0,W
96BR01488,S4715,2.0,11,,33,1,0,177,0,W
96BR01489,S4717,2.0,12,ENTR,89,1,0,165,0,W
96BR01490,S4703,2.0,12,4TEATS,87,1,0,178,0,W
96BR01491,S4708,2.0,10,,21,1,0,161,0,W
96BR01492,S4709,2.0,10,,22,1,0,134,0,W
96BR01493,S4731,2.0,10,,24,1,0,161,0,W
96BR01494,S4737,2.0,10,DYSTOCIA,21,1,0,214,0,W
96BR01495,S4745,2.0,12,,80,1,0,149,0,W
96BR01496,S4742,2.0,13,,42,1,0,156,0,W
96BR01497,S4753,2.0,13,,42,1,0,129,0,W
96BR01498,S4754,2.0,13,,43,1,0,165,0,W
96BR01499,S4759,2.0,13,HAIRY,41,1,0,160,0,W
96BR01500,S4763,2.0,11,FLTS,32,1,0,168,0,W
96BR01501,S4769,2.0,12,WEAK,81,1,0,151,0,W
96BR01502,S4721,2.0,12,,90,1,0,171,0,W
96BR01503,S4724,2.0,11,,31,1,0,168,0,W
96BR01504,S4728,2.0,12,TINY BAG,91,1,0,171,0,W
96BR01505,S4784,2.0,13,,43,1,0,146,0,W
96BR01506,S4792,2.0,12,,82,1,0,140,0,W
96BR01507,S5111,2.0,10,,22,1,0,161,0,W
96BR01508,S5119,2.0,12,,80,1,0,159,0,W
96BR01509,S5101,2.0,10,4TEATS,23,1,0,152,0,W
96BR01510,S5100,2.0,10,,21,1,0,151,0,W
96BR01511,S5131,2.0,11,SM TEATS,34,1,0,151,0,W
96BR01512,S5137,2.0,12,,83,1,0,138,0,W
96BR01513,S5144,2.0,10,,24,1,0,169,0,W
96BR01514,S5146,2.0,12,,82,1,0,157,0,W
96BR01515,S5153,2.0,10,,21,1,0,173,0,W
96BR01516,S5163,2.0,10,,22,1,0,151,0,W
96BR01517,S5164,2.0,10,,23,1,0,167,0,W
96BR01518,S5169,2.0,13,,44,1,0,150,0,W
96BR01519,S5120,2.0,12,,81,1,0,147,0,W
96BR01520,S5180,2.0,10,,24,1,0,160,0,W
96BR01521,S5184,2.0,10,,21,1,0,162,0,W
96BR01522,S5196,2.0,11,ABS L HIP TRT,31,1,0,163,0,W
96BR01523,S5170,2.0,13,,41,1,0,169,0,W
96BR01524,S5175,2.0,12,,84,1,0,146,0,W
96BR01525,S5178,2.0,12,,85,1,0,138,0,W
96BR01526,S5010,2.0,13,,41,1,0,158,0,W
96BR01527,S5019,2.0,12,ENTR,89,1,0,168,0,W
96BR01528,S5002,2.0,11,,32,1,0,150,0,W
96BR01529,S5009,2.0,11,,34,1,0,158,0,W
96BR01530,S5031,2.0,11,,31,1,0,170,0,W
96BR01531,S5033,2.0,11,HAIRY,32,1,0,171,0,W
96BR01532,S5034,2.0,10,,23,1,0,141,0,W
96BR01533,S5035,2.0,11,,33,1,0,134,0,W
96BR01534,S5041,2.0,11,4TEATS,34,1,0,171,0,W
96BR01535,S5042,2.0,13,,43,1,0,173,0,W
96BR01536,S5059,2.0,11,,31,1,0,176,0,W
96BR01537,S5065,2.0,10,4TEATS,24,1,0,159,0,W
96BR01538,S5086,2.0,11,,33,1,0,189,0,W
96BR01539,S5088,2.0,12,,90,1,0,143,0,W
96BR01540,S5096,2.0,12,,91,1,0,168,0,W
96BR01541,S5073,2.0,13,4TEATS,42,1,0,160,0,W
96BR01542,S5076,2.0,11,SICK 10/30/96,32,1,0,130,0,W
96BR01543,S5312,2.0,10,DYSTOCIA 96,24,1,0,186,0,W
96BR01544,S5303,2.0,ch,,ai2,2,2,149,0,W
96BR01545,S5305,2.0,12,,89,1,0,149,0,W
96BR01546,S5309,2.0,ch,BRN LEGS *4,ai2,2,2,167,0,W
96BR01547,S5332,2.0,ch,,ai2,2,2,141,0,W
96BR01548,S5344,2.0,ch,NICE,ai2,2,2,148,0,W
96BR01549,S5363,2.0,ch,,ai2,2,2,119,0,W
96BR01550,S5323,2.0,ch,,ai2,2,2,128,0,W
96BR01551,S5326,2.0,10,,21,1,0,162,0,W
96BR01552,S5328,2.0,ch,,ai2,2,2,150,0,W
96BR01553,S5329,2.0,ch,4TEATS,ai2,2,2,162,0,W
96BR01554,S5393,2.0,ch,,ai2,2,2,145,0,W
96BR01555,S5514,1.0,12,,90,1,0,145,0,W
96BR01556,S5512,1.0,13,,44,1,0,153,0,W
96BR01557,S5531,1.0,10,,22,1,0,153,0,W
96BR01558,S5534,1.0,12,,80,1,0,128,0,W
96BR01559,S5536,1.0,11,ENTR,32,1,0,148,0,W
96BR01560,S5532,1.0,11,,33,1,0,151,0,W
96BR01561,S5539,1.0,11,,34,1,0,130,0,W
96BR01562,S5540,1.0,11,HAIRY,31,1,0,132,0,W
96BR01563,S5543,1.0,13,4TEATS,41,1,0,148,0,W
96BR01564,S5544,1.0,13,,42,1,0,151,0,W
96BR01565,S5552,1.0,11,,32,1,0,147,0,W
96BR01566,S5566,1.0,00,HOMOZYGOUS CC,51,1,0,148,0,W
96BR01567,S5562,1.0,10,,23,1,0,160,0,W
96BR01568,S5524,1.0,12,,91,1,0,168,0,W
96BR01569,S5580,1.0,10,DYSTOCIA,24,1,0,148,0,W
96BR01570,S5584,1.0,10,,21,1,0,134,0,W
96BR01571,S5588,1.0,10,DYSTOCIA,23,1,0,139,0,W
96BR01572,S5589,1.0,10,"FEVER,URI",22,1,0,143,0,W
96BR01573,S5594,1.0,11,MAKEBIGTAG'97,34,1,0,149,0,W
96BR01574,S5595,1.0,13,,43,1,0,141,0,W
96BR01575,S5573,1.0,11,"4TEATS,FEVER",31,1,0,128,0,W
96BR01576,S5572,1.0,11,WOUND R SHOU,33,1,0,125,0,W
96BR01577,S5616,1.0,12,,82,1,0,126,0,W
96BR01578,S5612,1.0,12,ENTR,81,1,0,126,0,W
96BR01579,S5600,1.0,11,,32,1,0,155,0,W
96BR01580,S5606,1.0,13,LR DIGIT ABS,41,1,0,128,0,W
96BR01581,S5607,1.0,13,,44,1,0,180,0,W
96BR01582,S5630,1.0,12,"4TEATS,FEVER",84,1,0,151,0,W
96BR01583,S5636,1.0,10,,21,1,0,141,0,W
96BR01584,S5638,1.0,13,,42,1,0,161,0,W
96BR01585,S5651,1.0,13,,44,1,0,139,0,W
96BR01586,S5650,1.0,13,,43,1,0,132,0,W
96BR01587,S5655,1.0,13,,42,1,0,136,0,W
96BR01588,S5658,1.0,10,URI,22,1,0,137,0,W
96BR01589,S5663,1.0,12,,85,1,0,138,0,W
96BR01590,S5666,1.0,12,"LAME R, FEVER",86,1,0,133,0,W
96BR01591,S5628,1.0,12,,83,1,0,136,0,W
96BR01592,S5691,1.0,13,,43,1,0,143,0,W
96BR01593,S5690,1.0,13,,41,1,0,144,0,W
96BR01594,S5671,1.0,12,,87,1,0,130,0,W
96BR01595,S5674,1.0,12,,88,1,0,153,0,W
96BR01596,S5210,2.0,12,4TEATS,86,1,0,157,0,W
96BR01597,S5230,2.0,12,4TEATS,87,1,0,146,0,W
96BR01598,S5246,2.0,13,HAIRY,42,1,0,161,0,W
96BR01599,S5254,2.0,12,ENTR,88,1,0,152,0,W
96BR01600,S5285,2.0,13,,43,1,0,158,0,W
96BR01601,S5288,2.0,10,,22,1,0,165,0,W
96BR01602,S5299,2.0,10,,23,1,0,158,0,W
96BR01603,S5811,1.0,10,,24,1,0,145,0,W
96BR01604,S5831,1.0,10,4TEATS,21,1,0,150,0,W
96BR01605,S5833,1.0,13,ENTR*2,43,1,0,158,0,W
96BR01606,S5834,1.0,10,4TEATS,23,1,0,144,0,W
96BR01607,S5836,1.0,11,,34,1,0,148,0,W
96BR01608,S5837,1.0,10,,21,1,0,154,0,W
96BR01609,S5845,1.0,13,W/ LAMB,44,1,0,169,0,W
96BR01610,S5842,1.0,11,,32,1,0,131,0,W
96BR01611,S5848,1.0,13,,41,1,0,146,0,W
96BR01612,S5825,1.0,13,,44,1,0,152,0,W
96BR01613,S5828,1.0,13,4TEATS,42,1,0,164,0,W
96BR01614,S5827,1.0,13,4TEATS,41,1,0,147,0,W
96BR01615,S5881,1.0,10,4TEATS,24,1,0,126,0,W
96BR01616,S5883,1.0,13,HAIRY,42,1,0,142,0,W
96BR01617,S5887,1.0,10,HAIRY,22,1,0,153,0,W
96BR01618,S5890,1.0,10,,24,1,0,128,0,W
96BR01619,S5893,1.0,13,,43,1,0,125,0,W
96BR01620,S5898,1.0,12,,81,1,0,156,0,W
96BR01621,S5913,1.0,10,4TEATS,21,1,0,143,0,W
96BR01622,S5916,1.0,11,H3,32,1,0,146,0,W
96BR01623,S5919,1.0,11,,33,1,0,155,0,W
96BR01624,S5917,1.0,10,,23,1,0,124,0,W
96BR01625,S5900,1.0,11,,31,1,0,141,0,W
96BR01626,S5908,1.0,13,,41,1,0,140,0,W
96BR01627,S5907,1.0,13,,44,1,0,140,0,W
96BR01628,S5934,1.0,10,4TEATS,22,1,0,136,0,W
96BR01629,S5935,1.0,11,4TEATS,34,1,0,138,0,W
96BR01630,S5943,1.0,13,,43,1,0,119,0,W
96BR01631,S5947,1.0,13,,44,1,0,144,0,W
96BR01632,S5951,1.0,13,,44,1,0,164,0,W
96BR01633,S5953,1.0,12,,83,1,0,162,0,W
96BR01634,S5966,1.0,11,HAIRY,31,1,0,136,0,W
96BR01635,S5969,1.0,10,4TEATS,23,1,0,154,0,W
96BR01636,S5967,1.0,11,,32,1,0,117,0,W
96BR01637,S5921,1.0,13,4TEATS,42,1,0,141,0,W
96BR01638,S5923,1.0,12,,82,1,0,146,0,W
96BR01639,S5989,1.0,12,,86,1,0,137,0,W
96BR01640,S5991,1.0,10,,21,1,0,142,0,W
96BR01641,S5990,1.0,12,,87,1,0,159,0,W
96BR01642,S5971,1.0,12,,84,1,0,157,0,W
96BR01643,S5978,1.0,12,,85,1,0,149,0,W
96BR01644,S5711,1.0,11,,33,1,0,151,0,W
96BR01645,S5702,1.0,10,,24,1,0,147,0,W
96BR01646,S5708,1.0,12,BRN KNEES,89,1,0,129,0,W
96BR01647,S5732,1.0,13,,41,1,0,147,0,W
96BR01648,S5745,1.0,10,,24,1,0,162,0,W
96BR01649,S5746,1.0,10,,22,1,0,153,0,W
96BR01650,S5742,1.0,10,,23,1,0,124,0,W
96BR01651,S5749,1.0,13,,42,1,0,143,0,W
96BR01652,S5758,1.0,12,,91,1,0,149,0,W
96BR01653,S5720,1.0,11,HAIRY,31,1,0,165,0,W
96BR01654,S5724,1.0,12,COUGH TRT,90,1,0,136,0,W
96BR01655,S5728,1.0,13,,44,1,0,148,0,W
96BR01656,S5784,1.0,11,,33,1,0,147,0,W
96BR01657,S5785,1.0,10,4TEATS,21,1,0,136,0,W
96BR01658,S5787,1.0,12,FOUND 9/9/96,80,1,0,134,0,W
96BR01659,S5793,1.0,10,,23,1,0,153,0,W
96BR01660,S5798,1.0,13,OK,43,1,0,159,0,W
96BR01661,S5799,1.0,10,,22,1,0,140,0,W
96BR01662,S5778,1.0,11,ENTR,34,1,0,144,0,W
96BR01663,S6110,1.0,10,,22,1,0,161,0,W
96BR01664,S6100,1.0,13,,43,1,0,137,0,W
96BR01665,S6103,1.0,13,,43,1,0,152,0,W
96BR01666,S6106,1.0,13,,41,1,0,142,0,W
96BR01667,S6102,1.0,13,WOOL BLIND,43,1,0,133,0,W
96BR01668,S6108,1.0,12,4TEATS,80,1,0,168,0,W
96BR01669,S6131,1.0,11,,33,1,0,143,0,W
96BR01670,S6134,1.0,13,,42,1,0,153,0,W
96BR01671,S6136,1.0,11,4TEATS,31,1,0,133,0,W
96BR01672,S6142,1.0,11,HAIRY,34,1,0,151,0,W
96BR01673,S6148,1.0,11,,32,1,0,143,0,W
96BR01674,S6149,1.0,13,HAIRY,43,1,0,143,0,W
96BR01675,S6153,1.0,12,,82,1,0,120,0,W
96BR01676,S6159,1.0,13,4TEATS,44,1,0,145,0,W
96BR01677,S6164,1.0,10,4TEATS,21,1,0,131,0,W
96BR01678,S6183,1.0,11,,33,1,0,146,0,W
96BR01679,S6184,1.0,12,"ENTR,L",83,1,0,135,0,W
96BR01680,S6197,1.0,12,HAIRY,84,1,0,158,0,W
96BR01681,S6013,1.0,13,4TEATS,42,1,0,144,0,W
96BR01682,S6018,1.0,11,4TEATS,31,1,0,145,0,W
96BR01683,S6019,1.0,11,,33,1,0,142,0,W
96BR01684,S6005,1.0,11,,33,1,0,147,0,W
96BR01685,S6002,1.0,11,,34,1,0,133,0,W
96BR01686,S6031,1.0,10,,23,1,0,171,0,W
96BR01687,S6037,1.0,12,,88,1,0,158,0,W
96BR01688,S6040,1.0,11,,34,1,0,138,0,W
96BR01689,S6043,1.0,11,,32,1,0,150,0,W
96BR01690,S6045,1.0,12,,90,1,0,127,0,W
96BR01691,S6052,1.0,11,DYSTOCIA,31,1,0,125,0,W
96BR01692,S6058,1.0,12,ENTR,91,1,0,155,0,W
96BR01693,S6023,1.0,10,,24,1,0,134,0,W
96BR01694,S6027,1.0,12,,89,1,0,159,0,W
96BR01695,S6097,1.0,11,,32,1,0,128,0,W
96BR01696,S6073,1.0,12,WEAK RAT,81,1,0,134,0,W
96BR01697,S6078,1.0,13,,44,1,0,147,0,W
96BR01698,S6312,1.0,12,,80,1,0,142,0,W
96BR01699,S6319,1.0,10,,23,1,0,151,0,W
96BR01700,S6301,1.0,12,,90,1,0,138,0,W
96BR01701,S6303,1.0,13,NICE,44,1,0,139,0,W
96BR01702,S6302,1.0,12,4TEATS,91,1,0,152,0,W
96BR01703,S6330,1.0,11,CONJUNCTIVITI,34,1,0,144,0,W
96BR01704,S6339,1.0,10,,22,1,0,146,0,W
96BR01705,S6348,1.0,13,,41,1,0,152,0,W
96BR01706,S6360,1.0,12,LF DIGIT ABS,83,1,0,143,0,W
96BR01707,S6321,1.0,10,,22,1,0,154,0,W
96BR01708,S6323,1.0,10,,21,1,0,151,0,W
96BR01709,S6325,1.0,12,,81,1,0,140,0,W
96BR01710,S6328,1.0,11,4TEATS,31,1,0,150,0,W
96BR01711,S6384,1.0,13,,42,1,0,137,0,W
96BR01712,S6393,1.0,13,4TEATS,43,1,0,127,0,W
96BR01713,S6399,1.0,10,,21,1,0,120,0,W
96BR01714,S6370,1.0,11,,32,1,0,145,0,W
96BR01715,S6413,1.0,11,,34,1,0,130,0,W
96BR01716,S6412,1.0,13,,41,1,0,148,0,W
96BR01717,S6406,1.0,ch,,ai2,2,2,123,0,W
96BR01718,S6433,1.0,ch,REJECTS LAMB,ai2,2,2,109,0,W
96BR01719,S6460,1.0,ch,,ai2,2,2,115,0,W
96BR01720,S6463,1.0,ch,,ai2,2,2,112,0,W
96BR01721,S6468,1.0,ch,"FEVER,URI",ai2,2,2,132,0,W
96BR01722,S6423,1.0,13,,44,1,0,154,0,W
96BR01723,S6426,1.0,13,HAIRY,42,1,0,154,0,W
96BR01724,S6427,1.0,13,1TAG,43,1,0,135,0,W
96BR01725,S6486,1.0,ch,,ai2,2,2,102,0,W
96BR01726,S6474,1.0,ch,,ai2,2,2,163,0,W
96BR01727,S6479,1.0,ch,1TAG,ai2,2,2,117,0,W
96BR01728,S6477,1.0,12,,82,1,0,135,0,W
96BR01729,S6551,1.0,ch,,ai2,2,2,149,0,W
96BR01730,S6554,1.0,ch,,ai2,2,2,139,0,W
96BR01731,S6562,1.0,ch,,ai2,2,2,129,0,W
96BR01732,S6520,1.0,ch,,ai2,2,2,147,0,W
96BR01733,S6203,1.0,11,,34,1,0,160,0,W
96BR01734,S6205,1.0,12,DYSTOCIA,85,1,0,155,0,W
96BR01735,S6208,1.0,10,,24,1,0,148,0,W
96BR01736,S6249,1.0,11,,31,1,0,144,0,W
96BR01737,S6269,1.0,12,,86,1,0,128,0,W
96BR01738,S6282,1.0,11,,32,1,0,143,0,W
96BR01739,S6289,1.0,11,,33,1,0,135,0,W
96BR01740,S6298,1.0,12,,88,1,0,131,0,W
96BR01741,S6270,1.0,12,,87,1,0,128,0,W
96BR01742,S6274,1.0,12,,89,1,0,128,0,W
96BR01743,S6272,1.0,13,,42,1,0,151,0,W
96BR01744,S2100,5.0,10,SW BAG,21,1,0,173,0,W
96BR01745,S2168,4.5,18,DYSTOCIA,41,1,2,189,0,W
96BR01746,S2001,5.0,11,,32,1,0,178,0,W
96BR01747,S2004,5.0,13,,41,1,0,181,0,W
96BR01748,S2032,5.0,10,,22,1,0,196,0,W
96BR01749,S2049,5.0,10,,23,1,0,203,0,W
96BR01750,S2055,5.0,13,,42,1,0,175,0,W
96BR01751,S2068,5.0,10,,24,1,0,169,0,W
96BR01752,S2025,5.0,11,SM BAG,33,1,0,164,0,W
96BR01753,S2089,5.0,12,"5BAG 2""SCURS",91,1,0,162,0,W
96BR01754,S2318,4.0,13,,41,1,0,166,0,W
96BR01755,S2317,4.0,11,,34,1,0,160,0,W
96BR01756,S2306,4.0,12,FLANK TEATS,82,1,0,165,0,W
96BR01757,S2333,4.0,13,,41,1,0,164,0,W
96BR01758,S2340,4.0,18,CUTS R LEGS,43,1,I,157,0,W
96BR01759,S2351,4.0,11,LTS,31,1,0,165,0,W
96BR01760,S2363,4.0,13,,41,1,0,175,0,W
96BR01761,S2365,4.0,12,SW BAG FLT,83,1,0,153,0,W
96BR01762,S2325,4.0,18,LT @LEFT,45,1,I,169,0,W
96BR01763,S2380,4.0,11,HARD BAG 94,34,1,0,169,0,W
96BR01764,S2399,4.0,13,R.P.TRT 3DAYS,44,1,0,183,0,W
96BR01765,S2378,4.0,11,,32,1,0,166,0,W
96BR01766,S2379,4.0,11,,33,1,0,167,0,W
96BR01767,S2413,4.0,10,,22,1,0,158,0,W
96BR01768,S2444,4.0,13,LAMErf HEALED,42,1,0,172,0,W
96BR01769,S2451,4.0,13,,43,1,0,159,0,W
96BR01770,S2459,4.0,12,,84,1,0,177,0,W
96BR01771,S2464,4.0,18,,45,1,I,166,0,W
96BR01772,S2465,4.0,13,TIGHT BAG,44,1,0,185,0,W
96BR01773,S2493,4.0,13,,41,1,0,192,0,W
96BR01774,S2495,4.0,10,,23,1,0,126,0,W
96BR01775,S2475,4.0,11,VLTS,32,1,0,161,0,W
96BR01776,S2476,4.0,13,4 FACE,42,1,0,167,0,W
96BR01777,S2535,4.0,12,ENTR,86,1,0,195,0,W
96BR01778,S2532,4.0,12,,85,1,0,179,0,W
96BR01779,S2539,4.0,10,,24,1,0,173,0,W
96BR01780,S2537,4.0,12,,87,1,0,157,0,W
96BR01781,S2541,4.0,10,,21,1,0,161,0,W
96BR01782,S2544,4.0,10,ENTR,22,1,0,159,0,W
96BR01783,S2559,4.0,18,ABS L BAG TRT,45,1,I,171,0,W
96BR01784,S2580,4.0,12,,88,1,0,182,0,W
96BR01785,S2584,4.0,10,ENTR,24,1,0,131,0,n
96BR01786,S2590,4.0,12,,89,1,0,176,0,W
96BR01787,S2579,4.0,10,,23,1,0,190,0,W
96BR01788,S2610,4.0,13,,44,1,0,168,0,W
96BR01789,S2619,4.0,11,,32,1,0,154,0,W
96BR01790,S2654,4.0,11,,33,1,0,166,0,W
96BR01791,S2655,4.0,18,,44,1,I,152,0,W
96BR01792,S2623,4.0,10,GRAFT NEXTDAY,21,1,0,182,0,W
96BR01793,S2622,4.0,12,,90,1,0,158,0,W
96BR01794,S2686,4.0,13,LTS,42,1,0,164,0,W
96BR01795,S2682,4.0,11,,31,1,0,184,0,W
96BR01796,S2689,4.0,12,DYSTOCIA 94,91,1,0,142,0,W
96BR01797,S2691,4.0,10,VLTS,22,1,0,171,0,W
96BR01798,S2694,4.0,13,,43,1,0,174,0,W
96BR01799,S2695,4.0,11,,32,1,0,184,0,W
96BR01800,S2696,4.0,12,BIGTAG95,80,1,0,161,0,W
96BR01801,S2699,4.0,10,LMG DISCHARGE,23,1,0,140,0,W
96BR01802,S2675,4.0,11,ENTR,34,1,0,177,0,W
96BR01803,S2209,4.5,18,,45,1,2,169,0,W
96BR01804,S2240,4.5,18,RANGE LAMBED,45,1,2,163,0,W
96BR01805,S2255,4.5,18,,45,1,2,142,0,W
96BR01806,S2299,4.0,12,,81,1,0,151,0,W
96BR01807,S2271,4.5,18,SMALL PELVIS,42,1,2,178,0,W
96BR01808,S2276,4.5,18,,45,1,2,160,0,W
96BR01809,S2279,4.0,12,,80,1,0,151,0,W
96BR01810,S2277,4.5,18,NICE EWE,45,1,2,164,0,W
96BR01811,S2814,4.0,13,,42,1,0,171,0,W
96BR01812,S2806,4.0,12,,82,1,0,181,0,W
96BR01813,S2846,4.0,13,BLOODY MILKok,43,1,0,175,0,W
96BR01814,S2847,4.0,10,,23,1,0,210,0,W
96BR01815,S2828,4.0,10,BIG BAG,22,1,0,170,0,W
96BR01816,S2829,4.0,13,,41,1,0,185,0,W
96BR01817,S2881,4.0,18,"5BAG,LUMP",45,1,I,164,0,W
96BR01818,S2883,4.0,18,,41,1,I,156,0,W
96BR01819,S2889,4.0,13,,41,1,0,140,0,W
96BR01820,S2901,4.0,11,,33,1,0,142,0,W
96BR01821,S2934,4.0,11,,34,1,0,147,0,W
96BR01822,S2944,4.0,11,,31,1,0,173,0,W
96BR01823,S2982,4.0,10,,24,1,0,186,0,W
96BR01824,S2971,4.0,13,RIND BAG,44,1,0,174,0,W
96BR01825,S2715,4.0,10,ABS R HIP 94,21,1,0,163,0,W
96BR01826,S2712,4.0,11,SW BAG,33,1,0,188,0,W
96BR01827,S2708,4.0,10,,24,1,0,181,0,W
96BR01828,S2733,4.0,13,ENTR,44,1,0,177,0,W
96BR01829,S2748,4.0,12,,81,1,0,160,0,W
96BR01830,S2768,4.0,18,SW BAG,45,1,I,172,0,W
96BR01831,S2725,4.0,11,,34,1,0,158,0,W
96BR01832,S2794,4.0,11,,32,1,0,177,0,W
96BR01833,S2775,4.0,11,,31,1,0,153,0,W
96BR01834,S9610,7.0,11,SUCK1SIDE,33,1,0,180,0,W
96BR01835,S9825,7.0,11,,31,1,0,157,0,W
96BR01836,S9886,7.0,11,SHORT TEATS,32,1,0,167,0,W
96BR01837,T1018,6.0,42,LT SUCK1SIDE,822,2,2,142,0,W
96BR01838,T1004,6.0,42,TENDER,812,2,2,156,0,W
96BR01839,T1033,6.0,42,LTS SUCK1SIDE,832,2,2,155,0,W
96BR01840,T1063,6.0,42,,842,2,2,166,0,W
96BR01841,T1029,6.0,41,SM.BAG,413,2,2,167,35,W
96BR01842,T1083,6.0,41,DYSTOCIA,411,2,2,200,45,W
96BR01843,T1084,6.0,41,LTS,412,2,2,180,30,W
96BR01844,T1075,6.0,41,LAME 9-9-96,414,2,2,189,35,W
96BR01845,T1332,6.0,48,,415,2,2,184,0,W
96BR01846,T1428,6.0,42,,852,2,2,167,0,W
96BR01847,T1492,6.0,41,THIN 96,411,2,2,158,20,W
96BR01848,T1474,6.0,42,"SMBAG,ABSNECK",862,2,2,155,0,W
96BR01849,T1472,6.0,41,,414,2,2,177,30,W
96BR01850,T1524,6.0,41,,412,2,2,151,25,W
96BR01851,T1594,6.0,48,,412,2,I,189,0,W
96BR01852,T1592,6.0,48,LTS,411,2,2,191,0,W
96BR01853,T1236,6.0,41,RAISED 3 '96,413,2,2,177,35,W
96BR01854,T1284,6.0,48,,415,2,2,202,0,W
96BR01855,T1834,5.0,48,ABS ON BUTT,415,2,I,195,0,W
96BR01856,T1820,5.0,48,,415,2,2,194,0,W
96BR01857,T1825,5.0,48,,415,2,I,159,0,W
96BR01858,T1829,5.0,41,LTS,413,2,2,221,45,W
96BR01859,T1885,5.0,48,,415,2,I,195,0,W
96BR01860,T1888,5.0,48,,415,2,I,167,0,W
96BR01861,T1890,5.0,41,,414,2,2,179,40,W
96BR01862,T1878,5.0,48,FAT but 2MILK,413,2,2,177,0,W
96BR01863,T1915,5.0,42,,872,2,2,175,0,W
96BR01864,T1917,5.0,48,,414,2,I,166,0,W
96BR01865,T1948,5.0,42,,882,2,2,152,0,W
96BR01866,T1958,5.0,48,,415,2,I,161,0,W
96BR01867,T1965,5.0,48,,415,2,2,179,0,W
96BR01868,T1967,5.0,42,,902,2,2,182,0,W
96BR01869,T1926,5.0,41,SW BAG,412,2,2,168,35,W
96BR01870,T1989,5.0,48,,415,2,I,193,0,W
96BR01871,T1993,5.0,48,FAT LOW MILK,415,2,2,195,0,W
96BR01872,T1978,5.0,48,,411,2,2,188,0,W
96BR01873,T0319,7.0,41,NICE EWE,411,2,2,167,35,W
96BR01874,T0334,7.0,41,LTS,412,2,2,173,0,n
96BR01875,T0842,7.0,41,DYSTOCIA 9495,411,2,2,177,35,W
96BR01876,T0821,7.0,48,,415,2,2,159,0,W
96BR01877,T0972,6.0,41,THIN 96,412,2,2,185,35,W
96BR01878,T0978,6.0,42,,802,2,2,154,0,W
96BR01879,T0741,7.0,41,,413,2,2,170,30,W
96BR01880,T0777,7.0,41,FLANK TEATS,414,2,2,188,35,W
96BR01881,T3158,4.0,48,,413,2,I,202,0,W
96BR01882,T3164,4.0,48,FLTS,415,2,I,134,0,W
96BR01883,T3168,4.0,48,,415,2,I,186,0,W
96BR01884,T3187,4.0,41,,414,2,2,169,40,W
96BR01885,T3172,4.0,42,,822,2,2,177,0,W
96BR01886,T3013,4.0,42,LAME w\ LAMBS,e.6,2,2,110,0,W
96BR01887,T3012,4.0,42,TIGHT BAG,912,2,2,180,0,W
96BR01888,T3045,4.0,48,ENTR,415,2,I,172,0,W
96BR01889,T3042,4.0,41,,411,2,2,175,25,W
96BR01890,T3050,4.0,48,LTS,412,2,I,170,0,W
96BR01891,T3058,4.0,42,,812,2,2,167,0,W
96BR01892,T3059,4.0,48,FLTS,415,2,I,206,0,W
96BR01893,T3020,4.0,41,,414,2,2,175,35,W
96BR01894,T3071,4.0,48,ENTR,415,2,I,203,0,W
96BR01895,T3073,4.0,41,,412,2,2,179,40,W
96BR01896,T3074,4.0,41,THIN 96,413,2,2,163,25,W
96BR01897,T3301,4.0,48,,415,2,I,187,0,W
96BR01898,T3343,4.0,42,?LAME,832,2,2,165,0,W
96BR01899,T3344,4.0,42,,842,2,2,160,0,W
96BR01900,T3348,4.0,48,,415,2,I,182,0,W
96BR01901,T3349,4.0,48,LAMBED PEN28,411,2,I,145,0,n
96BR01902,T3354,4.0,42,,852,2,2,148,0,W
96BR01903,T3411,4.0,42,,872,2,2,167,0,W
96BR01904,T3404,4.0,42,,862,2,2,166,0,W
96BR01905,T3459,4.0,42,ABORTION 0316,892,2,2,178,0,W
96BR01906,T3425,4.0,42,,882,2,2,134,0,W
96BR01907,T3499,4.0,48,,415,2,I,160,0,W
96BR01908,T3559,4.0,48,,415,2,I,188,0,W
96BR01909,T3584,4.0,48,,412,2,I,181,0,W
96BR01910,T3608,4.0,48,,415,2,I,188,0,W
96BR01911,T3645,3.0,41,LAME RF 95,413,2,2,192,30,W
96BR01912,T3650,3.0,48,,413,2,2,155,0,W
96BR01913,T3659,3.0,42,,902,2,2,163,0,W
96BR01914,T3663,3.0,42,,912,2,2,161,0,W
96BR01915,T3620,4.0,48,,415,2,I,169,0,W
96BR01916,T3682,3.0,42,SMALL EWE,822,2,2,149,0,W
96BR01917,T3674,3.0,42,ENTR,812,2,2,146,0,W
96BR01918,T3262,4.0,41,,411,2,2,177,40,W
96BR01919,T3270,4.0,48,HMD BRED D294,414,2,I,180,0,W
96BR01920,T3279,4.0,48,,415,2,I,209,0,W
96BR01921,T3814,3.0,41,,414,2,2,169,35,W
96BR01922,T3833,3.0,41,,413,2,2,192,40,W
96BR01923,T3835,3.0,48,,414,2,2,179,0,W
96BR01924,T3838,3.0,41,,412,2,2,186,40,W
96BR01925,T3837,3.0,42,,852,2,2,182,0,W
96BR01926,T3847,3.0,41,R.P.,411,2,2,155,30,W
96BR01927,T3858,3.0,42,LTS,862,2,2,152,0,W
96BR01928,T3859,3.0,42,,872,2,2,153,0,W
96BR01929,T3825,3.0,41,,411,2,2,196,40,W
96BR01930,T3826,3.0,42,THIN95,842,2,2,161,0,W
96BR01931,T3829,3.0,41,,413,2,2,151,35,W
96BR01932,T3883,3.0,42,PULLED GRAFT,882,2,2,142,0,W
96BR01933,T3885,3.0,41,DYSTOCIA 95,412,2,2,171,35,W
96BR01934,T3893,3.0,42,RP,892,2,2,147,0,W
96BR01935,T3894,3.0,42,,912,2,2,151,0,W
96BR01936,T3899,3.0,41,LTS,413,2,2,185,40,W
96BR01937,T3876,3.0,41,,414,2,2,159,40,W
96BR01938,T3914,3.0,48,LOW MILK,415,2,2,157,0,W
96BR01939,T3909,3.0,41,THIN 96,414,2,2,136,25,W
96BR01940,T3934,3.0,42,,802,2,2,161,0,W
96BR01941,T3956,3.0,41,FIBERBAG,412,2,2,188,40,W
96BR01942,T3969,3.0,42,,822,2,2,163,0,W
96BR01943,T3923,3.0,42,MAKEBIGTAG'97,902,2,2,154,0,W
96BR01944,T3924,3.0,41,DYSTOCIA 94,411,2,2,159,35,W
96BR01945,T3928,3.0,42,,802,2,2,143,0,W
96BR01946,T3983,3.0,41,L.CORNEALSCAR,414,2,2,193,40,W
96BR01947,T3999,3.0,41,THIN SHELLY,413,2,2,145,30,W
96BR01948,T3976,3.0,42,,832,2,2,162,0,W
96BR01949,T3715,3.0,41,,411,2,2,191,40,W
96BR01950,T3703,3.0,41,CHK L.QTR 153,412,2,2,155,35,W
96BR01951,T3739,3.0,48,,415,2,2,166,0,W
96BR01952,T3749,3.0,48,,415,2,2,139,0,W
96BR01953,T3752,3.0,42,,812,2,2,146,0,W
96BR01954,T3786,3.0,41,,412,2,2,204,30,W
96BR01955,T3792,3.0,42,,832,2,2,137,0,W
96BR01956,T4113,3.0,42,PINK-EYE,812,2,2,165,0,W
96BR01957,T4118,3.0,41,DYSTOCIA 95,414,2,2,152,40,W
96BR01958,T4100,3.0,48,,415,2,2,147,0,W
96BR01959,T4105,3.0,48,,415,2,2,148,0,W
96BR01960,T4108,3.0,42,,822,2,2,156,0,W
96BR01961,T4109,3.0,48,,413,2,2,171,0,W
96BR01962,T4130,3.0,42,LTS,852,2,2,185,0,W
96BR01963,T4163,2.0,42,TIGHT TEATS,842,2,2,166,0,W
96BR01964,T4125,3.0,42,,832,2,2,160,0,W
96BR01965,T4187,2.0,42,SM BAG,872,2,2,127,0,W
96BR01966,T4173,2.0,42,4TEATS,862,2,2,157,0,W
96BR01967,T4176,2.0,ch,4TEATS,ai2,2,2,179,0,W
96BR01968,T4013,3.0,41,RR SHEAR.CUT,411,2,2,189,45,W
96BR01969,T4012,3.0,42,,842,2,2,160,0,W
96BR01970,T4017,3.0,41,,412,2,2,183,35,W
96BR01971,T4034,3.0,41,,413,2,2,160,40,W
96BR01972,T4036,3.0,41,BLOODY MILKok,414,2,2,177,30,W
96BR01973,T4044,3.0,42,BLOODYMILK @L,872,2,2,156,0,W
96BR01974,T4045,3.0,42,,892,2,2,121,0,W
96BR01975,T4042,3.0,42,,882,2,2,154,0,W
96BR01976,T4047,3.0,41,,411,2,2,199,35,W
96BR01977,T4063,3.0,48,,415,2,2,144,0,W
96BR01978,T4064,3.0,41,ABS OK,412,2,2,165,40,W
96BR01979,T4023,3.0,42,,852,2,2,152,0,W
96BR01980,T4028,3.0,42,,862,2,2,183,0,W
96BR01981,T4093,3.0,42,,912,2,2,132,0,W
96BR01982,T4099,3.0,42,,802,2,2,144,0,W
96BR01983,T4097,3.0,48,,411,2,2,180,0,W
96BR01984,T4076,3.0,42,,902,2,2,152,0,W
96BR01985,T4313,2.0,42,,862,2,2,133,0,W
96BR01986,T4304,2.0,42,4TEATS,842,2,2,144,0,W
96BR01987,T4305,2.0,42,4TEATS,852,2,2,150,0,W
96BR01988,T4331,2.0,42,4TEATS,872,2,2,156,0,W
96BR01989,T4335,2.0,42,,882,2,2,156,0,W
96BR01990,T4343,2.0,ch,REJECTEDGRAFT,ai2,2,2,169,0,W
96BR01991,T4342,2.0,ch,"ENTR,HAIRY",ai2,2,2,164,0,W
96BR01992,T4354,2.0,42,,902,2,2,156,0,W
96BR01993,T4356,2.0,42,,912,2,2,152,0,W
96BR01994,T4352,2.0,42,,892,2,2,160,0,W
96BR01995,T4361,2.0,42,,802,2,2,130,0,W
96BR01996,T4364,2.0,ch,4TEATS,ai2,2,2,137,0,W
96BR01997,T4366,2.0,41,,413,2,2,196,30,W
96BR01998,T4362,2.0,42,,812,2,2,148,0,W
96BR01999,T4384,2.0,41,4TEATS,414,2,2,160,30,W
96BR02000,T4386,2.0,41,4TEATS,411,2,2,150,25,W
96BR02001,T4388,2.0,41,4TEATS,412,2,2,150,35,W
96BR02002,T4390,2.0,41,,413,2,2,153,40,W
96BR02003,T4394,2.0,42,4TEATS,822,2,2,171,0,W
96BR02004,T4395,2.0,41,VAG PROLAPSE,414,2,2,149,40,W
96BR02005,T4396,2.0,ch,,ai2,2,2,174,0,W
96BR02006,T4379,2.0,ch,,ai2,2,2,178,0,W
96BR02007,T4414,2.0,41,AT HENNINGER,411,2,2,146,30,W
96BR02008,T4415,2.0,41,SM BAG,412,2,2,180,40,W
96BR02009,T4416,2.0,41,,413,2,2,160,35,W
96BR02010,T4444,2.0,ch,ENTR,ai2,2,2,139,0,W
96BR02011,T4448,2.0,41,BLK EAR DOT,414,2,2,166,40,W
96BR02012,T4458,2.0,41,3TEATS,411,2,2,163,35,W
96BR02013,T4459,2.0,41,,412,2,2,175,30,W
96BR02014,T4464,2.0,42,4TEATS,852,2,2,129,0,W
96BR02015,T4421,2.0,42,TIGHT SMTEATS,832,2,2,140,0,W
96BR02016,T4422,2.0,42,WOUND R.EYE,842,2,2,148,0,W
96BR02017,T4471,2.0,41,"5JAW,ok",413,2,2,155,35,W
96BR02018,T4510,2.0,42,BIGTAG95,872,2,2,160,0,W
96BR02019,T4503,2.0,42,THIN 96,862,2,2,143,0,W
96BR02020,T4542,2.0,42,,902,2,2,135,0,W
96BR02021,T4553,2.0,42,,892,2,2,158,0,W
96BR02022,T4524,2.0,42,,882,2,2,146,0,W
96BR02023,T4528,2.0,41,,414,2,2,160,35,W
96BR02024,T4572,2.0,42,,912,2,2,159,0,W
96BR02025,T4604,2.0,41,POORMOTHER?,411,2,2,159,40,W
96BR02026,T4637,2.0,41,,412,2,2,160,30,W
96BR02027,T4650,2.0,42,,802,2,2,118,0,W
96BR02028,T4663,1.0,41,"4TEATS,FEVER",414,2,2,156,35,W
96BR02029,T4664,1.0,41,,413,2,2,146,35,W
96BR02030,T4665,1.0,41,,411,2,2,138,40,W
96BR02031,T4666,1.0,42,,812,2,2,145,0,W
96BR02032,T4667,1.0,41,,413,2,2,159,40,W
96BR02033,T4680,1.0,41,VERY SM BAG,414,2,2,160,40,W
96BR02034,T4682,1.0,41,4TEATS,412,2,2,141,35,W
96BR02035,T4693,1.0,41,4TEATS,411,2,2,129,35,W
96BR02036,T4671,1.0,42,BAG OK,832,2,2,119,0,W
96BR02037,T4670,1.0,42,4TEATS,822,2,2,116,0,W
96BR02038,T4675,1.0,41,ENTR,412,2,2,138,30,W
96BR02039,T4676,1.0,42,4TEATS,842,2,2,123,0,W
96BR02040,T4213,2.0,ch,,ai2,2,2,165,0,W
96BR02041,T4216,2.0,41,4TEATS,413,2,2,172,30,W
96BR02042,T4219,2.0,42,,882,2,2,134,0,W
96BR02043,T4200,2.0,ch,,ai2,2,2,146,0,W
96BR02044,T4236,2.0,41,4TEATS,412,2,2,180,30,W
96BR02045,T4232,2.0,42,DYSTOCIA 95,892,2,2,157,0,W
96BR02046,T4239,2.0,42,,902,2,2,118,0,W
96BR02047,T4259,2.0,42,4TEATS,912,2,2,143,0,W
96BR02048,T4257,2.0,41,,413,2,2,157,30,W
96BR02049,T4263,2.0,41,HAD A MUMMY,414,2,2,139,30,W
96BR02050,T4262,2.0,42,4TEATS,802,2,2,160,0,W
96BR02051,T4220,2.0,41,LUNGS TRT,411,2,2,168,35,W
96BR02052,T4228,2.0,ch,ORPHAN,ai2,2,2,153,0,W
96BR02053,T4282,2.0,ch,"THIN 96, R.P.",ai2,2,2,115,0,W
96BR02054,T4291,2.0,42,,812,2,2,152,0,W
96BR02055,T4294,2.0,42,,832,2,2,153,0,W
96BR02056,T4292,2.0,42,,822,2,2,145,0,W
96BR02057,T4273,2.0,41,4TEATS,411,2,2,170,40,W
96BR02058,T4275,2.0,41,,412,2,2,151,35,W
96BR02059,T4816,1.0,41,TRT L EYE,411,2,2,149,35,W
96BR02060,T4802,1.0,41,,413,2,2,142,35,W
96BR02061,T4831,1.0,42,4TEATS,852,2,2,127,0,W
96BR02062,T4830,1.0,42,HAIRY,842,2,2,123,0,W
96BR02063,T4843,1.0,42,4TEATS,862,2,2,121,0,W
96BR02064,T4855,1.0,41,"4TEATS,FEVER",412,2,2,160,40,W
96BR02065,T4859,1.0,41,,411,2,2,174,40,W
96BR02066,T4861,1.0,ch,,ai2,2,2,146,0,W
96BR02067,T4866,1.0,ch,,ai2,2,2,145,0,W
96BR02068,T4820,1.0,ch,,ai2,2,2,153,0,W
96BR02069,T4823,1.0,42,FX.RIBS4TEATS,812,2,2,133,0,W
96BR02070,T4824,1.0,42,4TEATS,822,2,2,152,0,W
96BR02071,T4826,1.0,42,,832,2,2,110,0,W
96BR02072,T4828,1.0,41,,413,2,2,166,35,W
96BR02073,T4883,1.0,ch,MAKEBIGTAG-96,ai2,2,2,132,0,W
96BR02074,T4884,1.0,ch,,ai2,2,2,113,0,W
96BR02075,T4888,1.0,ch,4TEATS,ai2,2,2,156,0,W
96BR02076,T4897,1.0,41,4TEATS,414,2,2,129,35,W
96BR02077,T4876,1.0,ch,NICE,ai2,2,2,118,0,W
96BR02078,T4872,1.0,42,,872,2,2,127,0,W
96BR02079,T4910,1.0,ch,3TEATS,ai2,2,2,144,0,W
96BR02080,T4913,1.0,42,,902,2,2,123,0,W
96BR02081,T4914,1.0,42,,912,2,2,117,0,W
96BR02082,T4912,1.0,42,,892,2,2,137,0,W
96BR02083,T4919,1.0,41,4TEATS,412,2,2,160,35,W
96BR02084,T4901,1.0,ch,,ai2,2,2,145,0,W
96BR02085,T4902,1.0,ch,,ai2,2,2,134,0,W
96BR02086,T4907,1.0,42,4TEATS,882,2,2,128,0,W
96BR02087,T4931,1.0,ch,,ai2,2,2,133,0,W
96BR02088,T4935,1.0,ch,TAIL PUSTULES,ai2,2,2,129,0,W
96BR02089,T4938,1.0,41,REJECTS LAMB,413,2,2,156,45,W
96BR02090,T4937,1.0,ch,,ai2,2,2,145,0,W
96BR02091,T4947,1.0,41,HAIRY,414,2,2,154,30,W
96BR02092,T4950,1.0,ch,,ai2,2,2,142,0,W
96BR02093,T4954,1.0,ch,,ai2,2,2,133,0,W
96BR02094,T4957,1.0,42,,802,2,2,125,0,W
96BR02095,T4960,1.0,41,4TEATS,411,2,2,133,35,W
96BR02096,T4965,1.0,41,ENTR,413,2,2,148,35,W
96BR02097,T4962,1.0,41,4TEATS,412,2,2,138,30,W
96BR02098,T4969,1.0,ch,,ai2,2,2,138,0,W
96BR02099,T4921,1.0,ch,"4TEATS,FEVER",ai2,2,2,161,0,W
96BR02100,T4929,1.0,ch,1TAG,ai2,2,2,111,0,W
96BR02101,T4980,1.0,41,RIP R EAR 1TG,411,2,2,156,30,W
96BR02102,T4986,1.0,42,,812,2,2,118,0,W
96BR02103,T4982,1.0,ch,4TEATS,ai2,2,2,116,0,W
96BR02104,T4988,1.0,ch,,ai2,2,2,135,0,W
96BR02105,T4987,1.0,42,HAIRY,822,2,2,121,0,W
96BR02106,T4990,1.0,41,,414,2,2,140,30,W
96BR02107,T4996,1.0,ch,,ai2,2,2,141,0,W
96BR02108,T4999,1.0,ch,TAILHEAD INF.,ai2,2,2,144,0,W
96BR02109,T4978,1.0,ch,,ai2,2,2,145,0,W
96BR02110,T4979,1.0,ch,CONJUNCTIVITI,ai2,2,2,118,0,W
96BR02111,T4977,1.0,ch,4TEATS,ai2,2,2,122,0,W
96BR02112,T4716,1.0,00,PINTO EWE,743,2,1,140,0,W
96BR02113,T4718,1.0,41,,414,2,2,149,35,W
96BR02114,T4717,1.0,41,1- MILK!,413,2,2,157,40,W
96BR02115,T4705,1.0,41,ENTR,414,2,2,158,45,W
96BR02116,T4731,1.0,42,,852,2,2,131,0,W
96BR02117,T4736,1.0,41,,412,2,2,154,35,W
96BR02118,T4732,1.0,42,"HAIRY,4TEATS",862,2,2,139,0,W
96BR02119,T4743,1.0,41,,411,2,2,136,30,W
96BR02120,T4744,1.0,41,,412,2,2,131,35,W
96BR02121,T4751,1.0,42,CLR2,872,2,2,129,0,W
96BR02122,T4755,1.0,42,,892,2,2,126,0,W
96BR02123,T4752,1.0,42,CLR2,882,2,2,119,0,W
96BR02124,T4728,1.0,41,,411,2,2,152,40,W
96BR02125,T4784,1.0,42,"ENTR,TOE ABS",912,2,2,121,0,W
96BR02126,T4787,1.0,41,4TEATS,413,2,2,140,40,W
96BR02127,T4793,1.0,42,,802,2,2,143,0,W
96BR02128,T4778,1.0,41,,414,2,2,135,35,W
96BR02129,T4779,1.0,42,,902,2,2,147,0,W
96BR02130,T5115,1.0,ch,,ai2,2,2,136,0,W
96BR02131,T5117,1.0,41,,414,2,2,127,35,W
96BR02132,T5103,1.0,41,4TEATS,412,2,2,153,30,W
96BR02133,T5102,1.0,41,4TEATS,413,2,2,147,25,W
96BR02134,T5144,1.0,42,,902,2,2,119,0,W
96BR02135,T5145,1.0,42,4TEATS,892,2,2,126,0,W
96BR02136,T5010,1.0,ch,4TEATS,ai2,2,2,147,0,W
96BR02137,T5016,1.0,41,,414,2,2,139,30,W
96BR02138,T5005,1.0,ch,4TEATS,ai2,2,2,152,0,W
96BR02139,T5002,1.0,ch,"4TEAT,TOE ABS",ai2,2,2,139,0,W
96BR02140,T5031,1.0,ch,,ai2,2,2,144,0,W
96BR02141,T5033,1.0,ch,"NO BAG,ENTR*2",ai2,2,2,157,0,W
96BR02142,T5034,1.0,ch,4TEATS,ai2,2,2,136,0,W
96BR02143,T5035,1.0,ch,,ai2,2,2,146,0,W
96BR02144,T5036,1.0,ch,,ai2,2,2,130,0,W
96BR02145,T5044,1.0,ch,,ai2,2,2,124,0,W
96BR02146,T5045,1.0,ch,,ai2,2,2,126,0,W
96BR02147,T5046,1.0,42,4TEATS,832,2,2,126,0,W
96BR02148,T5052,1.0,42,,852,2,2,116,0,W
96BR02149,T5020,1.0,42,4TEATS,842,2,2,120,0,W
96BR02150,T5028,1.0,ch,,ai2,2,2,137,0,W
96BR02151,T5085,1.0,42,4TEATS,872,2,2,111,0,W
96BR02152,T5088,1.0,ch,BIG,ai2,2,2,130,0,W
96BR02153,T5089,1.0,42,,882,2,2,148,0,W
96BR02154,T5078,1.0,42,4TEATS,862,2,2,119,0,W
96BR02155,T2110,5.0,41,,413,2,2,168,35,W
96BR02156,T2014,5.0,41,,411,2,2,160,30,W
96BR02157,T2016,5.0,41,FLAT LTS,413,2,2,177,35,W
96BR02158,T2042,5.0,41,,414,2,2,190,45,W
96BR02159,T2099,5.0,42,,912,2,2,181,0,W
96BR02160,T2071,5.0,48,,412,2,2,154,0,W
96BR02161,T2078,5.0,48,,415,2,I,176,0,W
96BR02162,T2305,5.0,42,DYSTOCIA,832,2,2,175,0,W
96BR02163,T2341,5.0,42,,852,2,2,181,0,W
96BR02164,T2366,5.0,42,,862,2,2,163,0,W
96BR02165,T2369,5.0,41,LTS,411,2,2,177,30,W
96BR02166,T2367,5.0,42,CLONE RECIP,882,2,2,151,0,W
96BR02167,T2323,5.0,42,,842,2,2,174,0,W
96BR02168,T2391,5.0,41,,412,2,2,193,30,W
96BR02169,T2492,5.0,42,,892,2,2,155,0,W
96BR02170,T2478,5.0,42,,872,2,2,163,0,W
96BR02171,T2537,4.5,48,,413,2,I,173,0,W
96BR02172,T2546,4.0,41,SW BAG,414,2,2,176,30,W
96BR02173,T2564,4.0,41,,414,2,2,170,40,W
96BR02174,T2568,4.0,42,,912,2,2,153,0,W
96BR02175,T2567,4.0,42,VLTS,902,2,2,160,0,W
96BR02176,T2524,4.5,48,,415,2,I,143,0,W
96BR02177,T2591,4.0,41,,412,2,2,177,35,W
96BR02178,T2593,4.0,41,,411,2,2,171,30,W
96BR02179,T2595,4.0,42,SM BAG,822,2,2,164,0,W
96BR02180,T2573,4.0,42,,802,2,2,164,0,W
96BR02181,T2574,4.0,42,,812,2,2,156,0,W
96BR02182,T2618,4.0,41,ENTR,413,2,2,161,30,W
96BR02183,T2603,4.0,41,,413,2,2,226,40,W
96BR02184,T2604,4.0,41,SM BAG,411,2,2,189,40,W
96BR02185,T2602,4.0,41,NICE EWE,413,2,2,203,35,W
96BR02186,T2609,4.0,41,,412,2,2,191,45,W
96BR02187,T2647,4.0,41,,414,2,2,170,35,W
96BR02188,T2629,4.0,42,,832,2,2,174,0,W
96BR02189,T2680,4.0,42,,842,2,2,145,0,W
96BR02190,T2693,4.0,41,SW BAG LT,411,2,2,163,40,W
96BR02191,T2699,4.0,42,TINY BAG,852,2,2,185,0,W
96BR02192,T2218,5.0,41,SW BAG,414,2,2,197,35,W
96BR02193,T2206,5.0,42,,812,2,2,160,0,W
96BR02194,T2209,5.0,42,SW BAG,802,2,2,192,0,W
96BR02195,T2250,5.0,41,ABS R.CHEST,411,2,2,184,35,W
96BR02196,T2258,5.0,42,,822,2,2,152,0,W
96BR02197,T2289,5.0,41,FLANK TEATS,412,2,2,196,30,W
96BR02198,T2821,4.0,41,LTS,414,2,2,141,0,n
96BR02199,T2824,4.0,41,,411,2,2,175,40,W
96BR02200,T2894,4.0,48,,415,2,I,183,0,W
96BR02201,T2876,4.0,41,NICE EWE,412,2,2,189,35,W
96BR02202,T2932,4.0,42,,902,2,2,149,0,W
96BR02203,T2945,4.0,48,,414,2,I,190,0,W
96BR02204,T2948,4.0,48,,415,2,I,184,0,W
96BR02205,T2947,4.0,41,FAT,413,2,2,188,35,W
96BR02206,T2957,4.0,48,WEAK DYSTOCIA,411,2,I,177,0,W
96BR02207,T2984,4.0,48,LTS,415,2,I,182,0,W
96BR02208,T2718,4.0,48,,415,2,I,184,0,W
96BR02209,T2708,4.0,41,THICK MILK,412,2,2,167,35,W
96BR02210,T2731,4.0,42,,862,2,2,136,0,W
96BR02211,T2740,4.0,42,,872,2,2,154,0,W
96BR02212,T2757,4.0,41,,413,2,2,167,35,W
96BR02213,T2762,4.0,42,,882,2,2,155,0,W
96BR02214,T2780,4.0,48,,415,2,I,209,0,W
96BR02215,T2775,4.0,42,,892,2,2,168,0,W
96BR02216,X4430,9.0,00,BLACK THIN 96,744,2,1,162,0,W
96BR02217,Z1300,4.0,97,R.JAW CUT 94,971,1,0,199,0,W
96BR02218,Z1335,4.0,97,,971,1,0,227,0,W
96BR02219,Z1356,4.0,97,,971,1,0,214,0,W
96BR02220,Z1369,4.0,97,LONG TEATS,971,1,0,233,0,W
96BR02221,Z1324,4.0,97,ENTR,971,1,0,232,0,W
96BR02222,Z1381,4.0,97,,972,1,0,176,0,W
96BR02223,Z1383,4.0,97,ENTR,971,1,0,202,0,W
96BR02224,Z1466,4.0,97,THICKMILK95,972,1,0,215,0,W
96BR02225,Z1593,4.0,97,BIGTAG95,972,1,0,200,0,W
96BR02226,Z1594,4.0,97,,971,1,0,222,0,W
96BR02227,Z1599,4.0,97,,972,1,0,210,0,W
96BR02228,Z1291,4.0,97,,971,1,0,199,0,W
96BR02229,Z0514,5.0,97,,971,1,0,173,0,W
96BR02230,Z0506,5.0,97,DYSTOCIA 94,972,1,0,221,0,W
96BR02231,Z0683,5.0,97,,972,1,0,203,0,W
96BR02232,Z0850,5.0,97,THICK MILK95,972,1,0,210,0,W
96BR02233,Z0733,5.0,97,,971,1,0,187,0,W
96BR02234,Z3301,1.0,97,LAME,971,1,0,180,0,W
96BR02235,Z3302,1.0,97,"ENTR,R    mcf",972,1,0,167,0,W
96BR02236,Z3210,1.0,97,STRAINING,971,1,0,170,0,W
96BR02237,Z3213,1.0,97,,972,1,0,174,0,W
96BR02238,Z3216,1.0,97,EYE TRT 12/95,972,1,0,206,0,W
96BR02239,Z3212,1.0,97,,972,1,0,172,0,W
96BR02240,Z3230,1.0,97,,972,1,0,181,0,W
96BR02241,Z3233,1.0,97,ENTR      mcf,972,1,0,163,0,W
96BR02242,Z3234,1.0,97,1TAG      mcf,972,1,0,169,0,W
96BR02243,Z3243,1.0,97,ENTR      mcf,971,1,0,193,0,W
96BR02244,Z3252,1.0,97,,971,1,0,184,0,W
96BR02245,Z3260,1.0,97,,971,1,0,178,0,W
96BR02246,Z3264,1.0,97,          mcf,971,1,0,180,0,W
96BR02247,Z3268,1.0,97,,971,1,0,174,0,W
96BR02248,Z3281,1.0,97,ENTR,972,1,0,169,0,W
96BR02249,Z3282,1.0,97,          mcf,971,1,0,156,0,W
96BR02250,Z3292,1.0,97,          mcf,971,1,0,152,0,W
96BR02251,Z3277,1.0,97,1TAG,971,1,0,176,0,W
96BR02252,Z2300,3.0,97,ENTR,972,1,0,219,0,W
96BR02253,Z2307,3.0,97,,972,1,0,228,0,W
96BR02254,Z2365,3.0,97,,971,1,0,170,0,W
96BR02255,Z2368,3.0,97,LAME LF LEG,972,1,0,208,0,W
96BR02256,Z2397,3.0,97,,972,1,0,201,0,W
96BR02257,Z2379,3.0,97,FIBERBAG,972,1,0,197,0,W
96BR02258,Z2419,3.0,97,,972,1,0,228,0,W
96BR02259,Z2437,3.0,97,,972,1,0,191,0,W
96BR02260,Z2461,3.0,97,,971,1,0,185,0,W
96BR02261,Z2474,3.0,97,R EYE OK,972,1,0,213,0,W
96BR02262,Z2622,3.0,97,TEATS DOWN,971,1,0,191,0,W
96BR02263,Z2299,3.0,97,BIGTAG95,972,1,0,217,0,W
96BR02264,Z2856,2.0,97,,971,1,0,228,0,W
96BR02265,Z2865,2.0,97,DYSTOCIA 95,971,1,0,213,0,W
96BR02266,Z2880,2.0,97,1TAG,971,1,0,215,0,W
96BR02267,Z2889,2.0,97,,972,1,0,206,0,W
96BR02268,Z2873,2.0,97,,971,1,0,166,0,W
96BR02269,Z2912,2.0,97,FIBERBAG,971,1,0,192,0,W
96BR02270,Z2903,2.0,97,,971,1,0,211,0,W
96BR02271,Z2939,2.0,97,NICE,972,1,0,208,0,W
96BR02272,Z2940,2.0,97,,972,1,0,202,0,W
96BR02273,Z2945,2.0,97,ENTR,972,1,0,202,0,W
96BR02274,Z2957,2.0,97,,972,1,0,211,0,W
96BR02275,Z2963,2.0,97,3TEATS,971,1,0,193,0,W
96BR02276,Z2982,2.0,97,SICK 110394,972,1,0,237,0,W
96BR02277,Z2973,2.0,97,SM BAG,971,1,0,216,0,W
96BR02278,Z2975,2.0,97,,972,1,0,217,0,W
