UID,ETAG,LINE,RMK,IDX,PD,PTRT,CUWT,BPEN,BRAND,NOV03,DEC16
98EW00001,A5007,88,,102,1,,101,e.8,Green,121,138
98EW00002,A5026,82,,101,1,,79,e.9,Green,102,121
98EW00003,A5050,81,,110,1,,95,e.9,Green,111,120
98EW00004,A5057,81,,98,1,,90,e.8,Green,112,128
98EW00005,A5064,82,,95,1,,89,e.8,Green,110,119
98EW00006,A5070,82,HAIRY,93,1,,91,e.9,Green,108,111
98EW00007,A5077,81,OK,105,1,,97,e.8,Green,112,120
98EW00008,A5078,82,,98,1,,91,e.9,Green,109,126
98EW00009,A5079,82,,103,1,,96,e.8,Green,115,133
98EW00010,A5080,82,,99,1,,77,e.9,Green,99,109
98EW00011,A5083,82,,104,1,,93,e.8,Green,111,126
98EW00012,A5085,82,,103,1,,87,e.9,Green,103,116
98EW00013,A5087,81,,102,1,,101,L-7,Green,114,122
98EW00014,A5089,82,,113,1,,106,e.9,Green,119,139
98EW00015,A5102,81,,107,1,,95,e.8,Green,119,142
98EW00016,A5103,82,4TEATS,95,1,,96,L-8,Green,116,129
98EW00017,A5115,81,,102,1,,98,e.9,Green,126,142
98EW00018,A5116,81,4TEATS,116,1,,114,e.8,Green,134,162
98EW00019,A5117,82,,98,1,,91,e.9,Green,114,125
98EW00020,A5123,81,,99,1,,87,L-7,Green,113,127
98EW00021,A5128,81,,108,1,,96,e.8,Green,118,139
98EW00022,A5131,81,4TEATS,98,1,,94,L-7,Green,116,128
98EW00023,A5132,81,,102,1,,105,e.9,Green,129,140
98EW00024,A5139,81,4TEATS,106,1,,100,e.8,Green,114,129
98EW00025,A5152,81,4TEATS,107,1,,104,e.9,Green,133,148
98EW00026,A5153,81,4TEATS,104,1,,98,e.8,Green,118,134
98EW00027,A5155,82,,97,1,,89,e.9,Green,113,130
98EW00028,A5160,82,4TEATS,100,1,,97,e.8,Green,109,120
98EW00029,A5161,82,,99,1,,90,e.9,Green,107,118
98EW00030,A5169,82,"X,R.PROLAPSE",104,3,,90,e.8,Green,108,113
98EW00031,A5179,82,4TEATS,113,1,,103,e.8,Green,123,145
98EW00032,A5180,82,,113,1,,107,L-8,Green,120,138
98EW00033,A5184,81,,107,1,,96,e.9,Green,111,120
98EW00034,A5187,81,,106,1,,100,e.8,Green,126,139
98EW00035,A5190,82,,99,1,,81,e.9,Green,101,112
98EW00036,A5194,81,,102,1,,88,e.8,Green,102,114
98EW00037,A5197,81,,112,1,,90,e.9,Green,111,126
98EW00038,A5212,82,4TEATS,95,1,,88,e.8,Green,102,115
98EW00039,A5217,73,,106,1,,90,L-7,Green,107,117
98EW00040,A5226,73,,102,1,,83,L-7,Green,99,112
98EW00041,A5239,73,HAIRY,97,1,,84,e.9,Green,104,113
98EW00042,A5240,81,,102,1,,92,e.9,Green,107,119
98EW00043,A5242,81,,111,1,,93,e.9,Green,107,117
98EW00044,A5243,81,,108,1,,85,e.8,Green,97,105
98EW00045,A5248,73,,102,1,,81,e.8,Green,94,102
98EW00046,A5252,82,HAIRY,98,1,,101,e.9,Green,114,129
98EW00047,A5260,82,,94,1,,93,e.8,Green,115,129
98EW00048,A5271,73,,97,1,,77,e.9,Green,93,97
98EW00049,A5279,81,4TEATS,100,1,,91,e.8,Green,106,111
98EW00050,A5281,82,4TEATS,104,1,,98,e.9,Green,118,134
98EW00051,A5287,73,4TEATS,98,1,,76,e.8,Green,95,110
98EW00052,A5295,82,,105,1,,84,e.8,Green,99,110
98EW00053,A5297,88,HAIRY,104,1,,94,L-8,Green,116,136
98EW00054,A5301,82,,105,1,,91,e.9,Green,109,125
98EW00055,A5304,88,,97,1,,86,L-7,Green,106,120
98EW00056,A5306,73,,96,1,,80,L-7,Green,89,98
98EW00057,A5319,82,,99,1,,90,e.8,Green,112,129
98EW00058,A5320,82,,98,1,,94,e.9,Green,117,143
98EW00059,A5324,73,HAIRY,100,1,,81,L-7,Green,98,110
98EW00060,A5327,81,ENTR,108,1,,96,e.8,Green,118,137
98EW00061,A5329,73,4TEATS,98,1,,83,L-8,Green,99,103
98EW00062,A5335,81,HAIRY,105,1,,84,e.9,Green,98,105
98EW00063,A5340,82,4TEATS,106,1,,91,e.8,Green,108,131
98EW00064,A5345,81,,106,1,,88,e.9,Green,102,111
98EW00065,A5347,73,,100,1,,83,L-7,Green,94,109
98EW00066,A5354,81,,110,1,,87,e.8,Green,104,119
98EW00067,A5355,82,,101,1,,93,e.9,Green,110,126
98EW00068,A5364,81,,112,1,,108,e.8,Green,124,142
98EW00069,A5365,81,,107,1,,97,e.9,Green,121,138
98EW00070,A5370,81,4TEATS,103,1,,90,e.8,Green,108,113
98EW00071,A5374,81,,107,1,,93,e.9,Green,118,135
98EW00072,A5378,82,,105,1,,91,e.8,Green,112,128
98EW00073,A5382,81,,106,1,,96,e.9,Green,109,122
98EW00074,A5383,81,,105,1,,90,e.8,Green,105,117
98EW00075,A5392,81,4TEATS,108,1,,94,e.9,Green,116,127
98EW00076,A5398,82,,111,1,,102,L-8,Green,124,143
98EW00077,A5405,82,,108,1,,78,e.8,Green,92,103
98EW00078,A5419,82,,105,1,,90,e.9,Green,108,120
98EW00079,A5427,81,,102,1,,88,e.8,Green,102,111
98EW00080,A5428,81,,102,1,,78,e.9,Green,92,107
98EW00081,A5429,82,,99,1,,93,e.8,Green,107,121
98EW00082,A5434,82,,109,1,,101,L-7,Green,116,130
98EW00083,A5442,81,4TEATS,108,1,,95,e.9,Green,111,121
98EW00084,A5450,73,,104,1,,95,e.9,Green,102,112
98EW00085,A5463,82,,103,1,,90,e.8,Green,99,114
98EW00086,A5467,82,,108,1,,96,e.9,Green,117,126
98EW00087,A5473,81,,108,1,,91,e.9,Green,110,117
98EW00088,A5484,82,4TEATS,100,1,,88,e.8,Green,102,115
98EW00089,A5498,81,,106,1,,93,e.9,Green,110,121
98EW00090,A5500,82,,94,1,,82,e.8,Green,103,117
98EW00091,A5501,82,,93,1,,79,e.9,Green,96,104
98EW00092,A5517,81,"NICE,4TEATS",123,1,,120,e.8,Green,137,160
98EW00093,A5522,81,,105,1,,96,e.9,Green,116,128
98EW00094,A5524,82,,114,1,,90,e.8,Green,113,128
98EW00095,A5529,82,NICE,101,1,,94,e.9,Green,108,119
98EW00096,A5542,81,,117,1,,99,e.8,Green,116,134
98EW00097,A5566,82,,104,1,,80,e.9,Green,101,108
98EW00098,A5578,81,,106,1,,86,e.8,Green,99,109
98EW00099,A5587,81,4TEATS,104,1,,88,e.8,Green,98,108
98EW00100,A5589,82,,102,1,,98,e.9,Green,110,123
98EW00101,A5594,81,,103,1,,95,e.9,Green,112,124
98EW00102,A5597,82,,112,1,,114,L-8,Green,138,159
98EW00103,A5600,82,,103,1,,85,e.8,Green,113,128
98EW00104,A5605,82,,102,1,,95,e.9,Green,116,128
98EW00105,A5606,82,,103,1,,92,e.8,Green,110,124
98EW00106,A5610,81,,104,1,,90,e.9,Green,106,119
98EW00107,A5617,81,,109,1,,83,e.8,Green,104,113
98EW00108,A5620,82,BIG NAVEL,104,1,,99,e.9,Green,116,136
98EW00109,A5632,81,,105,1,,91,e.8,Green,109,125
98EW00110,A5634,81,CHUNKY,101,1,,113,e.8,Green,131,144
98EW00111,A5645,82,,102,1,,84,e.9,Green,103,121
98EW00112,A5673,82,,105,1,,82,e.8,Green,102,112
98EW00113,A5674,82,,106,1,,91,e.9,Green,109,127
98EW00114,A5680,81,,103,1,,91,e.8,Green,110,120
98EW00115,A5681,81,,103,1,,93,e.9,Green,113,125
98EW00116,A5683,81,,104,1,,85,e.8,Green,98,110
98EW00117,A5695,82,,101,1,,84,e.9,Green,101,114
98EW00118,A5698,81,,108,1,,93,e.8,Green,105,116
98EW00119,A5699,81,4TEATS,107,1,,83,e.9,Green,99,110
98EW00120,A5703,81,,104,1,,78,e.8,Green,90,95
98EW00121,A5710,82,,104,1,,89,e.9,Green,106,118
98EW00122,A5711,82,BRN.FOOT,100,1,,89,e.8,Green,105,122
98EW00123,A5729,88,,99,1,,90,L-8,Green,113,128
98EW00124,A5731,73,,102,1,,89,e.8,Green,99,106
98EW00125,A5732,73,,105,1,,88,e.9,Green,105,113
98EW00126,K0005,61,,102,1,,112,e.7,Green,125,142
98EW00127,K0017,00,,0,1,,84,e10,Green,106,122
98EW00128,K0018,61,,94,1,,115,e.7,Green,137,152
98EW00129,K0025,00,,0,1,,101,e10,Green,117,138
98EW00130,K0038,61,,110,1,,116,e.7,Green,145,170
98EW00131,K0039,61,TEST333LB,104,1,,111,L-5,Green,132,333
98EW00132,K0055,62,,106,1,,101,e.6,Green,125,146
98EW00133,K0056,62,,112,1,,107,L-6,Green,123,139
98EW00134,K0064,61,4TEATS,105,1,,103,L-6,Green,132,150
98EW00135,K0065,61,4TEATS,106,1,,106,e.7,Green,129,150
98EW00136,K0080,61,,100,1,,112,e.6,Green,131,152
98EW00137,K0087,60,,102,1,,115,e.7,Green,137,155
98EW00138,K0091,00,"CHK.BUTT,CC?",0,1,,101,e10,Green,125,150
98EW00139,K0101,62,,102,1,,98,L-5,Green,119,131
98EW00140,K0102,62,,101,1,,97,L-6,Green,121,132
98EW00141,K0104,60,,114,1,,112,L-5,Green,136,141
98EW00142,K0108,60,,109,1,,101,e.7,Green,119,136
98EW00143,K0115,00,4TEATS,0,1,,108,e10,Green,122,144
98EW00144,K0118,61,4TEATS,100,1,,98,e.6,Green,118,133
98EW00145,K0121,00,,0,1,,115,e10,Green,133,162
98EW00146,K0122,61,4TEATS,96,1,,119,e.6,Green,140,168
98EW00147,K0123,60,,104,1,,101,e.7,Green,121,141
98EW00148,K0124,60,,107,1,,110,e.7,Green,129,141
98EW00149,K0126,62,,99,1,,100,e.6,Green,114,130
98EW00150,K0130,60,,113,1,,113,L-6,Green,131,145
98EW00151,K0131,60,4TEATS,107,1,,101,L-5,Green,123,139
98EW00152,K0135,60,,98,1,,125,e.7,Green,144,148
98EW00153,K0138,62,"DEAD, GOK",95,6,,109,e.6,Green,116,0
98EW00154,K0145,60,4TEATS,105,1,,114,L-5,Green,132,146
98EW00155,K0159,62,4TEATS,105,1,,113,L-6,Green,134,148
98EW00156,K0169,62,,101,1,,116,e.6,Green,133,170
98EW00157,K0170,60,,106,1,,109,e.7,Green,132,134
98EW00158,K0173,61,,107,1,,105,e.6,Green,131,156
98EW00159,K0174,60,4TEATS,97,1,,100,e.7,Green,119,131
98EW00160,K0177,60,,96,1,,98,e.7,Green,117,138
98EW00161,K0180,60,,103,1,,99,e.7,Green,111,130
98EW00162,K0187,61,4TEATS,95,1,,104,L-6,Green,124,138
98EW00163,K0196,00,,0,1,,99,e10,Green,117,132
98EW00164,K0211,60,,106,1,,102,e.7,Green,127,135
98EW00165,K0213,62,,112,1,,100,e.6,Green,117,134
98EW00166,K0214,62,BLK.TEAT,114,1,,103,e.6,Green,126,144
98EW00167,K0230,62,,102,1,,96,L-5,Green,124,136
98EW00168,K0238,61,ENTR,98,1,,97,e.6,Green,116,135
98EW00169,K0239,61,DEAD 12/11,101,6,,101,L-6,Green,122,0
98EW00170,K0241,60,,102,1,,103,e.7,Green,124,134
98EW00171,K0242,00,,0,1,,117,e10,Green,130,142
98EW00172,K0244,61,,111,1,,111,L-6,Green,130,140
98EW00173,K0249,60,,109,1,,117,e.7,Green,137,145
98EW00174,K0251,60,,107,1,,111,e.7,Green,119,132
98EW00175,K0252,60,,105,1,,110,e.7,Green,125,137
98EW00176,K0254,62,,102,1,,109,L-5,Green,137,150
98EW00177,K0260,60,4TEATS,98,1,,98,e.7,Green,117,132
98EW00178,K0263,00,,0,1,,98,e10,Green,124,150
98EW00179,K0265,62,4TEATS,94,1,,101,L-6,Green,123,136
98EW00180,K0270,00,"ENTR,4TEATS",0,1,,91,e10,Green,106,131
98EW00181,K0273,61,,99,1,,84,L-5,Green,109,121
98EW00182,K0275,60,4TEATS,111,1,,111,e.7,Green,134,154
98EW00183,K0276,60,4TEATS,114,1,,114,L-6,Green,143,163
98EW00184,K0280,61,,98,1,,99,L-5,Green,121,133
98EW00185,K0281,61,,98,1,,85,e.6,Green,100,117
98EW00186,K0283,00,4TEATS,0,1,,110,e10,Green,139,161
98EW00187,K0287,61,,98,1,,96,e.6,Green,111,124
98EW00188,K0288,00,WEAK,0,1,,89,e10,Green,111,131
98EW00189,K0289,60,4TEATS,104,1,,107,e.7,Green,124,133
98EW00190,K0292,62,BRN.R.HIP,102,1,,106,e.6,Green,129,146
98EW00191,K0297,61,,109,1,,106,L-6,Green,123,139
98EW00192,K0300,61,,101,1,,99,L-5,Green,118,132
98EW00193,K0307,60,4TEATS,108,1,,101,L-5,Green,130,135
98EW00194,K0315,61,,99,1,,94,L-5,Green,113,121
98EW00195,K0316,62,,101,1,,116,e.6,Green,147,173
98EW00196,K0317,62,4TEATS,100,1,,107,e.6,Green,123,140
98EW00197,K0318,00,,0,1,,97,e10,Green,117,129
98EW00198,K0325,00,4TEATS,0,1,,113,e10,Green,137,155
98EW00199,K0333,62,,107,1,,89,e.6,Green,108,125
98EW00200,K0342,62,"ENTR,4TEATS",103,1,,102,e.6,Green,119,144
98EW00201,K0357,61,4TEATS,101,1,,99,L-6,Green,122,142
98EW00202,K0361,61,,110,1,,129,L-6,Green,156,172
98EW00203,K0366,60,4TEATS,102,1,,99,L-5,Green,115,124
98EW00204,K0372,61,4TEATS,101,1,,109,e.6,Green,131,154
98EW00205,K0374,62,4TEATS,98,1,,98,e.6,Green,119,135
98EW00206,K0377,62,,108,1,,112,e.6,Green,130,149
98EW00207,K0379,60,,101,1,,97,e.7,Green,120,133
98EW00208,K0380,62,4TEATS,106,1,,88,L-6,Green,113,134
98EW00209,K0381,62,4TEATS,116,1,,94,e.6,Green,112,135
98EW00210,K0382,62,4TEATS,112,1,,103,e.6,Green,126,139
98EW00211,K0383,60,,101,1,,94,e.7,Green,108,133
98EW00212,K0384,60,,112,1,,105,L-5,Green,122,130
98EW00213,K0395,00,4TEATS,0,1,,102,e10,Green,119,140
98EW00214,K0405,61,,105,1,,113,e.7,Green,141,155
98EW00215,K0406,60,,119,1,,131,e.7,Green,160,175
98EW00216,K0408,60,4TEATS,107,1,,116,L-6,Green,144,162
98EW00217,K0413,62,,99,1,,90,e.6,Green,111,127
98EW00218,K0422,61,,108,1,,113,e.6,Green,137,152
98EW00219,K0423,60,4TEATS,95,1,,99,L-5,Green,112,126
98EW00220,K0431,60,,109,1,,109,e.7,Green,133,143
98EW00221,K0432,60,,109,1,,109,e.7,Green,129,139
98EW00222,K0434,60,4TEATS,104,1,,103,e.7,Green,128,144
98EW00223,K0437,61,,105,1,,110,L-5,Green,134,144
98EW00224,K0440,61,4TEATS,96,1,,103,L-6,Green,125,136
98EW00225,K0441,00,,0,1,,111,e10,Green,133,155
98EW00226,K0444,60,4TEATS,115,1,,109,L-6,Green,139,164
98EW00227,K0448,00,,0,1,,104,e10,Green,123,140
98EW00228,K0450,61,,106,1,,101,e.6,Green,122,142
98EW00229,K0451,61,,106,1,,100,e.7,Green,123,144
98EW00230,K0458,62,,112,1,,123,e.6,Green,145,164
98EW00231,K0462,62,4TEATS,107,1,,125,e.6,Green,135,151
98EW00232,K0465,62,,106,1,,108,e.6,Green,120,136
98EW00233,K0471,00,,0,1,,116,e10,Green,146,174
98EW00234,K0474,61,4TEATS,98,1,,97,e.7,Green,113,129
98EW00235,K0476,61,,98,1,,110,L-5,Green,125,133
98EW00236,K0483,62,4TEATS,106,1,,104,e.6,Green,117,134
98EW00237,K0495,60,,97,1,,93,L-5,Green,109,118
98EW00238,K0497,60,,105,1,,100,L-6,Green,123,137
98EW00239,K0504,61,4TEATS,97,1,,89,e.7,Green,118,132
98EW00240,K0511,62,,106,1,,103,L-6,Green,117,129
98EW00241,K0520,62,,97,1,,90,e.6,Green,101,117
98EW00242,K0532,62,4TEATS,98,1,,94,e.6,Green,107,123
98EW00243,K0538,60,,105,1,,101,e.7,Green,109,118
98EW00244,K0545,61,4TEATS,99,1,,100,e.7,Green,116,124
98EW00245,K0550,60,4TEATS,109,1,,104,L-6,Green,134,153
98EW00246,K0563,62,,100,1,,89,e.6,Green,114,134
98EW00247,K0573,60,4TEATS,108,1,,111,L-6,Green,130,144
98EW00248,K0575,60,4TEATS,95,1,,105,L-5,Green,124,134
98EW00249,S8998,12,HAIRY,114,1,,119,e.0,Green,134,151
98EW00250,S8999,11,,110,1,,115,e.1,Green,129,149
98EW00251,S9003,11,,105,1,,99,e.2,Green,118,130
98EW00252,S9005,11,,103,1,,100,e.3,Green,118,127
98EW00253,S9011,10,HAIRY,107,1,,107,e.0,Green,115,122
98EW00254,S9016,12,,102,1,,99,e.1,Green,115,129
98EW00255,S9018,10,4TEATS,104,1,,95,e.3,Green,112,128
98EW00256,S9020,12,,87,1,,91,e.2,Green,112,125
98EW00257,S9022,12,,102,1,,101,e.0,Green,108,116
98EW00258,S9024,11,ENTR mixpen,107,1,,97,e.1,Green,109,125
98EW00259,S9029,12,,87,1,,92,e.2,Green,109,129
98EW00260,S9036,11,,112,1,,110,e.3,Green,119,127
98EW00261,S9041,10,F4-,108,1,,109,e.0,Green,127,142
98EW00262,S9057,12,,98,1,,92,e.1,Green,110,126
98EW00263,S9061,10,NICE,110,1,,116,e.3,Green,147,168
98EW00264,S9063,13,,100,1,,90,e.2,Green,111,135
98EW00265,S9066,12,,101,1,,84,e.0,Green,100,106
98EW00266,S9073,11,,115,1,,108,e.1,Green,130,149
98EW00267,S9084,11,,109,1,,100,e.2,Green,111,124
98EW00268,S9090,13,4TEATS,107,1,,92,e.0,Green,106,117
98EW00269,S9099,11,,106,1,,91,e.3,Green,116,132
98EW00270,S9102,11,HAIRY,108,1,,100,e.1,Green,120,136
98EW00271,S9108,12,,98,1,,91,e.2,Green,106,117
98EW00272,S9112,12,,93,1,,86,e.3,Green,103,116
98EW00273,S9116,11,ENTR,110,1,,98,e.1,Green,130,152
98EW00274,S9121,12,,103,1,,94,e.0,Green,115,126
98EW00275,S9124,13,WEAK LR LEG,114,1,,101,e.2,Green,116,134
98EW00276,S9125,11,,109,1,,99,e.3,Green,115,131
98EW00277,S9133,11,,105,1,,94,e.1,Green,104,121
98EW00278,S9139,13,,108,1,,89,e.0,Green,105,127
98EW00279,S9140,13,4TEATS,109,1,,97,e.2,Green,115,127
98EW00280,S9141,13,REAR LEGS ??,101,1,,103,e.0,Green,113,125
98EW00281,S9145,10,,105,1,,104,e.3,Green,121,132
98EW00282,S9167,10,,106,1,,95,e.0,Green,105,113
98EW00283,S9169,12,4TEATS,110,1,,97,e.2,Green,122,140
98EW00284,S9175,10,,104,1,,107,e.3,Green,118,130
98EW00285,S9179,11,4TEATS,103,1,,81,e.1,Green,97,109
98EW00286,S9181,12,4TEATS,91,1,,91,e.0,Green,104,122
98EW00287,S9183,10,,113,1,,85,e.3,Green,101,115
98EW00288,S9192,12,,93,1,,97,e.2,Green,112,123
98EW00289,S9193,10,4TEATS,106,1,,113,e.0,Green,131,154
98EW00290,S9196,12,,101,1,,93,e.1,Green,109,116
98EW00291,S9202,13,,113,1,,101,e.2,Green,118,135
98EW00292,S9203,13,,101,1,,80,e.0,Green,106,127
98EW00293,S9206,13,4TEATS,90,1,,83,e.1,Green,99,115
98EW00294,S9209,11,4TEATS,110,1,,99,e.3,Green,116,124
98EW00295,S9210,10,4TEATS,104,1,,87,e.3,Green,104,109
98EW00296,S9211,10,,116,1,,96,e.0,Green,117,125
98EW00297,S9214,10,,105,1,,91,e.3,Green,105,104
98EW00298,S9215,10,,102,1,,98,e.0,Green,109,119
98EW00299,S9219,11,,114,7,,87,e.2,Green,0,0
98EW00300,S9225,10,,109,1,,101,e.3,Green,121,125
98EW00301,S9228,13,,97,1,,85,e.1,Green,97,111
98EW00302,S9230,12,,96,1,,89,e.2,Green,107,118
98EW00303,S9231,11,ENTR,103,1,,93,e.1,Green,105,117
98EW00304,S9233,11,,105,1,,97,e.2,Green,106,123
98EW00305,S9234,11,,103,1,,93,e.1,Green,106,121
98EW00306,S9236,13,,98,1,,82,e.0,Green,102,113
98EW00307,S9237,13,,100,1,,106,e.2,Green,124,132
98EW00308,S9242,10,,111,1,,113,e.3,Green,125,132
98EW00309,S9246,12,,100,1,,89,e.0,Green,107,118
98EW00310,S9254,13,SCOURS,88,1,,82,e.1,Green,98,114
98EW00311,S9256,10,,103,1,,95,e.3,Green,109,119
98EW00312,S9257,12,,102,1,,77,e.2,Green,100,117
98EW00313,S9268,13,,103,1,,86,e.0,Green,103,120
98EW00314,S9269,13,,108,1,,92,e.1,Green,110,130
98EW00315,S9278,12,,99,1,,110,e.2,Green,124,126
98EW00316,S9279,10,,111,1,,94,e.3,Green,113,126
98EW00317,S9290,10,,100,1,,101,e.0,Green,114,126
98EW00318,S9291,13,"DEAD,GOK,299",111,6,,86,e.1,Green,0,0
98EW00319,S9292,13,,108,1,,92,e.2,Green,108,118
98EW00320,S9293,11,,102,1,,93,e.3,Green,105,113
98EW00321,S9294,11,,102,1,,95,e.1,Green,103,112
98EW00322,S9298,11,,108,1,,96,e.2,Green,118,141
98EW00323,S9299,11,HAIRY,106,1,,89,e.3,Green,101,113
98EW00324,S9310,11,,110,1,,97,e.1,Green,110,124
98EW00325,S9314,13,,99,1,,78,e.0,Green,101,116
98EW00326,S9315,13,,101,1,,84,e.2,Green,100,118
98EW00327,S9319,13,,92,1,,94,e.2,Green,114,127
98EW00328,S9320,13,F4-,95,1,,96,e.0,Green,117,134
98EW00329,S9322,10,4TEATS,101,1,,96,e.0,Green,112,121
98EW00330,S9332,10,,107,1,,97,e.3,Green,111,128
98EW00331,S9333,10,OK,108,1,,105,e.0,Green,133,150
98EW00332,S9334,10,,105,1,,104,e.3,Green,121,132
98EW00333,S9340,12,ENTR,106,1,,103,e.1,Green,119,140
98EW00334,S9341,12,,99,1,,87,e.3,Green,106,120
98EW00335,S9345,12,4TEATS,101,1,,99,e.1,Green,120,131
98EW00336,S9349,10,4TEATS,106,7,,92,e.0,Green,0,0
98EW00337,S9350,12,4TEATS,100,1,,95,e.2,Green,113,125
98EW00338,S9352,13,ENTR,100,1,,93,e.1,Green,112,127
98EW00339,S9354,11,HAIRY,105,1,,89,e.3,Green,107,117
98EW00340,S9356,13,,102,1,,95,e.2,Green,114,127
98EW00341,S9377,11,,102,1,,89,e.1,Green,104,115
98EW00342,S9382,11,,105,1,,89,e.2,Green,115,127
98EW00343,S9384,12,,104,1,,90,e.0,Green,107,117
98EW00344,S9385,10,H3,104,1,,94,e.3,Green,108,120
98EW00345,S9387,12,4TEATS,99,1,,88,e.0,Green,106,123
98EW00346,S9390,12,,102,1,,94,e.1,Green,120,128
98EW00347,S9391,12,,99,1,,79,e.2,Green,95,113
98EW00348,S9393,11,,105,1,,85,e.3,Green,101,110
98EW00349,S9399,13,,99,1,,93,e.0,Green,115,127
98EW00350,S9403,13,,105,1,,99,e.1,Green,134,154
98EW00351,S9412,13,,104,1,,81,e.2,Green,101,106
98EW00352,S9416,10,NICE,106,1,,103,e.3,Green,123,140
98EW00353,S9421,11,,104,1,,95,e.1,Green,111,133
98EW00354,S9423,11,,101,1,,92,e.2,Green,100,117
98EW00355,S9426,12,,99,1,,91,e.0,Green,109,125
98EW00356,S9428,11,,107,1,,91,e.3,Green,107,118
98EW00357,S9429,11,,115,1,,102,e.1,Green,119,139
98EW00358,S9437,10,4TEATS,106,1,,103,e.0,Green,123,134
98EW00359,S9440,12,,110,1,,99,e.2,Green,114,131
98EW00360,S9447,12,,100,1,,70,e.3,Green,87,104
98EW00361,S9450,10,4TEATS,118,1,,99,e.0,Green,116,131
98EW00362,S9453,10,MS.BIG,111,1,,105,e.3,Green,121,141
98EW00363,S9455,13,,112,1,,99,e.1,Green,122,144
98EW00364,S9462,13,,102,1,,91,e.2,Green,119,139
98EW00365,S9473,10,,107,1,,103,e.0,Green,115,124
98EW00366,S9476,10,SPRING CREEK,89,7,,71,e.3,Green,0,0
98EW00367,S9478,12,4TEATS,93,1,,89,e.1,Green,99,119
98EW00368,S9479,12,4TEATS,100,1,,96,e.2,Green,116,138
98EW00369,S9482,11,SPRING CREEK,104,1,,87,e.1,Green,107,116
98EW00370,S9492,12,,95,1,,89,e.1,Green,99,121
98EW00371,S9497,13,ENTR,94,1,,84,e.2,Green,96,110
98EW00372,S9499,12,,103,1,,88,e.3,Green,108,119
98EW00373,S9501,13,,90,1,,85,e.0,Green,94,107
98EW00374,S9503,10,,105,1,,87,e.3,Green,101,114
98EW00375,S9507,12,,94,1,,82,e.1,Green,101,113
98EW00376,S9510,13,,102,1,,89,e.2,Green,110,119
98EW00377,S9511,10,4TEATS,105,1,,95,e.0,Green,107,121
98EW00378,S9513,11,"ENTR,4TEATS",110,1,,101,e.1,Green,123,146
98EW00379,S9522,12,,105,1,,95,e.2,Green,117,125
98EW00380,S9535,11,"HAIRY,4TEATS",117,1,,102,e.3,Green,120,132
98EW00381,S9540,10,SCURS,117,1,,111,e.0,Green,131,143
98EW00382,S9555,13,4TEATS,105,1,,100,e.1,Green,110,120
98EW00383,S9558,11,,102,1,,93,e.2,Green,110,119
98EW00384,S9565,13,,97,1,,97,e.0,Green,120,138
98EW00385,S9566,13,,93,1,,87,e.1,Green,112,132
98EW00386,S9570,13,4TEATS,96,1,,81,e.2,Green,96,109
98EW00387,S9574,13,,117,1,,92,e.0,Green,107,122
98EW00388,S9581,10,4TEATS,102,1,,101,e.3,Green,124,137
98EW00389,S9585,12,,92,1,,73,e.3,Green,97,109
98EW00390,S9588,10,,111,1,,98,e.3,Green,122,136
98EW00391,S9596,12,"ENTR,4TEATS",99,1,,84,e.1,Green,98,113
98EW00392,S9601,10,,105,1,,80,e.0,Green,90,101
98EW00393,S9602,10,4TEATS,112,1,,96,e.3,Green,122,137
98EW00394,S9604,13,,102,1,,87,e.2,Green,106,129
98EW00395,S9613,11,,109,1,,98,e.1,Green,121,137
98EW00396,S9615,13,,97,1,,91,e.2,Green,103,119
98EW00397,S9620,11,PINK,105,1,,97,e.1,Green,114,122
98EW00398,S9629,10,HAIRY,122,1,,106,e.0,Green,136,147
98EW00399,S9630,10,,116,1,,101,e.3,Green,121,144
98EW00400,S9634,10,ENTR,102,1,,95,e.0,Green,109,116
98EW00401,S9638,10,HAIRY,103,1,,90,e.3,Green,109,121
98EW00402,S9646,13,,104,1,,90,e.2,Green,104,123
98EW00403,S9647,13,,98,1,,79,e.1,Green,95,111
98EW00404,S9648,12,,97,1,,95,e.2,Green,116,137
98EW00405,S9653,10,,117,1,,109,e.0,Green,122,134
98EW00406,S9658,13,,101,1,,91,e.1,Green,111,129
98EW00407,S9671,11,,101,1,,94,e.2,Green,107,113
98EW00408,S9673,11,,104,1,,90,e.3,Green,111,134
98EW00409,S9674,11,H3,102,1,,89,e.1,Green,104,114
98EW00410,S9680,12,,101,1,,102,e.0,Green,120,131
98EW00411,S9682,10,BRN.L.EAR,108,1,,102,e.3,Green,110,131
98EW00412,S9685,13,,99,1,,88,e.2,Green,113,136
98EW00413,S9687,12,,106,1,,87,e.0,Green,106,119
98EW00414,S9689,13,,99,1,,101,e.1,Green,123,141
98EW00415,S9706,11,,110,1,,91,e.2,Green,112,123
98EW00416,S9708,11,ENTR,111,1,,89,e.3,Green,113,123
98EW00417,S9709,11,,114,1,,105,e.1,Green,114,122
98EW00418,S9759,12,,106,1,,85,e.0,Green,101,110
98EW00419,S9761,10,,107,1,,95,e.3,Green,111,118
98EW00420,S9768,12,,105,1,,96,e.2,Green,116,130
98EW00421,S9778,12,,102,1,,89,e.0,Green,111,124
98EW00422,S9784,13,,117,1,,100,e.1,Green,107,124
98EW00423,S9794,12,,103,1,,90,e.2,Green,104,117
98EW00424,S9795,10,F4,114,1,,109,e.3,Green,124,133
98EW00425,S9797,13,BLK.R.EYE,112,1,,96,e.0,Green,112,125
98EW00426,S9800,11,,111,1,,93,e.1,Green,106,121
98EW00427,S9803,12,,100,1,,98,e.2,Green,116,131
98EW00428,S9804,12,W/ SAVES,99,7,,85,e.3,Green,0,0
98EW00429,S9805,12,,100,1,,88,e.0,Green,101,115
98EW00430,S9816,11,,109,1,,91,e.1,Green,113,125
98EW00431,S9822,10,,115,1,,98,e.3,Green,119,134
98EW00432,S9859,13,,102,1,,82,e.2,Green,109,131
98EW00433,S9873,12,,97,1,,79,e.0,Green,102,120
98EW00434,S9887,11,,106,1,,91,e.1,Green,118,137
98EW00435,T6435,ID,,104,1,,95,e.4,Green,111,129
98EW00436,T6436,ID,>SEMEN LAMB,103,1,,98,e.4,Green,117,136
98EW00437,T6437,ID,,103,1,,99,e.4,Green,115,144
98EW00438,T6439,ID,4TEATS,130,1,,122,e.4,Green,143,174
98EW00439,T6443,ID,,105,1,,112,e.4,Green,124,149
98EW00440,T6446,ID,,96,1,,93,e.4,Green,110,129
98EW00441,T6449,ID,,130,1,,103,e.4,Green,122,151
98EW00442,T6450,ID,@MUD LAKE,98,1,,109,e.4,Green,126,148
98EW00443,T6451,ID,,113,1,,98,e.4,Green,110,129
98EW00444,T6454,ID,,112,1,,94,e.5,Green,121,142
98EW00445,T6455,ID,4TEATS,111,1,,90,e.5,Green,104,122
98EW00446,T6456,ID,,117,1,,96,e.5,Green,110,129
98EW00447,T6460,ID,,136,1,,109,e.4,Green,121,148
98EW00448,T6463,ID,,103,1,,113,e.5,Green,130,145
98EW00449,T6466,ID,,112,1,,121,e.5,Green,146,175
98EW00450,T6474,ID,,131,1,,90,e.5,Green,105,118
98EW00451,T6475,ID,,128,1,,101,e.5,Green,119,137
98EW00452,T6479,ID,4TEATS,101,1,,107,e.4,Green,116,135
98EW00453,T6481,ID,,102,1,,99,e.5,Green,118,122
98EW00454,T6485,41,,106,P,FATS,101,e.P,Green,109,125
98EW00455,T6486,ID,,105,1,,107,e.5,Green,129,140
98EW00456,T6488,41,4TEATS,89,P,LEAN,89,e.P,Green,110,126
98EW00457,T6489,ID,ENTR,100,1,,89,e.4,Green,101,118
98EW00458,T6496,ID,,128,1,,100,e.5,Green,118,127
98EW00459,T6498,ID,,122,1,,92,e.5,Green,101,117
98EW00460,T6499,42,4TEATS,96,P,FATS,81,e.P,Green,92,106
98EW00461,T6502,ID,4TEATS,138,1,,102,e.5,Green,128,153
98EW00462,T6503,41,,92,P,LEAN,83,e.P,Green,110,132
98EW00463,T6504,42,HAIRY,104,P,CTRL,87,e.P,Green,108,125
98EW00464,T6508,41,HAIRY,97,P,CTRL,91,e.P,Green,102,118
98EW00465,T6510,ID,,114,1,,115,e.5,Green,147,160
98EW00466,T6511,ID,,103,1,,103,e.4,Green,120,141
98EW00467,T6525,41,,101,P,CTRL,94,e.P,Green,119,140
98EW00468,T6526,41,,101,P,FATS,97,e.P,Green,107,132
98EW00469,T6527,42,ENTR,92,P,FATS,90,e.P,Green,98,124
98EW00470,T6533,ID,4TEATS,108,1,,95,e.4,Green,112,128
98EW00471,T6544,41,4TEATS,87,P,FATS,72,e.P,Green,92,105
98EW00472,T6550,ID,,109,1,,104,e.5,Green,116,133
98EW00473,T6556,41,,116,P,CTRL,104,e.P,Green,124,139
98EW00474,T6557,41,,111,P,LEAN,100,e.P,Green,129,154
98EW00475,T6562,41,,98,P,CTRL,79,e.P,Green,102,0
98EW00476,T6566,41,HAIRY,109,P,LEAN,100,e.P,Green,112,128
98EW00477,T6570,ID,4TEATS,121,1,,96,e.4,Green,111,131
98EW00478,T6572,42,,93,P,FATS,79,e.P,Green,97,110
98EW00479,T6576,42,4TEATS,110,P,LEAN,103,e.P,Green,114,137
98EW00480,T6581,42,,80,P,LEAN,92,e.P,Green,115,129
98EW00481,T6589,41,4TEATS,118,P,LEAN,101,e.P,Green,133,0
98EW00482,T6593,41,,117,P,FATS,101,e.P,Green,109,121
98EW00483,T6596,ID,,93,1,,94,e.4,Green,105,130
98EW00484,T6597,42,,95,P,CTRL,76,e.P,Green,95,107
98EW00485,T6598,42,4TEATS,95,P,FATS,80,e.P,Green,92,93
98EW00486,T6599,42,,92,P,CTRL,89,e.P,Green,111,115
98EW00487,T6608,ID,,114,1,,103,e.5,Green,126,144
98EW00488,T6609,41,,110,P,FATS,105,e.P,Green,119,0
98EW00489,T6610,41,,101,P,LEAN,86,e.P,Green,108,139
98EW00490,T6613,42,,88,P,LEAN,77,e.P,Green,93,0
98EW00491,T6619,41,,97,P,FATS,85,e.P,Green,100,0
98EW00492,T6620,41,,103,P,FATS,89,e.P,Green,107,125
98EW00493,T6622,42,4TEATS,77,P,LEAN,70,e.P,Green,92,114
98EW00494,T6623,42,4TEATS,95,P,FATS,88,e.P,Green,111,124
98EW00495,T6624,42,4TEATS,88,P,LEAN,74,e.P,Green,93,0
98EW00496,T6625,42,,101,P,CTRL,85,e.P,Green,89,104
98EW00497,T6631,42,4TEATS,89,P,CTRL,84,e.P,Green,105,124
98EW00498,T6639,42,4TEATS,97,P,LEAN,80,e.P,Green,89,106
98EW00499,T6640,42,,112,P,FATS,109,e.P,Green,129,126
98EW00500,T6649,ID,,110,1,,96,e.5,Green,114,132
98EW00501,T6652,42,4TEATS,84,P,CTRL,79,e.P,Green,102,0
98EW00502,T6653,42,4TEATS,83,P,CTRL,76,e.P,Green,93,106
98EW00503,T6654,42,,91,P,FATS,87,e.P,Green,98,116
98EW00504,T6658,41,,102,P,FATS,90,e.P,Green,108,0
98EW00505,T6659,42,,92,P,CTRL,93,e.P,Green,113,124
98EW00506,T6660,42,,98,P,CTRL,93,e.P,Green,107,119
98EW00507,T6663,42,4TEATS,81,P,FATS,76,e.P,Green,92,109
98EW00508,T6670,41,,102,P,LEAN,96,e.P,Green,126,148
98EW00509,T6673,41,,99,P,CTRL,94,e.P,Green,116,132
98EW00510,T6680,42,4TEATS,86,P,FATS,79,e.P,Green,93,99
98EW00511,T6683,41,4TEATS,104,P,CTRL,86,e.P,Green,103,118
98EW00512,T6686,41,,92,P,CTRL,90,e.P,Green,108,126
98EW00513,T6687,41,,92,P,LEAN,89,e.P,Green,111,133
98EW00514,T6689,41,ENTR,114,P,CTRL,98,e.P,Green,113,127
98EW00515,T6696,41,,114,P,LEAN,94,e.P,Green,121,137
98EW00516,T6697,41,,111,P,FATS,91,e.P,Green,107,127
98EW00517,T6702,42,HAIRY,90,P,LEAN,88,e.P,Green,110,130
98EW00518,T6705,42,,107,P,CTRL,93,e.P,Green,116,130
98EW00519,T6706,41,4TEATS,100,P,CTRL,106,e.P,Green,118,135
98EW00520,T6707,41,,103,P,LEAN,99,e.P,Green,115,0
98EW00521,T6708,41,,113,P,LEAN,96,e.P,Green,128,144
98EW00522,T6709,41,SL.ENTR 1EYE,115,P,FATS,94,e.P,Green,114,124
98EW00523,T6712,42,4TEATS,86,P,FATS,63,e.P,Green,71,0
98EW00524,T6713,41,,104,P,CTRL,107,e.P,Green,133,151
98EW00525,T6718,41,"HAIRY,4TEATS",107,P,CTRL,100,e.P,Green,127,0
98EW00526,T6719,41,4TEATS,98,P,CTRL,88,e.P,Green,102,119
98EW00527,T6722,41,,108,P,FATS,103,e.P,Green,119,127
98EW00528,T6725,ID,,142,1,,96,e.5,Green,119,137
98EW00529,T6726,41,4TEATS,111,P,CTRL,90,e.P,Green,90,100
98EW00530,T6727,41,,109,P,LEAN,88,e.P,Green,116,140
98EW00531,T6729,42,,95,P,CTRL,77,e.P,Green,87,99
98EW00532,T6732,42,,87,P,CTRL,75,e.P,Green,90,98
98EW00533,T6743,42,,98,P,LEAN,85,e.P,Green,97,116
98EW00534,T6746,41,,114,P,LEAN,100,e.P,Green,122,135
98EW00535,T6751,41,,99,P,CTRL,82,e.P,Green,107,0
98EW00536,T6752,ID,4TEATS,120,1,,100,e.5,Green,117,135
98EW00537,T6754,41,,100,P,FATS,82,e.P,Green,91,0
98EW00538,T6756,00,BLACK EWE,95,1,,93,e.4,Green,111,131
98EW00539,T6759,42,,84,P,LEAN,87,e.P,Green,109,121
98EW00540,T6761,42,,97,P,LEAN,79,e.P,Green,106,131
98EW00541,T6762,42,4TEATS,94,P,LEAN,81,e.P,Green,103,116
98EW00542,T6770,42,,87,P,CTRL,78,e.P,Green,91,100
98EW00543,T6771,41,,90,P,FATS,70,e.P,Green,96,111
98EW00544,T6778,42,,87,P,FATS,71,e.P,Green,85,0
98EW00545,T6780,41,,103,P,LEAN,88,e.P,Green,110,122
98EW00546,T6783,42,4TEATS,83,P,CTRL,73,e.P,Green,84,96
98EW00547,T6784,41,,111,P,FATS,89,e.P,Green,115,135
98EW00548,T6785,41,F2+,127,P,LEAN,105,e.P,Green,130,154
98EW00549,T6787,42,4TEATS,91,P,LEAN,61,e.P,Green,80,103
98EW00550,T6788,42,4TEATS,106,P,CTRL,83,e.P,Green,104,0
98EW00551,T6792,42,4TEATS,95,P,LEAN,77,e.P,Green,77,107
98EW00552,T6793,42,,91,P,LEAN,71,e.P,Green,92,110
98EW00553,T6796,42,,80,P,LEAN,71,e.P,Green,91,0
98EW00554,T6797,41,,103,P,FATS,94,e.P,Green,117,136
98EW00555,T6798,41,"DEAD,54,301",108,6,,91,e.P,Green,0,0
98EW00556,T6800,42,,99,P,LEAN,94,e.P,Green,123,0
98EW00557,T6801,41,,96,P,FATS,90,e.P,Green,107,123
98EW00558,T6803,42,,87,P,FATS,82,e.P,Green,101,113
98EW00559,T6809,41,,96,P,FATS,89,e.P,Green,104,120
98EW00560,T6811,41,4TEATS,99,P,FATS,107,e.P,Green,129,139
98EW00561,T6813,42,4TEATS,90,P,FATS,75,e.P,Green,91,110
98EW00562,T6819,42,ENTR,82,P,CTRL,76,e.P,Green,88,0
98EW00563,T6822,42,F3-,83,P,CTRL,81,e.P,Green,92,102
98EW00564,T6824,42,,102,P,FATS,87,e.P,Green,108,119
98EW00565,T6829,42,ENTR,90,P,FATS,85,e.P,Green,99,116
98EW00566,T6835,42,,71,P,CTRL,66,e.P,Green,86,92
98EW00567,T6836,42,4TEATS,75,P,FATS,56,e.P,Green,86,97
98EW00568,T6838,41,4TEATS,124,P,FATS,99,e.P,Green,117,129
98EW00569,T6840,41,,106,P,FATS,82,e.P,Green,105,121
98EW00570,T6844,42,,88,P,CTRL,67,e.P,Green,79,89
98EW00571,T6850,42,4TEATS,82,P,FATS,76,e.P,Green,96,109
98EW00572,T6852,42,4TEATS,82,P,LEAN,79,e.P,Green,109,128
98EW00573,T6855,42,4TEATS,93,P,FATS,74,e.P,Green,96,124
98EW00574,T6858,42,4TEATS,86,P,LEAN,72,e.P,Green,96,128
98EW00575,T6859,41,POLYPAY??,94,P,LEAN,83,e.P,Green,111,133
98EW00576,T6868,41,,90,P,LEAN,82,e.P,Green,94,0
98EW00577,T6870,42,,84,P,LEAN,75,e.P,Green,96,110
98EW00578,T6872,42,,84,P,CTRL,71,e.P,Green,88,97
98EW00579,T6873,42,,101,P,LEAN,78,e.P,Green,99,120
98EW00580,T6874,42,,96,P,FATS,71,e.P,Green,90,0
98EW00581,T6884,41,,106,P,LEAN,83,e.P,Green,118,143
98EW00582,T6885,41,,104,P,LEAN,87,e.P,Green,107,128
98EW00583,T6888,41,ENTR,120,P,LEAN,94,e.P,Green,129,144
98EW00584,T6891,42,DEAD 12/15,87,P,LEAN,74,e.P,Green,105,0
98EW00585,T6896,42,,106,P,FATS,90,e.P,Green,104,126
98EW00586,T6904,41,"ENTR,4TEATS",112,P,CTRL,93,e.P,Green,106,117
98EW00587,T6909,41,4TEATS,104,P,LEAN,84,e.P,Green,104,126
98EW00588,T6918,42,,98,P,LEAN,84,e.P,Green,107,120
98EW00589,T6922,41,,92,P,CTRL,76,e.P,Green,94,105
98EW00590,T6931,42,,101,P,LEAN,89,e.P,Green,111,133
98EW00591,T6932,41,,126,P,FATS,112,e.P,Green,126,134
98EW00592,T6936,41,,93,P,CTRL,86,e.P,Green,102,115
98EW00593,T6937,41,4TEATS,87,P,FATS,81,e.P,Green,108,130
98EW00594,T6938,42,,95,P,CTRL,84,e.P,Green,110,0
98EW00595,T6942,41,ENTR,98,P,CTRL,77,e.P,Green,112,135
98EW00596,T6945,42,4TEATS,80,P,FATS,67,e.P,Green,80,95
98EW00597,T6947,42,,81,P,FATS,71,e.P,Green,96,0
98EW00598,T6964,41,4TEATS,103,P,FATS,91,e.P,Green,117,138
98EW00599,T6978,42,4TEATS,95,P,CTRL,79,e.P,Green,101,115
98EW00600,T6982,41,BLK.LF.KNEE,100,P,CTRL,97,e.P,Green,124,0
98EW00601,T6997,41,,101,P,LEAN,89,e.P,Green,111,0
98EW00602,T7004,41,PNEUMONIA,92,P,CTRL,73,e.P,Green,77,97
98EW00603,Z4647,ch,,87,1,,104,e11,Green,124,144
98EW00604,Z4649,ch,,77,1,,84,e11,Green,96,104
98EW00605,Z4650,ch,,95,1,,112,e11,Green,137,155
98EW00606,Z4653,ch,,84,1,,86,e11,Green,109,115
98EW00607,Z4654,ch,,94,1,,115,e11,Green,133,149
98EW00608,Z4657,ch,,77,1,,93,e11,Green,117,121
98EW00609,Z4663,ch,,106,1,,99,e11,Green,115,129
98EW00610,Z4664,ch,BRN.LEGS,110,1,,108,e11,Green,126,137
98EW00611,Z4665,ch,,79,1,,92,e11,Green,113,125
98EW00612,Z4666,ch,,83,1,,96,e11,Green,116,126
98EW00613,Z4669,ch,,105,1,,100,e11,Green,112,126
98EW00614,Z4673,ch,,89,1,,94,e11,Green,105,113
98EW00615,Z4686,ch,,90,1,,112,e11,Green,130,144
98EW00616,Z4688,ch,,92,1,,87,e11,Green,110,120
98EW00617,Z4689,ch,,87,1,,79,e11,Green,94,96
98EW00618,Z4691,ch,,88,1,,98,e11,Green,120,134
98EW00619,Z4695,ch,,94,1,,79,e11,Green,98,113
98EW00620,Z4697,ch,,96,1,,99,e11,Green,117,121
98EW00621,Z4698,ch,BRN.LR.LEG,96,1,,99,e11,Green,109,123
98EW00622,Z4700,ch,,108,1,,99,e11,Green,117,132
98EW00623,Z4701,ch,,99,1,,81,e11,Green,100,102
98EW00624,Z4704,ch,,106,1,,106,e11,Green,121,133
98EW00625,Z4707,ch,,98,1,,102,e11,Green,126,138
98EW00626,Z4708,ch,,107,1,,96,e11,Green,115,125
98EW00627,Z4709,ch,,108,1,,100,e11,Green,122,137
98EW00628,Z4711,ch,,87,1,,113,e11,Green,130,140
98EW00629,Z4716,ch,,87,1,,101,e11,Green,115,125
98EW00630,Z4717,97,SAVE for MCF,95,1,,92,974,Green,117,140
98EW00631,Z4718,97,WEAK,104,1,,112,974,Green,139,153
98EW00632,Z4733,97,,113,1,,111,973,Green,143,165
98EW00633,Z4734,97,,107,1,,100,974,Green,124,146
98EW00634,Z4738,97,ENTR,97,1,,99,973,Green,118,140
98EW00635,Z4740,97,,98,1,,87,974,Green,118,140
98EW00636,Z4751,97,FIX 1TAG,117,1,,112,973,Green,136,156
98EW00637,Z4752,97,,114,1,,109,973,Green,136,162
98EW00638,Z4761,97,"WEAK,GAUNT",110,1,,111,974,Green,130,153
98EW00639,Z4765,97,,101,1,,100,973,Green,119,138
98EW00640,Z4772,97,,99,1,,90,974,Green,110,127
98EW00641,Z4777,97,ENTR,92,1,,90,974,Green,110,122
98EW00642,Z4778,97,,97,1,,96,973,Green,117,128
98EW00643,Z4786,97,,117,1,,121,974,Green,139,159
98EW00644,Z4788,97,,117,1,,121,973,Green,151,179
98EW00645,Z4798,97,,104,1,,101,973,Green,114,141
98EW00646,Z4801,97,,114,1,,106,974,Green,131,145
98EW00647,Z4825,97,,106,1,,100,974,Green,123,142
98EW00648,Z4860,97,,98,1,,84,973,Green,119,135
98EW00649,Z4870,97,,104,1,,100,974,Green,123,149
98EW00650,Z4892,97,,104,1,,99,973,Green,131,144
98EW00651,Z4903,97,,105,1,,100,973,Green,120,134
98EW00652,Z4906,97,,108,1,,98,974,Green,118,135
98EW00653,Z4940,97,"GOITER,SL.",100,1,,93,973,Green,116,134
