UID,ID,SEX,FLWT,GRFL,DAY,STM,RMK
19SH00001,A0002,2,48,4.8,45,30,.
19SH00002,A0003,2,78,7.8,45,30,.
19SH00003,A0005,2,70,7.0,45,30,.
19SH00004,A0006,2,60,6.0,45,30,.
19SH00005,A0007,2,62,6.2,45,30,.
19SH00006,A0009,2,72,7.2,45,30,.
19SH00007,A0012,1,72,7.2,49,30,Scurs
19SH00008,A0013,1,82,8.2,49,30,Nice!
19SH00009,A0016,2,66,6.6,45,30,.
19SH00010,A0017,2,62,6.2,45,30,.
19SH00011,A0023,2,58,5.8,45,30,.
19SH00012,A0024,2,56,5.6,45,30,.
19SH00013,A0025,2,58,5.8,45,30,HAIRY
19SH00014,A0026,2,62,6.2,45,30,PINK
19SH00015,A0030,2,52,5.2,45,30,.
19SH00016,A0032,2,60,6.0,45,30,PINK
19SH00017,A0035,2,50,5.0,45,30,.
19SH00018,A0036,1,46,4.6,49,30,Scurs
19SH00019,A0038,1,44,4.4,49,30,Scurs
19SH00020,A0039,1,74,7.4,49,30,Scurs
19SH00021,A0049,2,68,6.8,45,30,PINK
19SH00022,A0051,1,68,6.8,49,30,Scurs
19SH00023,A0052,2,52,5.2,45,30,PINK
19SH00024,A0056,2,56,5.6,45,30,2ND
19SH00025,A0059,2,67,6.7,45,30,.
19SH00026,A0060,2,58,5.8,45,30,.
19SH00027,A0061,2,58,5.8,45,30,PINK
19SH00028,A0064,1,70,7.0,49,30,Scurs
19SH00029,A0066,2,64,6.4,45,30,.
19SH00030,A0069,2,60,6.0,45,30,.
19SH00031,A0070,2,58,5.8,45,30,.
19SH00032,A0072,2,72,7.2,45,30,PINK.UGLY
19SH00033,A0073,2,82,8.2,45,30,.
19SH00034,A0074,2,58,5.8,45,30,.
19SH00035,A0076,2,60,6.0,45,30,.
19SH00036,A0077,2,56,5.6,45,30,.
19SH00037,A0078,2,60,6.0,45,30,.
19SH00038,A0081,2,60,6.0,45,30,.
19SH00039,A0089,2,66,6.6,45,30,.
19SH00040,A0093,1,64,6.4,49,30,.
19SH00041,A0094,2,70,7.0,45,30,.
19SH00042,A0100,1,58,5.8,49,30,Scurs
19SH00043,A0103,2,56,5.6,45,30,ScoursTx
19SH00044,A0106,2,52,5.2,45,30,RespTx
19SH00045,A0107,1,66,6.6,49,30,Scurs
19SH00046,A0110,2,64,6.4,45,30,.
19SH00047,A0112,1,66,6.6,49,30,Scurs
19SH00048,A0113,2,62,6.2,45,30,.
19SH00049,A0118,1,68,6.8,49,30,Scurs
19SH00050,A0120,2,44,4.4,45,30,.
19SH00051,A0121,2,50,5.0,45,30,.
19SH00052,A0124,2,86,8.6,45,30,.
19SH00053,A0128,2,58,5.8,45,30,ScoursTx
19SH00054,A0132,2,60,6.0,45,30,2ND.UGLY
19SH00055,A0134,2,74,7.4,45,30,PINK.EARS
19SH00056,A0136,2,68,6.8,45,30,.
19SH00057,A0137,2,56,5.6,45,30,.
19SH00058,A0142,2,52,5.2,45,30,.
19SH00059,A0144,2,56,5.6,45,30,NWBLameRF
19SH00060,A0148,2,56,5.6,45,30,.
19SH00061,A0149,2,74,7.4,45,30,IncRR&TempTx
19SH00062,A0152,1,78,7.8,49,30,.
19SH00063,A0155,2,56,5.6,45,30,UGLY
19SH00064,A0156,1,74,7.4,49,30,ScursPinkEyes
19SH00065,A0158,2,46,4.6,45,30,PINK  ScoursT
19SH00066,A0159,2,94,9.4,45,30,.
19SH00067,A0163,2,54,5.4,45,30,PINK
19SH00068,A0164,2,60,6.0,45,30,.
19SH00069,A0167,2,54,5.4,45,30,HAIRY
19SH00070,A0168,2,80,8.0,45,30,.
19SH00071,A0170,2,58,5.8,45,30,PINK
19SH00072,A0173,2,72,7.2,45,30,ScoursTx
19SH00073,A0175,2,88,8.8,45,30,.
19SH00074,A0177,1,80,8.0,49,30,Horns
19SH00075,A0179,2,44,4.4,45,30,HAIRY
19SH00076,A0184,2,64,6.4,45,30,.
19SH00077,A0186,2,66,6.6,45,30,PINK
19SH00078,A0187,2,66,6.6,45,30,.
19SH00079,A0188,2,60,6.0,45,30,HAIRY
19SH00080,A0189,2,86,8.6,45,30,.
19SH00081,A0192,2,30,3.0,45,30,.
19SH00082,A0193,2,78,7.8,45,30,.
19SH00083,A0196,2,64,6.4,45,30,.
19SH00084,A0197,1,66,6.6,49,30,Nice!
19SH00085,A0198,2,54,5.4,45,30,UGLY
19SH00086,A0199,2,66,6.6,45,30,.
19SH00087,A0202,2,48,4.8,45,30,.
19SH00088,A0203,2,82,8.2,45,30,.
19SH00089,A0207,2,60,6.0,45,30,.
19SH00090,A0209,1,56,5.6,49,30,.
19SH00091,A0210,2,66,6.6,45,30,.
19SH00092,A0211,1,56,5.6,49,30,Scurs
19SH00093,A0214,2,68,6.8,45,30,.
19SH00094,A0216,2,52,5.2,45,30,.
19SH00095,A0217,1,62,6.2,49,30,Scurs
19SH00096,A0221,2,58,5.8,45,30,.
19SH00097,A0223,2,62,6.2,45,30,.
19SH00098,A0224,2,78,7.8,45,30,.
19SH00099,A0226,2,72,7.2,45,30,.
19SH00100,A0227,2,76,7.6,45,30,.
19SH00101,A0230,1,64,6.4,49,30,.
19SH00102,A0231,1,50,5.0,49,30,Scurs
19SH00103,A0232,2,84,8.4,45,30,.
19SH00104,A0234,2,60,6.0,45,30,PINK
19SH00105,A0235,2,84,8.4,45,30,.
19SH00106,A0236,2,64,6.4,45,30,.
19SH00107,A0239,2,58,5.8,45,30,.
19SH00108,A0240,2,52,5.2,45,30,.
19SH00109,A0244,2,80,8.0,45,30,.
19SH00110,A0246,2,56,5.6,45,30,.
19SH00111,A0251,2,84,8.4,45,30,.
19SH00112,A0252,1,64,6.4,49,30,Scurs
19SH00113,A0253,2,46,4.6,45,30,.
19SH00114,A0255,2,58,5.8,45,30,.
19SH00115,A0256,2,74,7.4,45,30,.
19SH00116,A0258,2,70,7.0,45,30,SMALLBUTFULL
19SH00117,A0261,2,78,7.8,45,30,.
19SH00118,A0263,2,72,7.2,45,30,.
19SH00119,A0265,2,48,4.8,45,30,.
19SH00120,A0268,2,50,5.0,45,30,.
19SH00121,A0269,2,56,5.6,45,30,.
19SH00122,A0273,1,70,7.0,49,30,.
19SH00123,A0277,1,70,7.0,49,30,Scurs
19SH00124,A0278,2,52,5.2,45,30,.
19SH00125,A0279,2,68,6.8,45,30,.
19SH00126,A0282,2,66,6.6,45,30,HAIRY
19SH00127,A0287,2,84,8.4,45,30,.
19SH00128,A0289,2,66,6.6,45,30,.
19SH00129,A0291,1,60,6.0,49,30,Scurs
19SH00130,A0296,2,68,6.8,45,30,PINK
19SH00131,A0300,2,66,6.6,45,30,HAIRY
19SH00132,A0308,1,64,6.4,49,30,.
19SH00133,A0309,2,84,8.4,45,30,HAIRY
19SH00134,A0310,2,60,6.0,45,30,.
19SH00135,A0311,2,68,6.8,45,30,.
19SH00136,A0313,2,70,7.0,45,30,.
19SH00137,A0315,2,44,4.4,45,30,PINK
19SH00138,A0316,2,54,5.4,45,30,HAIRY
19SH00139,A0319,2,76,7.6,45,30,.
19SH00140,A0321,1,68,6.8,49,30,Scurs
19SH00141,A0322,2,52,5.2,45,30,.
19SH00142,A0324,2,64,6.4,45,30,P H
19SH00143,A0327,2,72,7.2,45,30,.
19SH00144,A0332,2,58,5.8,45,30,NICE LAMB
19SH00145,A0339,2,62,6.2,45,30,2ND.UGLY
19SH00146,A0346,2,78,7.8,45,30,Nice.L.Eye.Tx
19SH00147,H7423,2,92,9.2,49,30,LameLF
19SH00148,H7426,2,64,6.4,49,30,.
19SH00149,H7439,2,68,6.8,48,30,ToeAbscessBot
19SH00150,H7496,2,88,8.8,49,30,SCOURS
19SH00151,H7592,2,70,7.0,48,30,WARTS
19SH00152,H7601,2,64,6.4,49,30,.
19SH00153,H7612,2,94,9.4,49,30,.
19SH00154,H7767,2,64,6.4,49,30,.
19SH00155,H7848,2,56,5.6,48,30,H
19SH00156,H7866,2,82,8.2,49,30,.
19SH00157,H7877,2,82,8.2,48,30,.
19SH00158,H7892,2,74,7.4,49,30,.
19SH00159,H7935,2,156,15.6,49,30,ADRU Term
19SH00160,H7986,2,64,6.4,48,30,.
19SH00161,H8005,2,116,11.6,49,30,.
19SH00162,H8036,2,94,9.4,49,30,.
19SH00163,H8054,2,82,8.2,49,30,.
19SH00164,H8063,2,70,7.0,48,30,.
19SH00165,H8097,2,100,10.0,48,30,.
19SH00166,H8135,2,70,7.0,49,30,.
19SH00167,H8155,2,84,8.4,49,30,HARD BAG
19SH00168,H8209,2,92,9.2,49,30,.
19SH00169,H8248,2,80,8.0,49,30,BlackInWool
19SH00170,H8262,2,64,6.4,48,30,L.T.
19SH00171,H8293,2,78,7.8,48,30,HD.LUMP.LFLAN
19SH00172,H8307,2,78,7.8,49,30,WARTS
19SH00173,H8317,2,68,6.8,48,30,.
19SH00174,H8328,2,60,6.0,48,30,.
19SH00175,H8410,2,78,7.8,49,30,LowMilkOxytoc
19SH00176,H8450,2,80,8.0,48,30,.
19SH00177,H8452,2,98,9.8,49,30,LHToeUlcer
19SH00178,H8468,2,74,7.4,48,30,.
19SH00179,H8491,2,92,9.2,48,30,CHUNKS
19SH00180,H8492,2,66,6.6,48,30,.
19SH00181,H8495,2,82,8.2,49,30,.
19SH00182,H8511,2,68,6.8,48,30,.
19SH00183,H8514,2,68,6.8,49,30,.
19SH00184,H8519,2,60,6.0,48,30,.
19SH00185,H8524,2,66,6.6,48,30,.
19SH00186,H8530,2,92,9.2,48,30,WEAK
19SH00187,H8540,2,60,6.0,49,30,.
19SH00188,H8545,2,104,10.4,48,30,.
19SH00189,H8571,2,106,10.6,48,30,.
19SH00190,H8591,2,94,9.4,48,30,LameLH
19SH00191,H8601,2,68,6.8,48,30,.
19SH00192,H8602,2,88,8.8,48,30,.
19SH00193,H8615,2,102,10.2,48,30,.
19SH00194,H8620,2,72,7.2,49,30,.
19SH00195,H8640,2,82,8.2,48,30,.
19SH00196,H8664,2,72,7.2,49,30,.
19SH00197,H8668,2,78,7.8,49,30,.
19SH00198,H8687,2,98,9.8,49,30,.
19SH00199,H8691,2,50,5.0,49,30,.
19SH00200,H8694,2,110,11.0,49,30,.
19SH00201,H8697,2,56,5.6,49,30,.
19SH00202,H8709,2,66,6.6,48,30,.
19SH00203,H8721,2,,,,30,.
19SH00204,H8722,2,76,7.6,48,30,.
19SH00205,H8760,2,68,6.8,49,30,.
19SH00206,H8765,2,76,7.6,49,30,.
19SH00207,H8786,2,58,5.8,48,30,.
19SH00208,H8809,2,96,9.6,48,30,.
19SH00209,H8822,2,78,7.8,48,30,.
19SH00210,H8829,2,78,7.8,48,30,.
19SH00211,H8838,2,,,,30,.
19SH00212,H8860,2,106,10.6,48,30,WARTS
19SH00213,H8866,2,74,7.4,49,30,SM.BAG
19SH00214,H8872,2,80,8.0,48,30,BIGTEATS
19SH00215,H8874,2,78,7.8,48,30,.
19SH00216,H8892,2,102,10.2,48,30,.
19SH00217,H8908,2,92,9.2,48,30,.
19SH00218,H8909,2,64,6.4,48,30,.
19SH00219,H8914,2,122,12.2,48,30,.
19SH00220,H8925,2,82,8.2,48,30,.
19SH00221,H8927,2,68,6.8,48,30,LTS
19SH00222,H8931,2,90,9.0,48,30,.
19SH00223,H8933,2,82,8.2,48,30,.
19SH00224,H8939,2,86,8.6,48,30,.
19SH00225,H8946,2,68,6.8,48,30,.
19SH00226,H8953,2,78,7.8,48,30,LTS
19SH00227,H8955,2,70,7.0,48,30,.
19SH00228,H8958,2,82,8.2,48,30,.
19SH00229,H8973,2,70,7.0,48,30,.
19SH00230,H8981,2,72,7.2,48,30,RP
19SH00231,H8988,2,122,12.2,48,30,ADRU Term
19SH00232,H9007,2,90,9.0,48,30,.
19SH00233,H9009,2,92,9.2,48,30,OKFORONE
19SH00234,H9012,2,82,8.2,48,30,RSMORE
19SH00235,H9013,2,82,8.2,48,30,.
19SH00236,H9025,2,110,11.0,48,30,.
19SH00237,H9042,2,64,6.4,48,30,.
19SH00238,H9047,2,78,7.8,48,30,RSDBAD
19SH00239,H9050,2,106,10.6,48,30,.
19SH00240,H9051,2,84,8.4,48,30,.
19SH00241,H9055,2,82,8.2,48,30,.
19SH00242,H9060,2,96,9.6,48,30,.
19SH00243,H9062,2,76,7.6,48,30,LameRF
19SH00244,H9066,2,102,10.2,48,30,.
19SH00245,H9067,2,97,9.7,48,30,.
19SH00246,H9069,2,100,10.0,48,30,.
19SH00247,H9072,2,122,12.2,48,30,.
19SH00248,H9074,2,70,7.0,48,30,.
19SH00249,H9094,2,84,8.4,48,30,.
19SH00250,H9095,2,104,10.4,48,30,LTS
19SH00251,H9108,2,66,6.6,48,30,.
19SH00252,H9117,2,104,10.4,48,30,DYSTOCIA
19SH00253,H9129,2,60,6.0,48,30,.
19SH00254,H9134,2,88,8.8,48,30,.
19SH00255,H9149,2,96,9.6,48,30,.
19SH00256,H9158,2,94,9.4,48,30,.
19SH00257,H9167,2,76,7.6,48,30,RToeAbscess
19SH00258,H9170,2,86,8.6,48,30,.
19SH00259,H9172,2,90,9.0,48,30,.
19SH00260,H9173,2,98,9.8,48,30,WEAK
19SH00261,H9193,2,96,9.6,48,30,.
19SH00262,H9194,2,112,11.2,48,30,SM BAG
19SH00263,H9195,2,58,5.8,49,30,.
19SH00264,H9200,2,46,4.6,48,30,ADRU Term
19SH00265,H9216,2,52,5.2,48,30,RTITLG
19SH00266,H9221,2,54,5.4,48,30,.
19SH00267,H9225,2,64,6.4,48,30,VSICK
19SH00268,H9229,2,98,9.8,48,30,.
19SH00269,H9230,2,68,6.8,48,30,.
19SH00270,H9231,2,72,7.2,48,30,.
19SH00271,H9232,2,90,9.0,48,30,.
19SH00272,H9237,2,100,10.0,48,30,.
19SH00273,H9240,2,60,6.0,48,30,.
19SH00274,H9243,2,90,9.0,48,30,.
19SH00275,H9251,2,68,6.8,48,30,.
19SH00276,H9270,2,100,10.0,48,30,.
19SH00277,H9272,2,86,8.6,48,30,.
19SH00278,H9279,2,62,6.2,49,30,.
19SH00279,H9288,2,92,9.2,48,30,.
19SH00280,H9290,2,50,5.0,49,30,RHLame
19SH00281,H9292,2,90,9.0,49,30,.
19SH00282,H9293,2,92,9.2,49,30,.
19SH00283,H9296,2,56,5.6,49,30,.
19SH00284,H9299,2,74,7.4,49,30,.
19SH00285,H9300,2,78,7.8,49,30,.
19SH00286,H9306,2,112,11.2,48,30,.
19SH00287,H9310,2,114,11.4,48,30,.
19SH00288,H9312,2,54,5.4,49,30,.
19SH00289,H9315,2,74,7.4,49,30,.
19SH00290,H9317,2,64,6.4,48,30,.
19SH00291,H9322,2,74,7.4,48,30,.
19SH00292,H9325,2,100,10.0,48,30,.
19SH00293,H9327,2,58,5.8,49,30,.
19SH00294,H9339,2,98,9.8,49,30,SMBAG
19SH00295,H9341,2,104,10.4,48,30,.
19SH00296,H9346,2,56,5.6,48,30,.
19SH00297,H9356,2,102,10.2,49,30,.
19SH00298,H9357,2,92,9.2,48,30,.
19SH00299,H9358,2,80,8.0,49,30,.
19SH00300,H9359,2,66,6.6,49,30,.
19SH00301,H9370,2,80,8.0,48,30,.
19SH00302,H9380,2,82,8.2,49,30,.
19SH00303,H9383,2,88,8.8,49,30,.
19SH00304,H9385,2,66,6.6,49,30,.
19SH00305,H9393,2,82,8.2,48,30,.
19SH00306,H9403,2,106,10.6,49,30,.
19SH00307,H9415,2,74,7.4,48,30,.
19SH00308,H9416,2,48,4.8,49,30,.
19SH00309,H9419,2,90,9.0,49,30,.
19SH00310,H9421,1,102,10.2,48,30,Nice
19SH00311,H9423,2,74,7.4,49,30,.
19SH00312,H9424,2,82,8.2,49,30,.
19SH00313,H9429,2,72,7.2,48,30,.
19SH00314,H9430,2,98,9.8,48,30,.
19SH00315,H9432,2,58,5.8,49,30,.
19SH00316,H9435,2,74,7.4,48,30,.
19SH00317,H9436,2,102,10.2,49,30,1ST.H.SCRS
19SH00318,H9437,2,86,8.6,49,30,.
19SH00319,H9439,2,94,9.4,48,30,.
19SH00320,H9443,2,94,9.4,48,30,2ND.SCRS
19SH00321,H9448,2,94,9.4,49,30,3RD
19SH00322,H9455,2,72,7.2,49,30,.
19SH00323,H9460,2,98,9.8,49,30,.
19SH00324,H9465,2,80,8.0,49,30,CloudyREyeTx
19SH00325,H9470,2,100,10.0,49,30,.
19SH00326,H9471,2,70,7.0,49,30,.
19SH00327,H9472,2,56,5.6,49,30,.
19SH00328,H9482,2,60,6.0,49,30,.
19SH00329,H9488,2,98,9.8,49,30,.
19SH00330,H9497,2,74,7.4,49,30,.
19SH00331,H9501,2,114,11.4,49,30,LUMP ON JAW
19SH00332,H9504,2,86,8.6,49,30,.
19SH00333,H9510,2,66,6.6,48,30,.
19SH00334,H9512,2,80,8.0,49,30,.
19SH00335,H9516,2,68,6.8,48,30,.
19SH00336,H9525,2,82,8.2,49,30,.
19SH00337,H9528,2,92,9.2,49,30,.
19SH00338,H9537,2,90,9.0,48,30,.
19SH00339,H9544,2,66,6.6,49,30,.
19SH00340,H9548,2,98,9.8,48,30,.
19SH00341,H9549,2,80,8.0,48,30,.
19SH00342,H9551,2,82,8.2,49,30,.
19SH00343,H9553,2,80,8.0,48,30,.
19SH00344,H9583,2,88,8.8,48,30,.
19SH00345,H9584,2,72,7.2,48,30,.
19SH00346,H9587,2,92,9.2,48,30,.
19SH00347,H9591,2,72,7.2,48,30,.
19SH00348,H9597,2,88,8.8,48,30,.
19SH00349,H9598,2,72,7.2,48,30,.
19SH00350,H9599,2,118,11.8,48,30,.
19SH00351,H9600,2,110,11.0,48,30,.
19SH00352,H9605,2,124,12.4,48,30,.
19SH00353,H9606,2,102,10.2,48,30,Uveitis
19SH00354,H9610,2,64,6.4,48,30,.
19SH00355,H9612,2,76,7.6,48,30,.
19SH00356,H9614,2,68,6.8,48,30,.
19SH00357,H9617,2,80,8.0,48,30,.
19SH00358,H9629,2,100,10.0,48,30,BloodVagDisch
19SH00359,H9630,2,98,9.8,48,30,.
19SH00360,H9634,2,96,9.6,48,30,NO.LAMBS
19SH00361,H9636,2,92,9.2,48,30,.
19SH00362,H9637,2,82,8.2,48,30,.
19SH00363,H9641,1,114,11.4,48,30,.
19SH00364,H9647,2,60,6.0,48,30,.
19SH00365,H9648,2,44,4.4,48,30,LameLeft
19SH00366,H9649,2,78,7.8,48,30,.
19SH00367,H9650,2,92,9.2,48,30,SMBAG
19SH00368,H9653,2,94,9.4,48,30,.
19SH00369,H9661,2,86,8.6,48,30,NOT.DILATED
19SH00370,H9663,2,86,8.6,48,30,.
19SH00371,H9672,2,86,8.6,48,30,.
19SH00372,H9673,2,94,9.4,48,30,.
19SH00373,H9677,2,54,5.4,48,30,.
19SH00374,H9683,2,74,7.4,48,30,.
19SH00375,H9684,1,122,12.2,48,30,.
19SH00376,H9686,2,80,8.0,48,30,.
19SH00377,H9689,2,70,7.0,48,30,.
19SH00378,H9692,2,84,8.4,48,30,.
19SH00379,H9694,2,54,5.4,48,30,OKFORONE
19SH00380,H9697,2,84,8.4,48,30,.
19SH00381,H9698,2,92,9.2,48,30,.
19SH00382,H9707,2,86,8.6,48,30,.
19SH00383,H9708,2,88,8.8,48,30,.
19SH00384,H9709,2,98,9.8,48,30,HighTempTx
19SH00385,H9714,2,78,7.8,48,30,.
19SH00386,H9715,2,70,7.0,48,30,.
19SH00387,H9718,2,102,10.2,48,30,PINK
19SH00388,H9720,2,70,7.0,48,30,.
19SH00389,H9722,2,62,6.2,48,30,.
19SH00390,H9725,2,92,9.2,48,30,.
19SH00391,H9728,2,74,7.4,48,30,.
19SH00392,H9732,2,74,7.4,48,30,.
19SH00393,H9739,2,76,7.6,48,30,.
19SH00394,H9740,2,88,8.8,48,30,SM.BAG
19SH00395,H9745,2,56,5.6,48,30,.
19SH00396,H9747,2,70,7.0,48,30,SMBAG
19SH00397,H9750,2,76,7.6,48,30,.
19SH00398,H9753,1,90,9.0,48,30,Scurs
19SH00399,H9754,2,90,9.0,48,30,.
19SH00400,H9756,2,74,7.4,48,30,.
19SH00401,H9762,2,92,9.2,48,30,.
19SH00402,H9766,2,66,6.6,48,30,.
19SH00403,H9767,2,82,8.2,48,30,H.P
19SH00404,H9773,2,58,5.8,48,30,.
19SH00405,H9779,2,78,7.8,48,30,.
19SH00406,H9781,2,104,10.4,48,30,SM.BAG
19SH00407,H9784,1,108,10.8,48,30,Scar on nose
19SH00408,H9789,2,72,7.2,48,30,OK.FOR.ONE
19SH00409,H9791,2,98,9.8,48,30,SM.BAG
19SH00410,H9793,2,78,7.8,48,30,.
19SH00411,H9795,2,78,7.8,48,30,Scours
19SH00412,H9796,2,66,6.6,48,30,.
19SH00413,H9807,2,80,8.0,48,30,.
19SH00414,H9812,2,82,8.2,48,30,.
19SH00415,H9814,2,72,7.2,48,30,RP
19SH00416,H9816,2,100,10.0,48,30,.
19SH00417,H9818,2,62,6.2,48,30,SMBAG
19SH00418,H9833,2,62,6.2,48,30,Nice ewe
19SH00419,H9834,2,100,10.0,48,30,WnwtMissed
19SH00420,H9835,2,80,8.0,48,30,.
19SH00421,H9841,2,66,6.6,48,30,.
19SH00422,H9842,2,78,7.8,48,30,Scours
19SH00423,H9845,1,82,8.2,48,30,.
19SH00424,H9846,2,76,7.6,48,30,V.SM.BAG
19SH00425,H9848,2,66,6.6,48,30,.
19SH00426,H9851,2,78,7.8,48,30,3RD
19SH00427,H9852,2,80,8.0,48,30,.
19SH00428,H9853,2,,,,30,.
19SH00429,H9855,2,74,7.4,48,30,.
19SH00430,H9865,2,84,8.4,48,30,.
19SH00431,H9866,1,104,10.4,48,30,.
19SH00432,H9868,2,82,8.2,48,30,.
19SH00433,H9878,2,90,9.0,48,30,.
19SH00434,H9879,1,78,7.8,48,30,.
19SH00435,H9882,2,82,8.2,48,30,.
19SH00436,H9883,2,72,7.2,48,30,.
19SH00437,H9884,2,92,9.2,48,30,.
19SH00438,H9886,2,58,5.8,48,30,.
19SH00439,H9889,2,46,4.6,48,30,.
19SH00440,H9891,2,84,8.4,48,30,.
19SH00441,H9893,2,106,10.6,48,30,.
19SH00442,H9896,2,72,7.2,48,30,.
19SH00443,H9899,2,92,9.2,48,30,.
19SH00444,H9900,2,64,6.4,48,30,BLOODRGTSIDE
19SH00445,H9903,2,68,6.8,48,30,.
19SH00446,H9906,2,72,7.2,48,30,.
19SH00447,H9910,2,74,7.4,48,30,.
19SH00448,H9916,2,82,8.2,48,30,.
19SH00449,H9917,1,78,7.8,48,30,.
19SH00450,H9923,2,118,11.8,48,30,.
19SH00451,H9925,2,62,6.2,48,30,.
19SH00452,H9926,2,98,9.8,48,30,NO BIOTIC SHO
19SH00453,H9928,2,66,6.6,48,30,SM.BAG
19SH00454,H9935,2,60,6.0,48,30,.
19SH00455,H9944,2,88,8.8,48,30,DRY
19SH00456,H9953,2,78,7.8,48,30,.
19SH00457,H9961,2,86,8.6,48,30,.
19SH00458,H9964,2,94,9.4,48,30,.
19SH00459,H9968,2,72,7.2,45,30,NO.PROBIOTIC
19SH00460,H9973,1,62,6.2,49,30,Scurs
19SH00461,H9974,2,60,6.0,45,30,.
19SH00462,H9976,2,60,6.0,45,30,.
19SH00463,H9978,2,60,6.0,45,30,.
19SH00464,H9980,2,60,6.0,45,30,.
19SH00465,H9981,2,70,7.0,45,30,.
19SH00466,H9982,2,84,8.4,45,30,.
19SH00467,H9983,1,58,5.8,49,30,Scurs
19SH00468,H9984,2,64,6.4,45,30,.
19SH00469,H9987,2,74,7.4,45,30,.
19SH00470,H9989,2,70,7.0,45,30,.
19SH00471,H9994,2,80,8.0,45,30,TAILCHEWED
19SH00472,K5131,2,80,8.0,48,06,.
19SH00473,K5132,2,106,10.6,48,06,.
19SH00474,K5133,2,78,7.8,48,06,.
19SH00475,K5136,2,62,6.2,48,06,OKFORONE
19SH00476,K5137,2,64,6.4,48,06,.
19SH00477,K5139,2,76,7.6,48,06,.
19SH00478,K5141,2,124,12.4,48,06,HAIRY.Scours
19SH00479,K5142,2,92,9.2,48,06,.
19SH00480,K5143,2,90,9.0,48,06,HAIRY
19SH00481,K5150,2,98,9.8,48,06,DownTx
19SH00482,K5154,2,94,9.4,49,06,.
19SH00483,K5155,1,152,15.2,48,06,Sl. over
19SH00484,K5167,1,126,12.6,48,06,Nice!
19SH00485,K5169,2,118,11.8,48,06,FxRF
19SH00486,K5170,2,104,10.4,49,06,.
19SH00487,K5171,2,90,9.0,48,06,.
19SH00488,K5172,1,114,11.4,48,06,.
19SH00489,K5173,2,76,7.6,48,06,.
19SH00490,K5177,2,70,7.0,48,06,OKFORONE
19SH00491,K5180,1,116,11.6,48,06,Scurs
19SH00492,K5182,2,84,8.4,48,06,.
19SH00493,K5185,1,146,14.6,48,06,Scurs
19SH00494,K5187,2,90,9.0,45,06,.
19SH00495,K5191,1,56,5.6,49,06,Scurs
19SH00496,K5192,1,78,7.8,49,06,.
19SH00497,K5193,1,64,6.4,49,06,Nice!
19SH00498,K5194,2,76,7.6,45,06,2ND
19SH00499,K5195,2,80,8.0,45,06,.
19SH00500,K5196,2,80,8.0,45,06,.
19SH00501,K5197,1,90,9.0,49,06,Scurs
19SH00502,K5198,2,54,5.4,45,06,.
19SH00503,K5199,1,64,6.4,49,06,Scurs
19SH00504,K5201,2,84,8.4,47,06,HAIRY
19SH00505,K5202,2,80,8.0,45,06,.
19SH00506,K5203,2,60,6.0,45,06,HAIRY
19SH00507,K5205,2,102,10.2,45,06,K5204Broken
19SH00508,K5207,2,80,8.0,45,06,.
19SH00509,K5209,2,76,7.6,45,06,2ND
19SH00510,K5211,2,76,7.6,45,06,.
19SH00511,K5213,1,72,7.2,49,06,Scurs
19SH00512,K5214,2,74,7.4,45,06,.
19SH00513,K5217,2,60,6.0,45,06,.
19SH00514,K5225,2,66,6.6,45,06,HAIRY
19SH00515,K5230,2,70,7.0,45,06,.
19SH00516,K5234,1,128,12.8,49,06,Horns
19SH00517,K5235,2,68,6.8,45,06,.
19SH00518,K5236,2,68,6.8,45,06,CornealUlcerT
19SH00519,K5237,2,78,7.8,45,06,1ST
19SH00520,K5242,1,112,11.2,48,06,"Bell,49,8371,"
19SH00521,K5243,2,90,9.0,48,06,Bell
19SH00522,K5244,2,80,8.0,48,06,Ballou
19SH00523,K5245,2,88,8.8,48,06,Bell
19SH00524,K5246,2,84,8.4,48,06,Ballou
19SH00525,K5247,2,84,8.4,48,06,Ballou
19SH00526,K5248,2,106,10.6,48,06,Bell
19SH00527,K5249,2,118,11.8,48,06,Ballou
19SH00528,K5250,2,94,9.4,48,06,Ballou
19SH00529,K5251,2,88,8.8,48,06,Ballou
19SH00530,K5252,2,68,6.8,48,06,Ballou
19SH00531,K5253,2,80,8.0,48,06,Ballou
19SH00532,K5254,2,122,12.2,48,06,Bell
19SH00533,K5255,2,118,11.8,48,06,Ballou
19SH00534,K5256,2,62,6.2,48,06,Ballou
19SH00535,K5257,2,96,9.6,48,06,Bell
19SH00536,K5258,2,102,10.2,48,06,Bell
19SH00537,K5259,2,82,8.2,48,06,Bell
19SH00538,K5260,2,94,9.4,48,06,Bell
19SH00539,K5261,2,66,6.6,48,06,Ballou
19SH00540,K5262,2,94,9.4,48,06,Bell
19SH00541,K5263,2,106,10.6,48,06,Bell
19SH00542,K5264,2,64,6.4,48,06,Ballou
19SH00543,K5265,2,88,8.8,48,06,Ballou
19SH00544,K5266,2,100,10.0,48,06,Bell
19SH00545,K5267,2,108,10.8,48,06,Bell
19SH00546,L0558,2,82,8.2,49,PC,.
19SH00547,L0602,2,102,10.2,49,PC,.
19SH00548,L0630,2,90,9.0,49,PC,.
19SH00549,L0715,2,72,7.2,49,PC,.
19SH00550,L0719,2,98,9.8,49,PC,.
19SH00551,L0920,2,110,11.0,49,PC,70BR/GR
19SH00552,L0937,2,92,9.2,49,PC,.
19SH00553,L1001,2,70,7.0,49,PC,.
19SH00554,L1006,2,78,7.8,49,PC,DRY
19SH00555,L1191,2,94,9.4,49,PC,LameRR.SmallE
19SH00556,L1397,2,64,6.4,49,PC,.
19SH00557,L1464,2,62,6.2,49,PC,.
19SH00558,L1517,2,106,10.6,49,PC,MYO AA
19SH00559,L1520,2,86,8.6,49,PC,.
19SH00560,L1521,2,68,6.8,49,PC,CHUNKS
19SH00561,L1524,2,68,6.8,49,PC,.
19SH00562,L1528,2,92,9.2,49,PC,.
19SH00563,L1532,2,108,10.8,49,PC,.
19SH00564,L1542,2,72,7.2,49,PC,.
19SH00565,L1544,2,78,7.8,49,PC,STRESSED
19SH00566,L1546,2,138,13.8,49,PC,.
19SH00567,L1562,2,56,5.6,49,PC,.
19SH00568,L1573,2,70,7.0,49,PC,.
19SH00569,L1578,2,72,7.2,49,PC,.
19SH00570,L1588,2,84,8.4,49,PC,.
19SH00571,L1599,2,102,10.2,49,PC,MYO AA
19SH00572,L1604,2,64,6.4,49,PC,.
19SH00573,L1640,2,90,9.0,48,PC,.
19SH00574,L1642,2,72,7.2,48,PC,.
19SH00575,L1645,2,70,7.0,48,PC,.
19SH00576,L1657,2,102,10.2,48,PC,50DKBRN
19SH00577,L1662,2,84,8.4,48,PC,.
19SH00578,L1666,2,94,9.4,48,PC,.
19SH00579,L1670,2,80,8.0,48,PC,RP
19SH00580,L1686,2,82,8.2,48,PC,.
19SH00581,L1692,2,98,9.8,48,PC,.
19SH00582,L1707,2,100,10.0,49,PC,.
19SH00583,L1711,2,56,5.6,48,PC,.
19SH00584,L1717,2,118,11.8,48,PC,.
19SH00585,L1734,2,70,7.0,48,PC,.
19SH00586,L1743,2,78,7.8,49,PC,15BLK
19SH00587,L1744,2,86,8.6,49,PC,.
19SH00588,L1747,2,82,8.2,49,PC,.
19SH00589,L1749,2,90,9.0,49,PC,Temp&IncRRTx
19SH00590,L1751,2,96,9.6,49,PC,.
19SH00591,L1752,1,102,10.2,47,PC,CU/Multi?
19SH00592,L1754,2,92,9.2,49,PC,.
19SH00593,L1756,1,96,9.6,47,PC,Nice
19SH00594,L1757,2,86,8.6,49,PC,.
19SH00595,L1759,1,92,9.2,47,PC,"Nice,bttnScur"
19SH00596,L1762,2,94,9.4,49,PC,L.Eye.Tx
19SH00597,L1764,2,90,9.0,49,PC,.
19SH00598,L1765,2,106,10.6,49,PC,.
19SH00599,L1772,1,82,8.2,47,PC,1ST.50BR
19SH00600,L1774,2,88,8.8,49,PC,.
19SH00601,L1776,2,90,9.0,49,PC,40BR
19SH00602,L1785,2,54,5.4,49,PC,.
19SH00603,L1791,2,66,6.6,49,PC,.
19SH00604,L1792,2,78,7.8,49,PC,.
19SH00605,L1793,2,66,6.6,49,PC,.
19SH00606,L1795,2,56,5.6,49,PC,.
19SH00607,L1797,1,88,8.8,48,PC,Nice
19SH00608,L1800,2,102,10.2,49,PC,.
19SH00609,L1801,2,112,11.2,49,PC,.
19SH00610,L1802,2,64,6.4,49,PC,.
19SH00611,L1804,2,86,8.6,49,PC,.
19SH00612,L1808,1,74,7.4,47,PC,ExtraForWyo
19SH00613,L1815,2,90,9.0,49,PC,.
19SH00614,L1817,2,82,8.2,49,PC,.
19SH00615,L1822,2,76,7.6,49,PC,.
19SH00616,L1823,2,88,8.8,49,PC,.
19SH00617,L1834,1,78,7.8,47,PC,OpenHeadSore
19SH00618,L1835,2,82,8.2,49,PC,.
19SH00619,L1841,2,66,6.6,49,PC,.
19SH00620,L1845,2,74,7.4,49,PC,.
19SH00621,L1846,2,100,10.0,48,PC,.
19SH00622,L1848,2,90,9.0,49,PC,.
19SH00623,L1854,2,72,7.2,49,PC,.
19SH00624,L1857,2,86,8.6,49,PC,.
19SH00625,L1872,1,70,7.0,47,PC,"Scurs, nice"
19SH00626,L1882,2,70,7.0,48,PC,.
19SH00627,L1884,2,60,6.0,48,PC,.
19SH00628,L1889,2,106,10.6,48,PC,.
19SH00629,L1890,1,76,7.6,48,PC,DepressedTx
19SH00630,L1895,2,98,9.8,49,PC,.
19SH00631,L1896,2,74,7.4,48,PC,.
19SH00632,L1898,1,88,8.8,47,PC,Scurs
19SH00633,L1902,1,76,7.6,47,PC,20TAN
19SH00634,L1903,2,52,5.2,48,PC,.
19SH00635,L1907,2,70,7.0,48,PC,SM.BAG
19SH00636,L1911,2,56,5.6,48,PC,.
19SH00637,L1912,2,70,7.0,48,PC,.
19SH00638,L1916,2,90,9.0,48,PC,5-10BL
19SH00639,L1917,2,118,11.8,48,PC,40BR
19SH00640,L1920,2,76,7.6,48,PC,.
19SH00641,L1921,2,76,7.6,48,PC,.
19SH00642,L1924,1,100,10.0,47,PC,25BL
19SH00643,L1926,2,82,8.2,48,PC,LameFLegsTx
19SH00644,L1934,1,92,9.2,47,PC,Nice!
19SH00645,L1936,2,72,7.2,49,PC,.
19SH00646,L1937,2,100,10.0,48,PC,<05BR
19SH00647,L1939,2,68,6.8,48,PC,SMBAG
19SH00648,L1947,2,86,8.6,48,PC,.
19SH00649,L1949,2,82,8.2,48,PC,.
19SH00650,L1954,2,62,6.2,48,PC,.
19SH00651,L1957,2,74,7.4,48,PC,.
19SH00652,L1958,2,66,6.6,49,PC,.
19SH00653,L1959,2,68,6.8,49,PC,NICE LAMB
19SH00654,L1961,2,66,6.6,48,PC,.
19SH00655,L1964,2,100,10.0,48,PC,.
19SH00656,L1974,2,68,6.8,48,PC,.
19SH00657,L1975,2,66,6.6,48,PC,.
19SH00658,L1976,2,86,8.6,48,PC,.
19SH00659,L1977,2,106,10.6,48,PC,10.LT.BR
19SH00660,L1981,1,72,7.2,47,PC,Buttons
19SH00661,L1982,2,86,8.6,48,PC,.
19SH00662,L1983,2,80,8.0,48,PC,.
19SH00663,L1985,2,96,9.6,48,PC,.
19SH00664,L1987,2,68,6.8,48,PC,.
19SH00665,L1989,2,66,6.6,48,PC,1ST.10BLK
19SH00666,L1990,2,92,9.2,48,PC,SM.BAG
19SH00667,L1991,2,96,9.6,48,PC,.
19SH00668,L1992,2,76,7.6,48,PC,.
19SH00669,L2000,1,72,7.2,47,PC,Scurs
19SH00670,L2003,2,102,10.2,48,PC,<05BR
19SH00671,L2007,2,58,5.8,48,PC,LameRHTx
19SH00672,L2013,2,76,7.6,45,PC,ScoursTx
19SH00673,L2014,1,54,5.4,47,PC,Scurs
19SH00674,L2015,1,54,5.4,47,PC,"Scurs, nice!"
19SH00675,L2017,1,42,4.2,47,PC,ScursSlOver
19SH00676,L2019,1,54,5.4,47,PC,25BR
19SH00677,L2021,1,54,5.4,47,PC,Scurs
19SH00678,L2025,2,82,8.2,47,PC,5-10GR
19SH00679,L2027,2,60,6.0,47,PC,25BL
19SH00680,L2028,2,42,4.2,47,PC,40BR
19SH00681,L2029,1,84,8.4,47,PC,25BL
19SH00682,L2030,2,68,6.8,47,PC,35BL
19SH00683,L2031,2,58,5.8,47,PC,30GR
19SH00684,L2033,2,62,6.2,47,PC,30BLK
19SH00685,L2034,2,58,5.8,47,PC,10BLK
19SH00686,L2036,1,58,5.8,47,PC,05BLK H
19SH00687,L2037,1,62,6.2,47,PC,Scurs
19SH00688,L2040,1,64,6.4,47,PC,Scurs
19SH00689,L2041,1,54,5.4,49,PC,Scurs
19SH00690,L2044,2,88,8.8,45,PC,1ST.05BR
19SH00691,L2045,1,52,5.2,47,PC,2ND.05BR
19SH00692,L2046,1,74,7.4,47,PC,Scurs
19SH00693,L2047,2,82,8.2,47,PC,25BL
19SH00694,L2048,2,88,8.8,47,PC,20BL
19SH00695,L2049,2,68,6.8,47,PC,15BL
19SH00696,L2051,2,50,5.0,47,PC,70BL
19SH00697,L2056,2,62,6.2,47,PC,20TAN
19SH00698,L2058,2,72,7.2,47,PC,<05BR
19SH00699,L2060,2,46,4.6,47,PC,2ND.25BL
19SH00700,L2061,2,64,6.4,47,PC,3RD.40BR
19SH00701,L2062,2,76,7.6,47,PC,10BL
19SH00702,L2063,2,58,5.8,47,PC,5-10BL
19SH00703,L2065,1,56,5.6,47,PC,CloudyREyeTx
19SH00704,L2066,2,62,6.2,47,PC,85BL
19SH00705,L2067,2,76,7.6,47,PC,1ST.35BL
19SH00706,L2070,1,70,7.0,47,PC,"Scurs, nice!"
19SH00707,L2074,2,44,4.4,47,PC,80BR
19SH00708,L2078,1,52,5.2,47,PC,Scurs
19SH00709,L2080,2,52,5.2,47,PC,90GR
19SH00710,L2083,2,72,7.2,47,PC,40BLK
19SH00711,L2084,2,58,5.8,47,PC,80BLK
19SH00712,L2085,2,78,7.8,47,PC,.
19SH00713,L2087,2,64,6.4,47,PC,40BLK
19SH00714,L2089,2,72,7.2,47,PC,20BLK
19SH00715,L2092,1,66,6.6,47,PC,CloudyREyeTx
19SH00716,L2094,2,66,6.6,47,PC,50BL
19SH00717,L2095,1,68,6.8,47,PC,Scurs
19SH00718,L2096,1,66,6.6,47,PC,.
19SH00719,L2097,2,90,9.0,47,PC,5-10TAN
19SH00720,L2098,1,64,6.4,47,PC,Scurs
19SH00721,L2099,2,80,8.0,47,PC,30GR
19SH00722,L2104,2,40,4.0,47,PC,35BL
19SH00723,L2106,2,88,8.8,47,PC,40BR
19SH00724,L2107,1,64,6.4,47,PC,Scurs
19SH00725,L2109,2,62,6.2,47,PC,<05BL
19SH00726,L2115,2,96,9.6,47,PC,5BR.LameRF
19SH00727,L2116,2,50,5.0,47,PC,60BR
19SH00728,L2120,1,72,7.2,47,PC,80LT.TAN
19SH00729,L2121,2,74,7.4,47,PC,70LT.TAN
19SH00730,L2122,2,74,7.4,47,PC,25BR
19SH00731,L2123,2,72,7.2,47,PC,.
19SH00732,L2125,2,90,9.0,47,PC,80BL
19SH00733,L2127,1,54,5.4,47,PC,25BL.LameLH
19SH00734,L2130,2,78,7.8,47,PC,15-20GR
19SH00735,L2131,2,72,7.2,47,PC,15GR
19SH00736,L2132,2,72,7.2,47,PC,05BR
19SH00737,L2134,2,84,8.4,47,PC,50TAN
19SH00738,L2135,2,44,4.4,47,PC,25TAN
19SH00739,L2137,2,72,7.2,47,PC,05BR.TailInfx
19SH00740,L2138,2,74,7.4,47,PC,20GR  ScoursT
19SH00741,L2139,2,76,7.6,45,PC,05BR
19SH00742,L2140,1,72,7.2,47,PC,Scurs
19SH00743,L2142,2,68,6.8,47,PC,90BLK
19SH00744,L2144,2,58,5.8,47,PC,70BL
19SH00745,L2146,1,48,4.8,47,PC,Scurs
19SH00746,L2147,2,80,8.0,47,PC,40BL
19SH00747,L2149,2,104,10.4,47,PC,70BLK
19SH00748,L2161,2,60,6.0,47,PC,30BL.RespTx
19SH00749,L2166,2,58,5.8,45,PC,.
19SH00750,L2168,1,74,7.4,47,PC,Scurs
19SH00751,L2169,1,62,6.2,47,PC,ScursSlOver
19SH00752,L2172,1,60,6.0,47,PC,Scurs
19SH00753,L2174,1,52,5.2,47,PC,Nice!
19SH00754,L2175,1,58,5.8,47,PC,Scurs
19SH00755,L2176,2,50,5.0,47,PC,15BR
19SH00756,L2177,2,62,6.2,45,PC,<05BL.ScoursT
19SH00757,L2178,2,62,6.2,47,PC,50BL.PneuTx
19SH00758,L2184,2,46,4.6,47,PC,90BLK
19SH00759,L2185,2,54,5.4,47,PC,100BLK
19SH00760,L2186,2,54,5.4,47,PC,30BLK
19SH00761,L2187,2,58,5.8,47,PC,.
19SH00762,L2188,2,64,6.4,47,PC,80BL
19SH00763,L2189,2,46,4.6,48,BL,.
19SH00764,L2190,2,62,6.2,47,PC,50BL
19SH00765,L2191,2,62,6.2,47,PC,50BL
19SH00766,L2198,2,50,5.0,47,PC,20BL
19SH00767,M0013,2,126,12.6,45,00,.
19SH00768,M0014,2,104,10.4,45,00,.
19SH00769,M0019,2,128,12.8,45,00,.
19SH00770,M0023,2,52,5.2,45,XP,.
19SH00771,M0024,2,52,5.2,45,XP,ScoursTx
19SH00772,M0028,2,66,6.6,45,30,.
19SH00773,M0031,1,54,5.4,49,30,Nice!
19SH00774,M0032,2,72,7.2,45,30,.
19SH00775,M0033,2,76,7.6,45,30,.
19SH00776,M0034,1,70,7.0,49,30,1ST
19SH00777,M0035,1,66,6.6,49,30,2ND
19SH00778,M0036,2,60,6.0,45,30,3RD
19SH00779,M0049,1,82,8.2,49,30,.
19SH00780,M0050,1,72,7.2,49,30,.
19SH00781,M0053,2,58,5.8,47,80,.
19SH00782,M0056,1,62,6.2,49,30,.
19SH00783,M0059,2,74,7.4,45,LR,.
19SH00784,M0062,2,82,8.2,47,LP,HAIRY
19SH00785,M0068,2,68,6.8,45,LR,.
19SH00786,M0073,2,74,7.4,47,20,.
19SH00787,M0075,2,48,4.8,45,30,.
19SH00788,M0080,2,52,5.2,47,80,.
19SH00789,M0081,2,60,6.0,47,10,.
19SH00790,M0082,2,82,8.2,45,30,.
19SH00791,M0083,1,78,7.8,49,30,Scurs
19SH00792,M0084,2,80,8.0,47,LP,.
19SH00793,M0087,2,80,8.0,45,30,.
19SH00794,M0088,1,78,7.8,49,30,Scurs
19SH00795,M0089,2,78,7.8,45,30,.
19SH00796,M0097,1,62,6.2,49,30,Ok$Poly
19SH00797,M0098,2,72,7.2,45,30,.
19SH00798,M0099,1,64,6.4,49,30,Scurs
19SH00799,M0100,2,66,6.6,45,30,.
19SH00800,M0103,2,66,6.6,47,LP,05BLK
19SH00801,M0108,2,70,7.0,45,30,.
19SH00802,M0111,2,58,5.8,47,80,.
19SH00803,M0113,2,50,5.0,45,30,.
19SH00804,M0114,2,50,5.0,47,10,.
19SH00805,M0125,2,76,7.6,45,00,.
19SH00806,M0126,2,50,5.0,47,80,1ST
19SH00807,M0128,2,62,6.2,47,XP,.
19SH00808,M0132,2,72,7.2,47,10,.
19SH00809,M0140,2,50,5.0,47,80,50BLK
19SH00810,M0142,2,58,5.8,47,20,30BLK
19SH00811,R9141,2,82,8.2,49,07,Conjunctiviti
19SH00812,R9149,2,134,13.4,48,07,.
19SH00813,R9153,2,108,10.8,49,07,.
19SH00814,R9159,2,120,12.0,48,07,.
19SH00815,R9160,2,108,10.8,49,07,CHUNKS
19SH00816,R9164,2,90,9.0,49,07,.
19SH00817,R9168,2,108,10.8,49,07,"Down, cold"
19SH00818,R9206,2,106,10.6,48,07,Resp.Tx
19SH00819,R9208,2,142,14.2,49,07,.
19SH00820,R9254,2,114,11.4,49,07,.
19SH00821,R9262,2,128,12.8,49,07,.
19SH00822,R9264,2,106,10.6,48,07,.
19SH00823,R9270,2,108,10.8,49,07,VLTS
19SH00824,R9274,2,108,10.8,48,07,.
19SH00825,R9332,2,78,7.8,49,07,DystociaTx
19SH00826,R9358,2,120,12.0,49,07,.
19SH00827,R9398,2,86,8.6,49,07,.
19SH00828,R9401,2,100,10.0,49,07,.
19SH00829,R9431,2,84,8.4,49,07,.
19SH00830,R9455,2,96,9.6,48,07,.
19SH00831,R9464,2,70,7.0,49,07,.
19SH00832,R9466,2,102,10.2,49,07,LSD.BAD
19SH00833,R9528,2,96,9.6,49,07,.
19SH00834,R9546,2,92,9.2,49,07,.
19SH00835,R9566,2,120,12.0,49,07,BHGTITSTRIMFE
19SH00836,R9570,2,110,11.0,49,07,.
19SH00837,R9574,2,108,10.8,49,07,BIGTEATS WART
19SH00838,R9578,2,104,10.4,48,07,.
19SH00839,R9579,2,94,9.4,49,07,.
19SH00840,R9589,2,120,12.0,48,07,LSDSOMEBLOOD
19SH00841,R9592,2,118,11.8,49,07,.
19SH00842,R9599,2,108,10.8,48,07,.
19SH00843,R9602,2,62,6.2,49,07,.
19SH00844,R9604,2,96,9.6,48,07,.
19SH00845,R9613,2,102,10.2,49,07,.
19SH00846,R9630,2,86,8.6,48,07,.
19SH00847,R9632,2,72,7.2,49,07,.
19SH00848,R9633,2,112,11.2,48,07,.
19SH00849,R9639,2,146,14.6,49,07,FUZZY
19SH00850,R9640,2,84,8.4,48,07,.
19SH00851,R9650,2,106,10.6,48,07,.
19SH00852,R9653,2,122,12.2,48,07,.
19SH00853,R9662,2,92,9.2,48,07,.
19SH00854,R9663,2,98,9.8,49,07,.
19SH00855,R9673,2,120,12.0,49,07,.
19SH00856,R9686,2,134,13.4,49,07,.
19SH00857,R9695,2,92,9.2,49,07,.
19SH00858,R9706,2,150,15.0,49,07,SM.UDDER
19SH00859,R9711,2,100,10.0,49,07,.
19SH00860,R9717,2,114,11.4,48,07,LSD.HD.NOMILK
19SH00861,R9728,2,118,11.8,48,07,FEVER
19SH00862,R9733,2,84,8.4,48,07,.
19SH00863,R9735,2,120,12.0,48,07,.
19SH00864,R9744,2,106,10.6,49,07,.
19SH00865,R9745,2,152,15.2,49,07,.
19SH00866,R9758,2,96,9.6,49,07,.
19SH00867,R9759,2,102,10.2,49,07,L.T.
19SH00868,R9795,2,102,10.2,48,07,.
19SH00869,R9799,2,122,12.2,49,07,.
19SH00870,R9809,2,106,10.6,49,07,.
19SH00871,R9812,2,108,10.8,49,07,.
19SH00872,R9846,2,102,10.2,49,07,LTITPLUGGED
19SH00873,R9859,2,118,11.8,49,07,SRSMORE
19SH00874,R9872,2,72,7.2,49,07,CYSTLEFTFLANK
19SH00875,R9879,2,118,11.8,49,07,.
19SH00876,R9881,2,114,11.4,49,07,.
19SH00877,R9902,2,128,12.8,48,07,.
19SH00878,R9906,2,138,13.8,49,07,.
19SH00879,R9911,2,108,10.8,49,07,.
19SH00880,R9918,2,118,11.8,49,07,.
19SH00881,R9920,2,104,10.4,49,07,.
19SH00882,R9951,2,122,12.2,48,07,.
19SH00883,R9983,2,108,10.8,49,07,.
19SH00884,R9990,2,106,10.6,48,07,.
19SH00885,R9998,2,98,9.8,48,07,.
19SH00886,S0002,2,106,10.6,49,07,BR.L.EARTIP
19SH00887,S0005,2,138,13.8,48,07,.
19SH00888,S0007,2,114,11.4,49,07,.
19SH00889,S0009,2,112,11.2,49,07,.
19SH00890,S0013,2,70,7.0,48,07,.
19SH00891,S0021,2,116,11.6,49,07,.
19SH00892,S0022,2,112,11.2,49,07,LSDBLOODY
19SH00893,S0024,2,96,9.6,48,07,.
19SH00894,S0026,2,90,9.0,48,07,.
19SH00895,S0027,2,134,13.4,49,07,.
19SH00896,S0031,2,116,11.6,48,07,BIGWARTYTITS
19SH00897,S0034,2,108,10.8,48,07,.
19SH00898,S0037,2,108,10.8,49,07,.
19SH00899,S0038,2,94,9.4,49,07,.
19SH00900,S0042,2,102,10.2,48,07,.
19SH00901,S0045,2,104,10.4,49,07,.
19SH00902,S0047,2,94,9.4,48,07,.
19SH00903,S0053,2,104,10.4,49,07,.
19SH00904,S0063,2,104,10.4,49,07,.
19SH00905,S0073,2,140,14.0,49,07,.
19SH00906,S0083,2,116,11.6,48,07,.
19SH00907,S0090,2,104,10.4,49,07,.
19SH00908,S0091,2,76,7.6,49,07,.
19SH00909,S0093,2,120,12.0,49,07,.
19SH00910,S0099,2,120,12.0,49,07,.
19SH00911,S0105,2,86,8.6,49,07,HiTempDystoci
19SH00912,S0111,2,124,12.4,48,07,.
19SH00913,S0117,2,112,11.2,49,07,.
19SH00914,S0124,2,108,10.8,49,07,.
19SH00915,S0127,2,96,9.6,48,07,.
19SH00916,S0141,2,110,11.0,49,07,.
19SH00917,S0148,2,96,9.6,49,07,.
19SH00918,S0154,2,154,15.4,49,07,.
19SH00919,S0157,2,100,10.0,49,07,.
19SH00920,S0158,2,104,10.4,49,07,.
19SH00921,S0163,2,108,10.8,49,07,.
19SH00922,S0169,2,108,10.8,49,07,.
19SH00923,S0170,2,104,10.4,48,07,FIBROUS.WATER
19SH00924,S0172,2,104,10.4,48,07,.
19SH00925,S0173,2,108,10.8,48,07,HAIRY
19SH00926,S0175,2,114,11.4,48,07,.
19SH00927,S0176,2,98,9.8,49,07,.
19SH00928,S0182,2,146,14.6,49,07,NO.BAG
19SH00929,S0185,2,100,10.0,48,07,.
19SH00930,S0195,2,120,12.0,49,07,.
19SH00931,S0198,2,94,9.4,48,07,.
19SH00932,S0201,2,102,10.2,49,07,.
19SH00933,S0205,2,,,,07,.
19SH00934,S0214,2,116,11.6,48,07,.
19SH00935,S0215,2,,,,07,.
19SH00936,S0219,2,108,10.8,49,07,.
19SH00937,S0222,2,124,12.4,48,07,.
19SH00938,S0223,2,96,9.6,49,07,.
19SH00939,S0225,2,128,12.8,48,07,SMUDDER
19SH00940,S0248,2,138,13.8,48,07,.
19SH00941,S0249,2,136,13.6,49,07,.
19SH00942,S0250,2,90,9.0,49,07,.
19SH00943,S0259,2,100,10.0,49,07,.
19SH00944,S0269,2,110,11.0,48,07,.
19SH00945,S0273,2,114,11.4,48,07,.
19SH00946,S0274,2,86,8.6,49,07,.
19SH00947,S0276,2,100,10.0,49,07,ToeAbscessRH
19SH00948,S0291,2,100,10.0,48,07,.
19SH00949,S0293,2,110,11.0,48,07,.
19SH00950,S0294,2,62,6.2,48,07,.
19SH00951,S0318,2,118,11.8,48,07,.
19SH00952,S0322,2,96,9.6,48,07,BIG.TITS
19SH00953,S0325,2,104,10.4,48,07,TerminalOnly
19SH00954,S0342,2,60,6.0,48,07,.
19SH00955,S0343,2,76,7.6,48,07,.
19SH00956,S0346,2,120,12.0,48,07,.
19SH00957,S0362,2,110,11.0,48,07,.
19SH00958,S0370,2,106,10.6,48,07,.
19SH00959,S0375,2,72,7.2,48,07,.
19SH00960,S0379,2,106,10.6,48,07,.
19SH00961,S0383,2,84,8.4,48,07,.
19SH00962,S0395,2,76,7.6,48,07,.
19SH00963,S0402,2,98,9.8,48,07,.
19SH00964,S0406,2,116,11.6,48,07,LameLH
19SH00965,S0407,2,98,9.8,48,07,.
19SH00966,S0410,2,92,9.2,48,07,.
19SH00967,S0411,2,64,6.4,48,07,.
19SH00968,S0414,2,84,8.4,48,07,.
19SH00969,S0421,2,100,10.0,48,07,.
19SH00970,S0425,2,156,15.6,48,07,TerminalOnly
19SH00971,S0426,2,104,10.4,48,07,.
19SH00972,S0427,2,104,10.4,48,07,.
19SH00973,S0436,2,94,9.4,48,07,.
19SH00974,S0438,2,86,8.6,48,07,.
19SH00975,S0447,2,112,11.2,48,07,.
19SH00976,S0451,2,104,10.4,48,07,HD.BAG
19SH00977,S0455,2,90,9.0,49,07,.
19SH00978,S0465,2,98,9.8,48,07,.
19SH00979,S0477,2,70,7.0,48,07,.
19SH00980,S0498,2,84,8.4,48,07,.
19SH00981,S0503,2,128,12.8,48,07,.
19SH00982,S0511,2,98,9.8,48,07,.
19SH00983,S0516,2,106,10.6,48,07,.
19SH00984,S0521,2,92,9.2,48,07,.
19SH00985,S0527,2,136,13.6,48,07,HARDLEFTS
19SH00986,S0528,2,82,8.2,48,07,.
19SH00987,S0535,2,88,8.8,48,07,.
19SH00988,S0544,2,112,11.2,48,07,.
19SH00989,S0560,2,90,9.0,48,07,BL.ON.NOSE
19SH00990,S0562,2,112,11.2,48,07,RSHLDRLACERTN
19SH00991,S0564,2,98,9.8,48,07,ClawAmputated
19SH00992,S0581,2,142,14.2,48,07,.
19SH00993,S0583,1,136,13.6,47,07,.
19SH00994,S0584,2,124,12.4,48,07,THIN.LSDCHUNK
19SH00995,S0595,2,106,10.6,48,07,OK.FOR.ONE
19SH00996,S0596,2,92,9.2,48,07,.
19SH00997,S0606,2,72,7.2,48,07,.
19SH00998,S0610,2,142,14.2,48,07,TerminalOnly
19SH00999,S0615,2,88,8.8,48,07,.
19SH01000,S0620,2,93,9.3,48,07,.
19SH01001,S0622,2,122,12.2,48,07,.
19SH01002,S0626,2,110,11.0,48,07,.
19SH01003,S0644,2,76,7.6,48,07,.
19SH01004,S0662,2,128,12.8,49,07,.
19SH01005,S0664,2,106,10.6,48,01,SM.BAG
19SH01006,S0666,2,132,13.2,48,07,.
19SH01007,S0678,2,98,9.8,48,07,LAME.LH
19SH01008,S0684,2,108,10.8,48,07,.
19SH01009,S0685,2,94,9.4,48,07,OKFORONE
19SH01010,S0700,2,90,9.0,48,07,.
19SH01011,S0710,2,90,9.0,48,07,.
19SH01012,S0720,2,122,12.2,48,07,.
19SH01013,S0748,2,102,10.2,48,07,.
19SH01014,S0751,2,108,10.8,49,07,.
19SH01015,S0755,2,108,10.8,49,07,.
19SH01016,S0757,2,96,9.6,48,07,.
19SH01017,S0759,2,100,10.0,48,07,.
19SH01018,S0760,2,146,14.6,48,07,SM.BAG
19SH01019,S0761,2,126,12.6,48,07,.
19SH01020,S0763,2,108,10.8,48,07,RHBumblefoot
19SH01021,S0764,2,134,13.4,49,07,.
19SH01022,S0765,2,102,10.2,48,07,TerminalOnly
19SH01023,S0769,2,84,8.4,48,07,.
19SH01024,S0770,2,96,9.6,49,07,.
19SH01025,S0771,2,120,12.0,48,07,.
19SH01026,S0773,2,102,10.2,49,07,.
19SH01027,S0777,2,142,14.2,49,43,.
19SH01028,S0783,1,146,14.6,48,07,1ST.
19SH01029,S0784,2,120,12.0,49,07,.
19SH01030,S0788,2,86,8.6,49,07,.
19SH01031,S0790,2,90,9.0,49,07,.
19SH01032,S0791,1,142,14.2,48,07,1ST
19SH01033,S0792,2,116,11.6,48,07,.
19SH01034,S0795,2,106,10.6,48,07,1ST
19SH01035,S0801,1,150,15.0,48,07,2ND
19SH01036,S0802,2,88,8.8,49,07,.
19SH01037,S0808,2,118,11.8,49,07,RTSIDETHICK
19SH01038,S0817,2,122,12.2,48,07,.
19SH01039,S0824,2,98,9.8,49,07,.
19SH01040,S0825,2,96,9.6,49,07,.
19SH01041,S0827,2,116,11.6,49,07,.
19SH01042,S0830,2,108,10.8,48,07,.
19SH01043,S0831,2,126,12.6,49,07,.
19SH01044,S0834,2,86,8.6,48,07,.
19SH01045,S0835,2,122,12.2,49,07,NOLAMBSFOUND
19SH01046,S0839,2,108,10.8,49,07,.
19SH01047,S0840,2,142,14.2,48,07,2ND
19SH01048,S0843,2,118,11.8,49,07,.
19SH01049,S0847,2,114,11.4,48,07,.
19SH01050,S0848,2,128,12.8,49,07,.
19SH01051,S0849,2,122,12.2,48,07,.
19SH01052,S0853,2,100,10.0,48,07,.
19SH01053,S0855,2,168,16.8,48,42,.
19SH01054,S0856,1,174,17.4,48,07,Nice
19SH01055,S0861,2,102,10.2,49,07,.
19SH01056,S0863,2,86,8.6,49,07,.
19SH01057,S0875,2,74,7.4,49,07,.
19SH01058,S0877,2,92,9.2,49,07,.
19SH01059,S0883,2,114,11.4,49,07,.
19SH01060,S0884,2,130,13.0,48,42,.
19SH01061,S0892,2,134,13.4,48,07,1ST
19SH01062,S0903,2,124,12.4,48,07,1ST
19SH01063,S0904,2,112,11.2,48,07,.
19SH01064,S0906,2,122,12.2,48,07,.
19SH01065,S0911,2,106,10.6,49,07,.
19SH01066,S0912,1,126,12.6,48,07,6+ Horns
19SH01067,S0920,2,122,12.2,48,07,.
19SH01068,S0923,2,98,9.8,49,07,.
19SH01069,S0925,2,132,13.2,49,42,.
19SH01070,S0926,2,114,11.4,48,42,.
19SH01071,S0928,2,104,10.4,49,07,.
19SH01072,S0930,2,106,10.6,49,42,.
19SH01073,S0933,2,108,10.8,49,07,.
19SH01074,S0934,2,122,12.2,48,07,.
19SH01075,S0938,2,128,12.8,48,07,TerminalOnly
19SH01076,S0941,2,112,11.2,48,07,.
19SH01077,S0948,2,112,11.2,49,07,.
19SH01078,S0955,2,124,12.4,49,07,.
19SH01079,S0963,2,92,9.2,49,07,.
19SH01080,S0973,2,118,11.8,49,07,VAG.TRAUMA
19SH01081,S0977,2,104,10.4,49,07,.
19SH01082,S0982,2,112,11.2,48,43,.
19SH01083,S0984,2,120,12.0,49,07,.
19SH01084,S0988,2,108,10.8,49,07,.
19SH01085,S0993,2,160,16.0,49,07,.
19SH01086,S0994,1,156,15.6,48,07,6+ Horns
19SH01087,S0995,2,154,15.4,49,07,.
19SH01088,S0997,2,102,10.2,49,07,RSMORE
19SH01089,S1000,2,128,12.8,48,07,.
19SH01090,S1005,2,120,12.0,48,07,.
19SH01091,S1010,1,136,13.6,48,07,Scurs
19SH01092,S1012,2,112,11.2,49,42,.
19SH01093,S1013,1,142,14.2,48,42,Scurs
19SH01094,S1014,2,86,8.6,48,07,.
19SH01095,S1016,2,112,11.2,48,07,.
19SH01096,S1023,2,88,8.8,49,07,.
19SH01097,S1024,2,94,9.4,49,07,.
19SH01098,S1025,2,82,8.2,49,07,.
19SH01099,S1032,2,128,12.8,48,07,.
19SH01100,S1033,2,92,9.2,48,07,SM.BAG
19SH01101,S1038,2,120,12.0,48,07,.
19SH01102,S1040,2,96,9.6,49,07,.
19SH01103,S1042,2,104,10.4,49,07,.
19SH01104,S1047,2,98,9.8,49,07,FEW.CHUNKS
19SH01105,S1050,2,108,10.8,48,07,.
19SH01106,S1052,2,90,9.0,48,07,.
19SH01107,S1055,2,70,7.0,48,07,.
19SH01108,S1066,2,108,10.8,49,07,.
19SH01109,S1067,2,120,12.0,49,07,.
19SH01110,S1068,2,116,11.6,49,07,.
19SH01111,S1069,1,140,14.0,48,07,"1""HnsPolyLike"
19SH01112,S1070,2,96,9.6,49,07,.
19SH01113,S1073,2,94,9.4,49,07,LameHLegsTx
19SH01114,S1074,2,130,13.0,48,07,.
19SH01115,S1076,2,120,12.0,49,07,BLOOD2SIDES
19SH01116,S1085,2,128,12.8,48,07,.
19SH01117,S1089,2,96,9.6,49,07,.
19SH01118,S1092,2,104,10.4,49,07,.
19SH01119,S1095,2,102,10.2,49,07,OKFORONE
19SH01120,S1096,2,90,9.0,48,07,.
19SH01121,S1098,2,114,11.4,49,07,LOW2?OKFORONE
19SH01122,S1106,2,104,10.4,48,07,BIGTITS
19SH01123,S1112,2,118,11.8,48,07,.
19SH01124,S1116,2,140,14.0,48,42,.
19SH01125,S1124,1,150,15.0,47,41,Jewell
19SH01126,S1125,1,146,14.6,47,41,"L.Eye.Cld, SC"
19SH01127,S1126,1,162,16.2,47,42,HelleRNutSwel
19SH01128,S1127,2,112,11.2,48,07,.
19SH01129,S1129,2,90,9.0,48,07,1ST
19SH01130,S1134,2,160,16.0,48,07,SICK?
19SH01131,S1135,2,160,16.0,48,42,PINK
19SH01132,S1138,2,126,12.6,48,07,.
19SH01133,S1139,2,116,11.6,48,43,From Mud Lake
19SH01134,S1142,2,120,12.0,48,07,.
19SH01135,S1145,2,106,10.6,48,07,SM.BAG
19SH01136,S1151,2,92,9.2,48,07,.
19SH01137,S1152,2,122,12.2,48,07,.
19SH01138,S1157,2,94,9.4,48,42,SM.BAG
19SH01139,S1159,1,122,12.2,48,07,Scurs
19SH01140,S1163,2,112,11.2,48,07,LameLFTx
19SH01141,S1165,2,132,13.2,48,07,HAIRY
19SH01142,S1166,2,70,7.0,48,07,.
19SH01143,S1175,2,120,12.0,48,07,LameFLegsTx
19SH01144,S1176,2,118,11.8,48,07,HAIRY
19SH01145,S1177,2,86,8.6,48,07,.
19SH01146,S1183,2,140,14.0,48,42,HAIRY.VetFixE
19SH01147,S1185,2,82,8.2,48,07,SM.BAG
19SH01148,S1190,2,114,11.4,48,07,SM.BAG
19SH01149,S1194,2,96,9.6,48,07,.
19SH01150,S1197,1,142,14.2,48,42,.
19SH01151,S1201,2,122,12.2,48,07,.
19SH01152,S1202,2,132,13.2,48,43,.
19SH01153,S1203,2,158,15.8,48,43,HAIRY
19SH01154,S1204,1,180,18.0,48,07,SlOverPnkEyes
19SH01155,S1206,2,74,7.4,48,07,.
19SH01156,S1208,2,110,11.0,48,42,.
19SH01157,S1210,2,132,13.2,48,43,.
19SH01158,S1212,1,120,12.0,48,42,Horns
19SH01159,S1215,2,108,10.8,48,42,.
19SH01160,S1223,2,108,10.8,48,07,.
19SH01161,S1228,2,98,9.8,48,07,.
19SH01162,S1230,2,82,8.2,48,07,.
19SH01163,S1232,2,94,9.4,48,07,SM.BAG
19SH01164,S1234,2,130,13.0,48,42,.
19SH01165,S1238,2,,,,07,.
19SH01166,S1250,2,98,9.8,48,07,.
19SH01167,S1252,1,152,15.2,48,43,Br. eyes
19SH01168,S1254,2,150,15.0,48,07,.
19SH01169,S1258,2,120,12.0,48,43,.
19SH01170,S1259,2,118,11.8,48,07,.
19SH01171,S1261,2,94,9.4,48,07,SM.BAG
19SH01172,S1267,2,106,10.6,48,07,.
19SH01173,S1271,1,90,9.0,48,07,.
19SH01174,S1278,2,102,10.2,48,07,LOW2?
19SH01175,S1282,2,158,15.8,48,42,.
19SH01176,S1286,2,118,11.8,48,07,LONG.LABOR
19SH01177,S1287,2,118,11.8,48,42,.
19SH01178,S1288,2,84,8.4,48,42,.
19SH01179,S1289,2,106,10.6,48,42,.
19SH01180,S1295,2,110,11.0,48,07,.
19SH01181,S1300,1,106,10.6,48,07,.
19SH01182,S1305,1,106,10.6,48,07,OnlySchneider
19SH01183,S1309,2,84,8.4,48,07,.
19SH01184,S1310,2,92,9.2,48,07,2ND.Wheezy
19SH01185,S1311,2,84,8.4,48,07,SM BAG
19SH01186,S1313,2,128,12.8,48,07,SM.BAG
19SH01187,S1316,2,106,10.6,48,07,.
19SH01188,S1319,2,114,11.4,48,43,.
19SH01189,S1322,2,134,13.4,48,43,.
19SH01190,S1323,2,106,10.6,48,07,.
19SH01191,S1326,2,96,9.6,48,07,.
19SH01192,S1327,2,98,9.8,48,07,PINK
19SH01193,S1328,2,92,9.2,48,07,.
19SH01194,S1329,2,86,8.6,49,07,.
19SH01195,S1336,2,78,7.8,48,07,.
19SH01196,S1338,2,112,11.2,48,07,.
19SH01197,S1341,2,106,10.6,48,07,.
19SH01198,S1342,2,158,15.8,48,07,.
19SH01199,S1346,2,92,9.2,48,07,OKFORONE
19SH01200,S1348,2,100,10.0,48,07,SMBAG
19SH01201,S1350,2,110,11.0,48,07,HIGH1?
19SH01202,S1351,2,72,7.2,48,07,.
19SH01203,S1352,2,116,11.6,48,07,.
19SH01204,S1353,2,124,12.4,48,07,.
19SH01205,S1355,2,106,10.6,48,42,.
19SH01206,S1357,2,132,13.2,48,43,.
19SH01207,S1358,2,164,16.4,48,43,.
19SH01208,S1359,2,68,6.8,48,07,.
19SH01209,S1361,1,162,16.2,48,07,Scurs
19SH01210,S1362,1,128,12.8,48,07,LameTx
19SH01211,S1364,2,114,11.4,48,07,.
19SH01212,S1365,2,122,12.2,48,07,SM.BAG
19SH01213,S1369,2,66,6.6,48,07,.
19SH01214,S1374,2,196,19.6,48,43,2ND
19SH01215,S1381,2,76,7.6,48,07,.
19SH01216,S1382,2,72,7.2,48,07,SM.BAG
19SH01217,S1385,2,94,9.4,48,07,.
19SH01218,S1387,1,108,10.8,48,07,.
19SH01219,S1390,2,116,11.6,48,07,.
19SH01220,S1393,2,108,10.8,48,07,.
19SH01221,S1394,2,94,9.4,48,07,.
19SH01222,S1395,2,86,8.6,48,07,SM.BAG
19SH01223,S1397,2,108,10.8,48,07,.
19SH01224,S1399,2,152,15.2,48,43,.
19SH01225,S1401,1,128,12.8,48,07,Scurs
19SH01226,S1402,2,148,14.8,48,07,.
19SH01227,S1403,2,168,16.8,48,42,.
19SH01228,S1404,2,148,14.8,48,42,Respiratory
19SH01229,S1406,1,150,15.0,48,07,L. Eye Cloudy
19SH01230,S1407,2,92,9.2,48,07,SM.BAG
19SH01231,S1408,2,106,10.6,48,07,.
19SH01232,S1413,2,82,8.2,48,07,SMBAG
19SH01233,S1416,2,92,9.2,48,07,.
19SH01234,S1419,2,96,9.6,48,07,.
19SH01235,S1423,2,116,11.6,48,07,.
19SH01236,S1425,2,154,15.4,48,43,.
19SH01237,S1426,2,90,9.0,48,07,H.LHToeWound
19SH01238,S1431,2,126,12.6,48,07,PINK
19SH01239,S1435,2,96,9.6,48,07,.
19SH01240,S1436,2,94,9.4,48,07,SM.BAG
19SH01241,S1437,2,96,9.6,48,07,H.VetFixEntRe
19SH01242,S1443,2,94,9.4,48,07,.
19SH01243,S1452,2,106,10.6,48,07,.
19SH01244,S1453,2,112,11.2,48,07,RespTx
19SH01245,S1454,2,82,8.2,48,07,.
19SH01246,S1460,2,100,10.0,48,07,.
19SH01247,S1471,2,124,12.4,48,07,.
19SH01248,S1474,2,94,9.4,48,07,.
19SH01249,S1475,2,120,12.0,48,07,.
19SH01250,S1478,2,90,9.0,48,07,.
19SH01251,S1495,2,114,11.4,48,07,1ST
19SH01252,S1496,2,120,12.0,48,07,.
19SH01253,S1497,1,144,14.4,48,07,Lehfeldt
19SH01254,S1498,1,198,19.8,48,41,Rafter 7
19SH01255,S1499,1,130,13.0,48,07,Helle
19SH01256,S1500,1,186,18.6,48,41,Rafter 7
19SH01257,S1513,2,94,9.4,44,07,.
19SH01258,S1517,2,54,5.4,45,07,RHLame
19SH01259,S1520,2,90,9.0,44,07,.
19SH01260,S1522,2,92,9.2,44,43,.
19SH01261,S1525,2,104,10.4,45,42,.
19SH01262,S1535,2,78,7.8,45,42,.
19SH01263,S1540,2,80,8.0,45,07,.
19SH01264,S1542,2,84,8.4,44,07,.
19SH01265,S1553,2,84,8.4,45,42,1ST
19SH01266,S1554,2,92,9.2,45,42,2ND
19SH01267,S1555,2,72,7.2,45,07,.
19SH01268,S1559,1,90,9.0,49,07,"2"" horns"
19SH01269,S1562,2,66,6.6,45,07,2ND
19SH01270,S1563,1,98,9.8,49,07,.
19SH01271,S1564,2,66,6.6,45,07,.
19SH01272,S1566,2,98,9.8,44,42,.
19SH01273,S1570,2,108,10.8,45,07,.
19SH01274,S1572,1,86,8.6,49,07,Horns
19SH01275,S1574,2,94,9.4,45,07,.
19SH01276,S1578,2,82,8.2,45,42,.
19SH01277,S1581,2,104,10.4,45,42,.
19SH01278,S1583,1,116,11.6,49,43,.
19SH01279,S1586,2,104,10.4,45,07,.
19SH01280,S1589,2,94,9.4,45,07,.
19SH01281,S1590,2,66,6.6,44,07,.
19SH01282,S1594,2,98,9.8,45,42,ScoursTx
19SH01283,S1598,2,94,9.4,45,07,.
19SH01284,S1604,2,112,11.2,45,42,.
19SH01285,S1607,1,112,11.2,49,43,.
19SH01286,S1608,2,90,9.0,44,43,.
19SH01287,S1609,2,98,9.8,45,42,.
19SH01288,S1612,1,72,7.2,49,07,Scurs
19SH01289,S1623,2,88,8.8,45,43,1ST
19SH01290,S1627,1,68,6.8,49,07,Horns
19SH01291,S1628,1,72,7.2,49,07,"3"" horns"
19SH01292,S1631,2,74,7.4,45,07,.
19SH01293,S1632,1,88,8.8,49,07,.
19SH01294,S1633,2,116,11.6,44,42,.
19SH01295,S1635,2,72,7.2,44,42,.
19SH01296,S1638,2,72,7.2,45,42,.
19SH01297,S1639,2,90,9.0,45,42,.
19SH01298,S1646,2,88,8.8,45,43,.
19SH01299,S1647,2,82,8.2,45,42,.
19SH01300,S1650,2,66,6.6,45,07,.
19SH01301,S1651,2,78,7.8,44,07,LameLH
19SH01302,S1654,2,70,7.0,45,42,.
19SH01303,S1655,2,88,8.8,45,07,.
19SH01304,S1656,2,94,9.4,45,42,.
19SH01305,S1660,2,70,7.0,45,07,.
19SH01306,S1661,2,92,9.2,45,07,.
19SH01307,S1662,2,98,9.8,45,42,.
19SH01308,S1665,2,86,8.6,44,42,.
19SH01309,S1669,2,76,7.6,45,07,.
19SH01310,S1671,1,106,10.6,49,07,.
19SH01311,S1672,2,90,9.0,45,42,.
19SH01312,S1673,1,104,10.4,49,42,.
19SH01313,S1675,2,88,8.8,45,07,.
19SH01314,S1677,2,84,8.4,44,07,.
19SH01315,S1680,1,92,9.2,49,07,Scurs
19SH01316,S1686,2,92,9.2,44,07,.
19SH01317,S1690,2,88,8.8,45,42,H.EyeDischarg
19SH01318,S1692,2,86,8.6,45,42,.
19SH01319,S1697,2,90,9.0,44,07,.
19SH01320,S1699,2,94,9.4,44,42,.
19SH01321,S1704,2,84,8.4,45,42,.
19SH01322,S1706,2,76,7.6,45,42,HAIRY
19SH01323,S1709,1,62,6.2,49,07,Horns
19SH01324,S1711,2,88,8.8,44,42,.
19SH01325,S1722,2,92,9.2,45,43,1ST
19SH01326,S1725,2,72,7.2,45,07,HAIRY
19SH01327,S1726,2,72,7.2,45,07,.
19SH01328,S1730,2,68,6.8,45,07,HAIRY
19SH01329,S1732,2,86,8.6,45,42,PINK
19SH01330,S1733,2,84,8.4,44,42,.
19SH01331,S1740,2,86,8.6,45,07,.
19SH01332,S1741,2,88,8.8,45,07,.
19SH01333,S1744,2,78,7.8,44,07,.
19SH01334,S1745,2,72,7.2,45,42,.
19SH01335,S1748,1,98,9.8,49,07,.
19SH01336,S1751,1,88,8.8,49,07,Scurs
19SH01337,S1753,2,88,8.8,45,07,PINK
19SH01338,S1755,2,76,7.6,45,42,.
19SH01339,S1765,2,86,8.6,44,07,.
19SH01340,S1769,2,76,7.6,45,43,.
19SH01341,S1772,2,82,8.2,45,42,.
19SH01342,S1775,2,94,9.4,45,07,.
19SH01343,S1776,2,104,10.4,45,42,.
19SH01344,S1782,2,86,8.6,45,42,.
19SH01345,S1784,1,90,9.0,49,42,Scurs
19SH01346,S1787,1,86,8.6,49,43,Scurs
19SH01347,S1788,2,58,5.8,45,07,.
19SH01348,S1791,2,92,9.2,45,07,.
19SH01349,S1792,2,108,10.8,45,42,.
19SH01350,S1794,2,92,9.2,45,42,.
19SH01351,S1796,2,84,8.4,44,07,.
19SH01352,S1802,2,98,9.8,45,42,.
19SH01353,S1807,2,68,6.8,45,07,BLNOSE
19SH01354,S1808,1,80,8.0,49,07,.
19SH01355,S1810,2,58,5.8,44,07,.
19SH01356,S1812,2,58,5.8,45,07,.
19SH01357,S1819,1,84,8.4,49,07,.
19SH01358,S1824,2,62,6.2,44,42,.
19SH01359,S1825,2,76,7.6,45,42,.
19SH01360,S1826,2,84,8.4,45,07,.
19SH01361,S1838,1,80,8.0,49,42,Horns
19SH01362,S1843,2,58,5.8,45,07,ScoursTx
19SH01363,S1844,2,76,7.6,45,07,.
19SH01364,S1845,2,92,9.2,45,42,.
19SH01365,S1858,2,90,9.0,45,42,Inc.RR.Tx
19SH01366,S1861,2,66,6.6,45,42,.
19SH01367,S1866,1,74,7.4,49,07,Scurs
19SH01368,S1872,1,86,8.6,49,42,HighTemp&RE.T
19SH01369,S1873,2,92,9.2,45,42,.
19SH01370,S1878,1,118,11.8,49,42,Scurs
19SH01371,S1880,2,92,9.2,44,42,.
19SH01372,S1881,2,90,9.0,45,43,HAIRY
19SH01373,S1882,2,84,8.4,44,07,.
19SH01374,S1887,2,64,6.4,45,07,.
19SH01375,S1888,2,76,7.6,45,07,.
19SH01376,S1893,2,80,8.0,45,07,HAIRY
19SH01377,S1904,2,78,7.8,45,07,.
19SH01378,S1912,2,98,9.8,45,07,.
19SH01379,S1913,2,78,7.8,45,07,.
19SH01380,S1914,1,58,5.8,49,07,"2""horns, nice"
19SH01381,S1915,2,92,9.2,45,07,.
19SH01382,S1917,2,86,8.6,45,42,.
19SH01383,S1918,2,88,8.8,45,07,.
19SH01384,S1919,2,86,8.6,44,07,BR.ON.NOSE
19SH01385,S1921,2,78,7.8,45,07,VetsFixTail
19SH01386,S1922,2,98,9.8,45,07,.
19SH01387,S1926,1,90,9.0,49,07,.
19SH01388,S1927,2,74,7.4,45,07,.
19SH01389,S1928,2,92,9.2,45,07,.
19SH01390,S1931,1,74,7.4,48,07,MSU
19SH01391,S1932,1,74,7.4,48,07,MSU
19SH01392,S1933,1,76,7.6,48,07,MSU
19SH01393,S1935,1,64,6.4,48,07,MSU
19SH01394,S1936,1,48,4.8,48,07,MSU
19SH01395,S1937,1,68,6.8,48,07,MSU
19SH01396,S1938,1,102,10.2,48,07,MSU
19SH01397,S1939,1,66,6.6,48,07,MSU
19SH01398,S1940,1,76,7.6,48,07,MSU
19SH01399,S1941,1,70,7.0,48,07,MSU
19SH01400,S1942,1,72,7.2,48,07,MSU
19SH01401,S1943,1,82,8.2,48,07,MSU
19SH01402,S1944,1,60,6.0,48,07,MSU
19SH01403,S1945,1,84,8.4,48,07,MSU
19SH01404,S1946,1,68,6.8,48,07,MSU
19SH01405,S1947,1,86,8.6,48,07,MSU
19SH01406,S1949,1,76,7.6,48,07,MSU
19SH01407,T4102,2,70,7.0,49,02,.
19SH01408,T4108,2,124,12.4,48,02,TerminalOnly
19SH01409,T4109,2,76,7.6,49,02,ClawAmputated
19SH01410,T4137,2,126,12.6,48,02,.
19SH01411,T4174,2,148,14.8,48,02,WARTSBUTOK
19SH01412,T4191,2,100,10.0,49,02,DRY
19SH01413,T4226,2,88,8.8,49,02,.
19SH01414,T4227,2,94,9.4,49,02,.
19SH01415,T4234,2,122,12.2,49,02,.
19SH01416,T4236,2,148,14.8,49,02,RHFtAbscess
19SH01417,T4266,2,96,9.6,49,02,LameRHTx
19SH01418,T4305,2,104,10.4,48,02,.
19SH01419,T4356,2,80,8.0,49,02,.
19SH01420,T4380,2,74,7.4,49,02,.
19SH01421,T4390,2,116,11.6,49,02,.
19SH01422,T4393,2,86,8.6,49,02,.
19SH01423,T4468,2,72,7.2,49,02,.
19SH01424,T4491,2,126,12.6,48,02,LameLFTx
19SH01425,T4506,2,90,9.0,48,02,SW.BAG
19SH01426,T4510,2,112,11.2,48,02,.
19SH01427,T4518,2,104,10.4,48,02,.
19SH01428,T4545,2,78,7.8,49,02,LAME.RH
19SH01429,T4557,2,118,11.8,48,02,BIGTEATS
19SH01430,T4559,2,128,12.8,49,02,.
19SH01431,T4585,2,68,6.8,49,02,.
19SH01432,T4675,2,110,11.0,49,02,.
19SH01433,T4676,2,96,9.6,49,02,.
19SH01434,T4685,2,102,10.2,49,02,RSDBLOODYOKNO
19SH01435,T4733,2,128,12.8,49,02,.
19SH01436,T4758,2,98,9.8,49,02,.
19SH01437,T4794,2,118,11.8,48,02,CHUNKSLSDOKNO
19SH01438,T4837,2,68,6.8,49,02,.
19SH01439,T4849,2,110,11.0,48,02,.
19SH01440,T4865,2,118,11.8,49,02,WARTS
19SH01441,T4882,2,114,11.4,48,02,TerminalOnly
19SH01442,T4892,2,124,12.4,48,02,.
19SH01443,T4915,2,96,9.6,49,02,DystociaMastL
19SH01444,T4928,2,94,9.4,48,02,STRESSED
19SH01445,T4929,2,90,9.0,49,02,.
19SH01446,T4931,2,106,10.6,48,02,.
19SH01447,T4951,2,106,10.6,49,02,.
19SH01448,T4953,2,92,9.2,49,02,.
19SH01449,T4977,2,138,13.8,48,02,.
19SH01450,T5007,2,128,12.8,48,02,.
19SH01451,T5008,2,88,8.8,49,02,.
19SH01452,T5013,2,,,,02,SM.BAG
19SH01453,T5020,2,114,11.4,48,02,.
19SH01454,T5043,2,96,9.6,48,02,.
19SH01455,T5044,2,84,8.4,49,02,LameLHFootTri
19SH01456,T5046,2,96,9.6,48,02,LTS
19SH01457,T5124,2,120,12.0,49,02,.
19SH01458,T5126,2,106,10.6,49,02,.
19SH01459,T5131,2,90,9.0,49,02,SW.BAG
19SH01460,T5132,2,98,9.8,49,02,.
19SH01461,T5164,2,102,10.2,49,02,.
19SH01462,T5165,2,120,12.0,49,02,.
19SH01463,T5166,2,120,12.0,49,02,.
19SH01464,T5182,2,86,8.6,49,02,.
19SH01465,T5184,2,126,12.6,49,02,.
19SH01466,T5247,2,98,9.8,49,02,.
19SH01467,T5328,2,88,8.8,49,02,.
19SH01468,T5330,2,122,12.2,49,02,BIGTEATS
19SH01469,T5332,2,82,8.2,48,02,.
19SH01470,T5343,2,86,8.6,49,02,.
19SH01471,T5346,2,118,11.8,48,02,.
19SH01472,T5354,2,104,10.4,48,02,OKFORONE
19SH01473,T5357,2,120,12.0,48,02,.
19SH01474,T5364,2,124,12.4,48,02,.
19SH01475,T5379,2,84,8.4,48,02,LameLHTx
19SH01476,T5386,2,110,11.0,49,02,L.T.RTSIDEBLO
19SH01477,T5398,2,72,7.2,49,02,.
19SH01478,T5400,2,106,10.6,49,02,BIGWARTYTITS
19SH01479,T5435,2,88,8.8,49,02,.
19SH01480,T5449,2,86,8.6,48,02,.
19SH01481,T5478,2,94,9.4,49,02,.
19SH01482,T5480,2,98,9.8,48,02,.
19SH01483,T5481,2,80,8.0,49,02,.
19SH01484,T5512,2,120,12.0,49,02,SW.BAG
19SH01485,T5543,2,90,9.0,49,02,.
19SH01486,T5556,2,102,10.2,49,02,LameLH
19SH01487,T5559,2,94,9.4,49,02,LameRF
19SH01488,T5565,2,98,9.8,48,02,.
19SH01489,T5567,2,104,10.4,48,02,.
19SH01490,T5568,2,94,9.4,48,02,.
19SH01491,T5586,2,112,11.2,48,02,.
19SH01492,T5589,2,116,11.6,48,02,.
19SH01493,T5597,2,120,12.0,48,02,.
19SH01494,T5608,2,90,9.0,49,02,RTITBAD
19SH01495,T5611,2,104,10.4,48,02,TerminalOnly
19SH01496,T5626,2,84,8.4,49,02,.
19SH01497,T5638,2,96,9.6,48,02,.
19SH01498,T5639,2,94,9.4,49,02,.
19SH01499,T5650,2,106,10.6,48,02,BIGWARTYTITS
19SH01500,T5652,2,104,10.4,49,02,.
19SH01501,T5670,2,110,11.0,48,02,.
19SH01502,T5674,2,106,10.6,49,02,.
19SH01503,T5680,2,96,9.6,49,02,.
19SH01504,T5684,2,108,10.8,49,02,.
19SH01505,T5690,2,100,10.0,48,02,SwBagVLTSMast
19SH01506,T5717,2,150,15.0,48,02,2@ONCE
19SH01507,T5729,2,122,12.2,48,02,.
19SH01508,T5737,2,94,9.4,49,02,R.EYE.DISCHAR
19SH01509,T5749,2,104,10.4,49,02,.
19SH01510,T5756,2,88,8.8,49,02,.
19SH01511,T5763,2,116,11.6,49,02,.
19SH01512,T5775,2,98,9.8,49,02,.
19SH01513,T5800,2,108,10.8,48,02,TAN LEGS
19SH01514,T5801,2,42,4.2,49,02,WARTS.SWBAG
19SH01515,T5807,2,100,10.0,49,02,.
19SH01516,T5811,2,94,9.4,49,02,.
19SH01517,T5844,2,98,9.8,48,02,.
19SH01518,T5859,2,144,14.4,48,02,.
19SH01519,T5862,2,130,13.0,48,02,SM.BAG
19SH01520,T5898,2,100,10.0,48,02,HAIRY
19SH01521,T5899,2,90,9.0,48,02,TerminalOnly
19SH01522,T5929,2,94,9.4,48,02,.
19SH01523,T5959,2,102,10.2,48,02,SM.BAG
19SH01524,T5964,2,120,12.0,48,02,.
19SH01525,T5971,2,120,12.0,48,02,.
19SH01526,T5986,2,134,13.4,48,02,1ST
19SH01527,T6003,2,126,12.6,48,02,.
19SH01528,T6020,2,102,10.2,48,02,.
19SH01529,T6026,2,,,,02,.
19SH01530,T6034,2,116,11.6,48,02,.
19SH01531,T6048,2,84,8.4,48,02,.
19SH01532,T6083,2,110,11.0,48,02,.
19SH01533,T6092,2,134,13.4,48,02,.
19SH01534,T6093,1,118,11.8,47,02,HAIRY
19SH01535,T6106,2,92,9.2,48,02,.
19SH01536,T6110,2,84,8.4,48,02,.
19SH01537,T6144,2,100,10.0,48,02,.
19SH01538,T6148,2,102,10.2,48,02,.
19SH01539,T6181,2,132,13.2,48,02,.
19SH01540,T6185,2,102,10.2,48,02,TerminalOnly
19SH01541,T6202,2,100,10.0,48,02,.
19SH01542,T6205,2,104,10.4,48,02,.
19SH01543,T6208,2,114,11.4,48,02,.
19SH01544,T6209,2,86,8.6,48,02,.
19SH01545,T6224,2,112,11.2,48,02,.
19SH01546,T6234,2,106,10.6,49,02,.
19SH01547,T6238,2,118,11.8,48,02,.
19SH01548,T6239,2,114,11.4,48,02,.
19SH01549,T6240,2,118,11.8,48,02,.
19SH01550,T6243,2,68,6.8,48,02,Mastitis
19SH01551,T6257,2,78,7.8,48,02,.
19SH01552,T6259,2,98,9.8,48,02,.
19SH01553,T6271,2,168,16.8,48,02,LameRH
19SH01554,T6274,2,74,7.4,48,02,.
19SH01555,T6284,2,86,8.6,48,02,.
19SH01556,T6291,2,102,10.2,48,02,.
19SH01557,T6297,1,128,12.8,48,02,
19SH01558,T6306,2,108,10.8,49,02,.
19SH01559,T6310,2,130,13.0,48,02,R.SIDE BLOODY
19SH01560,T6311,2,82,8.2,48,02,.
19SH01561,T6313,1,170,17.0,48,02,Scurs
19SH01562,T6314,2,94,9.4,49,02,.
19SH01563,T6315,2,88,8.8,49,02,LSD.FIBROUS
19SH01564,T6320,2,114,11.4,49,02,.
19SH01565,T6321,2,118,11.8,48,02,.
19SH01566,T6322,2,128,12.8,48,02,.
19SH01567,T6328,2,70,7.0,49,02,.
19SH01568,T6337,2,84,8.4,49,02,.
19SH01569,T6340,2,102,10.2,48,02,SM BAG
19SH01570,T6342,1,132,13.2,48,02,"1ST, Nice Ram"
19SH01571,T6352,2,108,10.8,48,02,.
19SH01572,T6354,2,72,7.2,48,02,TerminalOnly
19SH01573,T6355,2,130,13.0,49,02,.
19SH01574,T6356,2,86,8.6,49,02,.
19SH01575,T6364,2,118,11.8,49,02,.
19SH01576,T6366,2,104,10.4,49,02,.
19SH01577,T6367,1,116,11.6,48,02,Scurs
19SH01578,T6369,2,80,8.0,48,02,.
19SH01579,T6370,2,68,6.8,48,02,.
19SH01580,T6371,2,142,14.2,49,02,TerminalOnly
19SH01581,T6374,2,82,8.2,49,02,.
19SH01582,T6386,2,76,7.6,48,02,SM.BAG
19SH01583,T6387,2,108,10.8,49,02,.
19SH01584,T6389,2,96,9.6,49,02,.
19SH01585,T6395,2,110,11.0,49,02,.
19SH01586,T6397,2,132,13.2,48,02,.
19SH01587,T6401,1,112,11.2,48,02,Scurs
19SH01588,T6404,2,68,6.8,49,02,.
19SH01589,T6406,1,124,12.4,48,02,"Nice, Scurs"
19SH01590,T6413,2,126,12.6,49,02,.
19SH01591,T6418,2,128,12.8,48,02,.
19SH01592,T6428,2,84,8.4,48,02,.
19SH01593,T6429,2,102,10.2,49,02,.
19SH01594,T6439,2,102,10.2,48,02,.
19SH01595,T6446,2,118,11.8,48,02,.
19SH01596,T6464,2,106,10.6,48,02,.
19SH01597,T6466,2,84,8.4,49,02,.
19SH01598,T6467,2,80,8.0,49,02,.
19SH01599,T6469,2,82,8.2,48,02,.
19SH01600,T6476,2,94,9.4,48,02,.
19SH01601,T6479,2,94,9.4,48,02,.
19SH01602,T6482,2,78,7.8,48,02,.
19SH01603,T6483,2,136,13.6,48,02,.
19SH01604,T6486,2,116,11.6,48,02,.
19SH01605,T6495,2,74,7.4,49,02,.
19SH01606,T6498,2,90,9.0,48,02,.
19SH01607,T6499,2,90,9.0,49,02,.
19SH01608,T6502,1,148,14.8,48,02,3RD.H
19SH01609,T6506,2,118,11.8,49,02,.
19SH01610,T6509,2,70,7.0,49,02,.
19SH01611,T6510,2,90,9.0,49,02,.
19SH01612,T6511,2,68,6.8,48,02,.
19SH01613,T6516,1,134,13.4,48,02,PulledBadKnee
19SH01614,T6518,2,114,11.4,48,02,.
19SH01615,T6519,2,86,8.6,49,02,TerminalOnly
19SH01616,T6522,2,84,8.4,49,02,SMBAG
19SH01617,T6524,2,98,9.8,49,02,.
19SH01618,T6525,2,112,11.2,49,02,.
19SH01619,T6529,2,92,9.2,49,02,.
19SH01620,T6537,2,84,8.4,48,02,.
19SH01621,T6538,2,88,8.8,48,02,.
19SH01622,T6541,2,116,11.6,49,02,.
19SH01623,T6545,2,88,8.8,49,02,.
19SH01624,T6556,1,102,10.2,48,02,.
19SH01625,T6560,2,92,9.2,48,02,.
19SH01626,T6567,2,118,11.8,49,02,.
19SH01627,T6568,2,114,11.4,49,02,.
19SH01628,T6569,2,106,10.6,48,02,.
19SH01629,T6572,2,100,10.0,48,02,TerminalOnly
19SH01630,T6578,1,106,10.6,48,02,MSU
19SH01631,T6580,1,114,11.4,47,02,Scanlan
19SH01632,T6581,1,114,11.4,48,02,MSU.LameLShld
19SH01633,T6582,1,126,12.6,48,02,MSU
19SH01634,T6585,2,98,9.8,48,02,.
19SH01635,T6587,2,100,10.0,48,02,.
19SH01636,T6589,2,102,10.2,48,02,.
19SH01637,T6594,2,112,11.2,48,02,.
19SH01638,T6595,2,124,12.4,48,02,.
19SH01639,T6596,1,110,11.0,48,02,PINK.EARS
19SH01640,T6599,2,124,12.4,48,02,.
19SH01641,T6601,2,108,10.8,48,02,.
19SH01642,T6602,2,106,10.6,48,02,.
19SH01643,T6605,2,138,13.8,48,02,SM.BAG
19SH01644,T6609,2,124,12.4,48,02,.
19SH01645,T6614,2,82,8.2,48,02,.
19SH01646,T6623,2,130,13.0,48,02,.
19SH01647,T6628,2,82,8.2,48,02,.
19SH01648,T6631,2,98,9.8,48,02,HAIRY
19SH01649,T6632,2,94,9.4,48,02,HAIRY
19SH01650,T6634,2,116,11.6,48,02,HAIRY
19SH01651,T6636,2,126,12.6,48,02,SM.BAG
19SH01652,T6640,2,122,12.2,48,02,HAIRY
19SH01653,T6641,2,88,8.8,48,02,.
19SH01654,T6642,2,100,10.0,48,02,.
19SH01655,T6644,2,92,9.2,48,02,HAIRY
19SH01656,T6646,2,88,8.8,48,02,.
19SH01657,T6649,2,124,12.4,48,02,SM.BAG
19SH01658,T6651,2,118,11.8,48,02,HAIRY.Hypothe
19SH01659,T6657,2,88,8.8,48,02,AbortDystocia
19SH01660,T6659,2,72,7.2,48,02,SMBAG
19SH01661,T6662,2,82,8.2,48,02,.
19SH01662,T6663,2,98,9.8,48,02,.
19SH01663,T6667,2,88,8.8,48,02,.
19SH01664,T6668,2,94,9.4,48,02,.
19SH01665,T6673,2,84,8.4,49,02,.
19SH01666,T6678,2,90,9.0,48,02,.
19SH01667,T6683,2,118,11.8,48,02,.
19SH01668,T6689,2,96,9.6,48,02,SMBAG
19SH01669,T6691,2,94,9.4,48,02,.
19SH01670,T6694,2,90,9.0,48,02,.
19SH01671,T6700,2,86,8.6,48,02,SM.BAG
19SH01672,T6703,2,102,10.2,48,02,.
19SH01673,T6704,2,98,9.8,48,02,.
19SH01674,T6706,2,112,11.2,48,02,.
19SH01675,T6711,2,104,10.4,48,02,.
19SH01676,T6713,2,114,11.4,48,02,.
19SH01677,T6715,2,136,13.6,48,02,.
19SH01678,T6718,1,136,13.6,48,02,Scurs
19SH01679,T6719,2,106,10.6,48,02,1ST.PINK
19SH01680,T6723,2,88,8.8,48,02,.
19SH01681,T6724,2,140,14.0,48,02,.
19SH01682,T6728,2,86,8.6,48,02,SMBAG
19SH01683,T6735,2,96,9.6,48,02,.
19SH01684,T6736,2,120,12.0,48,02,.
19SH01685,T6738,2,106,10.6,48,02,.
19SH01686,T6752,2,86,8.6,48,02,.
19SH01687,T6753,1,146,14.6,48,02,HAIRY
19SH01688,T6759,2,106,10.6,48,02,.
19SH01689,T6760,2,88,8.8,48,02,HAIRY
19SH01690,T6763,2,82,8.2,48,02,SM.BAG
19SH01691,T6764,2,88,8.8,48,02,.
19SH01692,T6765,2,76,7.6,48,02,.
19SH01693,T6767,2,96,9.6,48,02,.
19SH01694,T6772,2,126,12.6,48,02,.
19SH01695,T6774,2,90,9.0,49,02,.
19SH01696,T6775,2,74,7.4,48,02,SM.BAG
19SH01697,T6782,2,82,8.2,48,02,.
19SH01698,T6783,2,104,10.4,48,02,.
19SH01699,T6784,2,126,12.6,48,02,.
19SH01700,T6786,2,92,9.2,48,02,.
19SH01701,T6787,2,112,11.2,48,02,SM.BAG
19SH01702,T6789,1,92,9.2,48,02,Scurs
19SH01703,T6791,2,118,11.8,48,02,.
19SH01704,T6794,2,114,11.4,48,02,.
19SH01705,T6795,2,120,12.0,48,02,.
19SH01706,T6796,2,178,17.8,48,02,SM.BAG
19SH01707,T6798,2,104,10.4,48,02,.
19SH01708,T6802,1,116,11.6,48,02,Sl. under
19SH01709,T6803,2,116,11.6,48,02,.
19SH01710,T6804,1,126,12.6,48,02,Sl. under
19SH01711,T6805,2,88,8.8,48,02,.
19SH01712,T6810,2,78,7.8,48,02,SMBAG
19SH01713,T6811,2,74,7.4,48,02,.
19SH01714,T6814,2,102,10.2,48,02,.
19SH01715,T6816,2,96,9.6,48,02,SMBAG
19SH01716,T6817,2,110,11.0,48,02,SM.BAG
19SH01717,T6818,2,82,8.2,48,02,LameLFTx
19SH01718,T6820,2,94,9.4,48,02,.
19SH01719,T6823,2,96,9.6,48,02,.
19SH01720,T6825,2,116,11.6,48,02,1ST
19SH01721,T6834,1,126,12.6,48,02,.
19SH01722,T6836,2,96,9.6,48,02,.
19SH01723,T6839,2,70,7.0,48,02,.
19SH01724,T6841,2,80,8.0,48,02,.
19SH01725,T6846,1,114,11.4,48,02,.
19SH01726,T6847,2,96,9.6,48,02,.
19SH01727,T6858,2,94,9.4,48,02,.
19SH01728,T6863,2,94,9.4,48,02,.
19SH01729,T6866,2,88,8.8,48,02,SM.BAG
19SH01730,T6869,2,86,8.6,48,02,.
19SH01731,T6883,1,128,12.8,48,02,Roeder
19SH01732,T6884,1,130,13.0,48,02,MSU
19SH01733,T6885,1,106,10.6,48,02,McRae
19SH01734,T6886,1,86,8.6,48,02,SplitAboveEye
19SH01735,T6891,1,86,8.6,49,02,Scurs
19SH01736,T6894,1,72,7.2,49,02,Nice!
19SH01737,T6896,2,68,6.8,45,02,ScoursTx
19SH01738,T6900,1,98,9.8,49,02,Nice!
19SH01739,T6902,1,98,9.8,49,02,Scurs
19SH01740,T6903,2,84,8.4,45,02,.
19SH01741,T6906,2,122,12.2,45,02,.
19SH01742,T6909,1,86,8.6,49,02,Nice!
19SH01743,T6912,1,82,8.2,49,02,Horns
19SH01744,T6913,2,70,7.0,45,02,ScoursTx
19SH01745,T6917,2,58,5.8,45,02,.
19SH01746,T6918,2,76,7.6,45,02,HAIRY
19SH01747,T6924,2,78,7.8,45,02,.
19SH01748,T6927,2,70,7.0,45,02,1ST
19SH01749,T6930,1,78,7.8,49,02,.
19SH01750,T6931,1,86,8.6,49,02,CloudyLEyeTx
19SH01751,T6932,2,110,11.0,45,02,HAIRY
19SH01752,T6934,1,84,8.4,49,02,Scurs
19SH01753,T6936,1,70,7.0,49,02,TailInfxn
19SH01754,T6937,1,76,7.6,49,02,.
19SH01755,T6940,2,74,7.4,45,02,.
19SH01756,T6942,2,76,7.6,45,02,.
19SH01757,T6943,1,100,10.0,49,02,.
19SH01758,T6947,1,74,7.4,49,02,.
19SH01759,T6948,2,88,8.8,45,02,.
19SH01760,T6950,2,88,8.8,45,02,.
19SH01761,T6952,2,92,9.2,45,02,.
19SH01762,T6953,1,78,7.8,49,02,.
19SH01763,T6954,2,56,5.6,45,02,.
19SH01764,T6957,1,54,5.4,49,02,.
19SH01765,T6958,1,106,10.6,49,02,.
19SH01766,T6959,2,86,8.6,45,02,.
19SH01767,T6961,2,78,7.8,45,02,NOT.NURSING
19SH01768,T6963,2,58,5.8,45,02,TOOMUCHBRN
19SH01769,T6966,2,88,8.8,45,02,.
19SH01770,T6969,2,54,5.4,45,02,.
19SH01771,T6970,2,84,8.4,45,02,.
19SH01772,T6974,2,80,8.0,45,02,.
19SH01773,T6975,1,118,11.8,49,02,Scurs
19SH01774,T6977,1,122,12.2,49,02,Nice!
19SH01775,T6979,2,68,6.8,45,02,.
19SH01776,T6983,1,92,9.2,49,02,.
19SH01777,T6985,1,70,7.0,49,02,.
19SH01778,T6986,2,80,8.0,45,02,.
19SH01779,T6993,2,72,7.2,45,02,.
19SH01780,T6994,2,72,7.2,45,02,1ST.2@ONCE
19SH01781,T6995,2,72,7.2,45,02,.
19SH01782,T6996,1,76,7.6,49,02,.
19SH01783,T6997,2,92,9.2,45,02,.
19SH01784,T6998,2,48,4.8,45,02,.
19SH01785,T7009,2,80,8.0,45,02,.
19SH01786,T7011,2,66,6.6,44,02,.
19SH01787,T7014,2,82,8.2,45,02,HAIRY
19SH01788,T7015,2,96,9.6,45,02,HAIRY
19SH01789,T7017,2,82,8.2,45,02,.
19SH01790,T7020,2,72,7.2,45,02,.
19SH01791,T7021,2,78,7.8,44,02,.
19SH01792,T7022,1,70,7.0,49,02,.
19SH01793,T7023,2,68,6.8,45,02,.
19SH01794,T7024,2,76,7.6,44,02,1ST
19SH01795,T7026,2,72,7.2,45,02,.
19SH01796,T7044,1,70,7.0,49,02,Nice!
19SH01797,T7046,2,86,8.6,45,02,.
19SH01798,T7053,1,104,10.4,49,02,Nice!
19SH01799,T7066,1,72,7.2,49,02,.
19SH01800,T7067,2,90,9.0,45,02,.
19SH01801,T7071,2,74,7.4,45,02,.
19SH01802,T7072,2,70,7.0,45,02,.
19SH01803,T7074,2,68,6.8,45,02,.
19SH01804,T7075,2,78,7.8,45,02,.
19SH01805,T7076,2,84,8.4,45,02,.
19SH01806,T7077,1,92,9.2,49,02,Nice!
19SH01807,T7080,2,86,8.6,45,02,.
19SH01808,T7086,1,90,9.0,49,02,.
19SH01809,T7088,2,70,7.0,44,02,.
19SH01810,T7089,2,80,8.0,45,02,.
19SH01811,T7091,1,90,9.0,49,02,.
19SH01812,T7103,1,94,9.4,49,02,.
19SH01813,T7105,1,72,7.2,49,02,Nice!
19SH01814,T7107,2,66,6.6,45,02,2ND
19SH01815,T7108,1,68,6.8,49,02,Scurs
19SH01816,T7110,2,72,7.2,45,02,.
19SH01817,T7114,2,84,8.4,44,02,.
19SH01818,T7116,1,68,6.8,49,02,NICE LAMB
19SH01819,T7120,2,78,7.8,45,02,RespTx
19SH01820,T7121,2,76,7.6,45,02,HAIRY
19SH01821,T7122,1,70,7.0,49,02,H.IncRETx
19SH01822,T7125,2,74,7.4,45,02,.
19SH01823,T7126,2,82,8.2,45,02,.
19SH01824,T7127,2,52,5.2,45,02,.
19SH01825,T7128,2,66,6.6,45,02,.
19SH01826,T7131,2,76,7.6,45,02,.
19SH01827,T7133,1,64,6.4,49,02,.
19SH01828,T7134,2,68,6.8,45,02,.
19SH01829,T7138,2,60,6.0,45,02,.
19SH01830,T7140,1,98,9.8,49,02,Scurs
19SH01831,T7141,1,82,8.2,49,02,.
19SH01832,T7144,2,56,5.6,45,02,.
19SH01833,T7146,1,106,10.6,48,02,USU
19SH01834,Z0880,2,56,5.6,47,97,.
19SH01835,Z1008,2,94,9.4,49,S3,.
19SH01836,Z1011,2,106,10.6,49,C3,.
19SH01837,Z1036,2,48,4.8,47,97,.
19SH01838,Z1042,2,50,5.0,47,97,SlowToTrail
19SH01839,Z1057,2,130,13.0,49,CM,.
19SH01840,Z1078,2,58,5.8,47,97,.
19SH01841,Z1079,2,58,5.8,47,97,.
19SH01842,Z1102,2,108,10.8,49,C3,.
19SH01843,Z1124,2,38,3.8,47,97,NASAL DISCHAR
19SH01844,Z1144,2,64,6.4,49,C3,CloudyLEyeTx
19SH01845,Z1297,2,106,10.6,49,CM,.
19SH01846,Z1399,2,108,10.8,49,CM,.
19SH01847,Z1473,2,74,7.4,47,97,ToeAbscessRF
19SH01848,Z1482,2,58,5.8,47,97,.
19SH01849,Z1492,2,94,9.4,49,C3,.
19SH01850,Z1523,2,68,6.8,47,97,.
19SH01851,Z1532,2,74,7.4,48,CM,RHLame
19SH01852,Z1549,2,52,5.2,47,97,.
19SH01853,Z1577,2,56,5.6,47,97,.
19SH01854,Z1584,2,64,6.4,47,97,.
19SH01855,Z1610,2,54,5.4,49,S3,.
19SH01856,Z1611,2,84,8.4,49,S3,ForSync
19SH01857,Z1613,2,46,4.6,47,97,.
19SH01858,Z1614,2,98,9.8,49,TC,.
19SH01859,Z1622,2,114,11.4,49,CM,.
19SH01860,Z1638,2,26,2.6,47,97,.
19SH01861,Z1648,2,72,7.2,47,97,.
19SH01862,Z1663,2,72,7.2,49,TC,.
19SH01863,Z1688,2,96,9.6,49,T3,ForSync
19SH01864,Z1730,2,52,5.2,47,97,.
19SH01865,Z1766,2,34,3.4,47,97,.
19SH01866,Z1774,2,88,8.8,49,T3,.
19SH01867,Z1814,2,112,11.2,49,C3,.
19SH01868,Z1834,2,112,11.2,48,CM,.
19SH01869,Z2267,2,44,4.4,47,97,.
19SH01870,Z2274,2,66,6.6,49,TS,.
19SH01871,Z2277,2,46,4.6,47,97,.
19SH01872,Z2278,2,78,7.8,47,97,.
19SH01873,Z2283,2,50,5.0,47,97,.
19SH01874,Z2318,2,110,11.0,49,CM,.
19SH01875,Z2321,2,74,7.4,47,97,SM.BAG
19SH01876,Z2322,2,36,3.6,47,97,.
19SH01877,Z2336,2,86,8.6,49,BL,.
19SH01878,Z2346,2,42,4.2,47,97,.
19SH01879,Z2415,2,78,7.8,49,TS,.
19SH01880,Z2424,2,40,4.0,47,97,.
19SH01881,Z2428,2,106,10.6,48,CM,.
19SH01882,Z2430,2,87,8.7,49,BL,.
19SH01883,Z2467,2,64,6.4,47,97,.
19SH01884,Z2476,2,80,8.0,49,CM,.
19SH01885,Z2573,2,68,6.8,47,97,.
19SH01886,Z2584,2,68,6.8,47,97,.
19SH01887,Z2592,2,114,11.4,49,CM,.
19SH01888,Z2642,2,102,10.2,49,CM,3TEATS
19SH01889,Z2670,2,94,9.4,49,CM,REYECLOUDY
19SH01890,Z2676,2,50,5.0,47,97,.
19SH01891,Z2682,1,58,5.8,47,97,NICE LAMB
19SH01892,Z2684,2,77,7.7,49,BL,.
19SH01893,Z2699,2,60,6.0,47,97,.
19SH01894,Z2702,2,40,4.0,47,97,.
19SH01895,Z2708,2,102,10.2,48,08,.
19SH01896,Z2710,2,62,6.2,47,97,.
19SH01897,Z2739,2,110,11.0,48,01,LARGE BAG
19SH01898,Z2740,2,118,11.8,49,01,.
19SH01899,Z2749,2,106,10.6,48,08,.
19SH01900,Z2763,2,52,5.2,47,97,.
19SH01901,Z2771,2,122,12.2,49,08,Grande Tittie
19SH01902,Z2776,2,44,4.4,47,97,.
19SH01903,Z2778,2,134,13.4,48,08,VetFixE.Scour
19SH01904,Z2785,2,60,6.0,47,97,.
19SH01905,Z2799,2,85,8.5,49,BL,ABSCESS.SHLDR
19SH01906,Z2832,2,84,8.4,48,08,.
19SH01907,Z2857,2,128,12.8,48,08,.
19SH01908,Z2859,2,48,4.8,47,97,.
19SH01909,Z2864,2,62,6.2,47,97,.
19SH01910,Z2871,2,104,10.4,48,01,.
19SH01911,Z2874,2,110,11.0,48,08,.
19SH01912,Z2879,2,40,4.0,47,97,.
19SH01913,Z2885,2,96,9.6,47,97,.
19SH01914,Z2893,2,98,9.8,48,01,.
19SH01915,Z2894,2,110,11.0,48,01,.
19SH01916,Z2907,2,60,6.0,47,97,.
19SH01917,Z2933,2,48,4.8,49,BL,.
19SH01918,Z2938,2,78,7.8,47,97,.
19SH01919,Z2944,2,110,11.0,48,08,.
19SH01920,Z2948,2,120,12.0,48,01,.
19SH01921,Z2971,2,64,6.4,47,97,.
19SH01922,Z2973,2,66,6.6,47,97,.
19SH01923,Z2974,2,56,5.6,47,97,.
19SH01924,Z2975,2,60,6.0,47,97,.
19SH01925,Z2980,2,80,8.0,47,97,.
19SH01926,Z3004,2,128,12.8,48,01,LSDSOMEBLOOD
19SH01927,Z3009,2,88,8.8,48,08,.
19SH01928,Z3064,2,128,12.8,48,01,.
19SH01929,Z3081,2,102,10.2,48,01,.
19SH01930,Z3083,2,108,10.8,48,01,2ND
19SH01931,Z3153,2,130,13.0,48,01,.
19SH01932,Z3228,2,62,6.2,47,97,.
19SH01933,Z3234,2,92,9.2,49,SY,LameRF
19SH01934,Z3235,2,56,5.6,47,97,.
19SH01935,Z3238,2,94,9.4,49,00,.
19SH01936,Z3254,1,64,6.4,47,97,CU
19SH01937,Z3255,1,68,6.8,47,97,Nice
19SH01938,Z3257,2,52,5.2,47,97,.
19SH01939,Z3265,2,38,3.8,47,97,.
19SH01940,Z3267,2,100,10.0,49,CT,.
19SH01941,Z3275,2,66,6.6,47,00,NoseInjuryTx
19SH01942,Z3276,2,48,4.8,47,00,.
19SH01943,Z3277,2,58,5.8,47,00,.
19SH01944,Z3278,2,70,7.0,47,00,.
19SH01945,Z3281,2,74,7.4,49,SY,.
19SH01946,Z3283,1,78,7.8,47,97,Nice
19SH01947,Z3288,2,56,5.6,47,97,DRY
19SH01948,Z3299,2,64,6.4,47,97,.
19SH01949,Z3301,2,64,6.4,47,97,.
19SH01950,Z3303,2,46,4.6,47,97,.
19SH01951,Z3304,2,60,6.0,47,97,.
19SH01952,Z3307,2,48,4.8,47,97,.
19SH01953,Z3310,2,52,5.2,47,97,.
19SH01954,Z3313,2,88,8.8,49,SY,.
19SH01955,Z3332,1,66,6.6,47,SY,Nice
19SH01956,Z3333,2,84,8.4,49,00,.
19SH01957,Z3340,2,40,4.0,47,97,SLSMUCHMORE
19SH01958,Z3355,1,72,7.2,47,97,Nice
19SH01959,Z3371,2,54,5.4,47,97,.
19SH01960,Z3372,2,78,7.8,49,S3,.
19SH01961,Z3380,2,68,6.8,47,97,.
19SH01962,Z3385,2,78,7.8,49,00,.
19SH01963,Z3386,2,94,9.4,49,00,.
19SH01964,Z3387,2,74,7.4,47,97,.
19SH01965,Z3393,2,94,9.4,49,SY,.
19SH01966,Z3399,2,96,9.6,49,SY,.
19SH01967,Z3401,2,54,5.4,47,97,.
19SH01968,Z3412,2,50,5.0,47,97,.
19SH01969,Z3425,2,102,10.2,48,07,.
19SH01970,Z3450,2,100,10.0,49,08,.
19SH01971,Z3464,2,98,9.8,49,SY,.
19SH01972,Z3485,2,74,7.4,49,SY,.
19SH01973,Z3506,2,100,10.0,49,08,.
19SH01974,Z3512,2,42,4.2,47,97,.
19SH01975,Z3529,2,104,10.4,49,01,.
19SH01976,Z3547,2,42,4.2,47,97,.
19SH01977,Z3581,2,100,10.0,49,SY,.
19SH01978,Z3584,2,96,9.6,49,01,SW.BAG
19SH01979,Z3595,2,56,5.6,47,97,.
19SH01980,Z3616,2,89,8.9,49,BL,AbortionTx
19SH01981,Z3630,2,40,4.0,47,97,.
19SH01982,Z3634,1,86,8.6,47,SY,"3RD, Scurs"
19SH01983,Z3636,2,42,4.2,47,97,.
19SH01984,Z3656,2,74,7.4,47,97,.
19SH01985,Z3663,2,60,6.0,47,97,.
19SH01986,Z3686,2,100,10.0,48,08,.
19SH01987,Z3688,1,108,10.8,48,BL,1ST
19SH01988,Z3740,2,120,12.0,48,01,.
19SH01989,Z3749,2,126,12.6,49,08,BIGTITS
19SH01990,Z3756,2,126,12.6,49,01,.
19SH01991,Z3762,2,106,10.6,49,01,.
19SH01992,Z3792,2,74,7.4,49,SY,.
19SH01993,Z3793,2,70,7.0,49,SY,LameLFTx
19SH01994,Z3797,2,90,9.0,49,08,SMBAG
19SH01995,Z3800,2,56,5.6,49,SY,.
19SH01996,Z3801,2,62,6.2,49,SY,.
19SH01997,Z3811,2,106,10.6,49,08,.
19SH01998,Z3814,2,38,3.8,47,97,.
19SH01999,Z3818,2,102,10.2,48,08,.
19SH02000,Z3822,2,114,11.4,48,08,.
19SH02001,Z3823,2,136,13.6,49,08,.
19SH02002,Z3833,2,128,12.8,48,08,.
19SH02003,Z3849,2,88,8.8,49,S3,.
19SH02004,Z3855,2,100,10.0,49,SY,.
19SH02005,Z3860,2,116,11.6,49,01,.
19SH02006,Z3862,2,106,10.6,49,01,.
19SH02007,Z3865,2,62,6.2,47,00,.
19SH02008,Z3868,2,148,14.8,49,08,.
19SH02009,Z3906,2,102,10.2,49,08,.
19SH02010,Z3925,2,112,11.2,49,01,.
19SH02011,Z3927,2,86,8.6,49,01,.
19SH02012,Z3936,2,112,11.2,49,08,.
19SH02013,Z3951,2,116,11.6,49,01,.
19SH02014,Z3952,2,122,12.2,48,01,.
19SH02015,Z3962,2,76,7.6,49,SY,.
19SH02016,Z3965,2,90,9.0,49,01,.
19SH02017,Z3966,2,70,7.0,48,20,RHToeAbscess
19SH02018,Z3978,2,62,6.2,49,80,.
19SH02019,Z3992,2,74,7.4,49,00,.
19SH02020,Z4008,2,98,9.8,49,20,.
19SH02021,Z4013,2,74,7.4,49,07,.
19SH02022,Z4014,2,72,7.2,49,80,.
19SH02023,Z4070,2,140,14.0,49,00,.
19SH02024,Z4088,2,72,7.2,47,97,.
19SH02025,Z4089,2,72,7.2,47,97,.
19SH02026,Z4091,2,60,6.0,47,97,.
19SH02027,Z4092,2,66,6.6,47,97,.
19SH02028,Z4095,2,44,4.4,47,97,.
19SH02029,Z4096,2,64,6.4,47,97,.
19SH02030,Z4097,2,62,6.2,47,97,.
19SH02031,Z4098,2,40,4.0,47,97,.
19SH02032,Z4099,1,72,7.2,47,SM,Cindy Wolf
19SH02033,Z4105,1,88,8.8,47,SM,"Cindy Wolf,SC"
19SH02034,Z4110,1,72,7.2,47,TS,HornMidHead
19SH02035,Z4111,2,46,4.6,47,97,Jarvis
19SH02036,Z4113,2,58,5.8,47,97,.
19SH02037,Z4114,2,68,6.8,47,97,.
19SH02038,Z4115,2,70,7.0,47,97,.
19SH02039,Z4116,2,66,6.6,47,97,.
19SH02040,Z4117,2,90,9.0,47,97,STOMPY
19SH02041,Z4118,2,50,5.0,47,97,.
19SH02042,Z4119,2,66,6.6,47,97,.
19SH02043,Z4120,2,74,7.4,47,97,.
19SH02044,Z4121,2,56,5.6,47,97,.
19SH02045,Z4122,2,72,7.2,47,97,.
19SH02046,Z4123,2,78,7.8,47,97,Jarvis
19SH02047,Z4124,2,58,5.8,47,97,.
19SH02048,Z4125,2,70,7.0,47,97,LameRF
19SH02049,Z4127,2,46,4.6,47,97,.
19SH02050,Z4128,2,88,8.8,47,97,Jarvis
19SH02051,Z4129,2,140,14.0,49,00,RAM.LAMB.SIRE
19SH02052,Z4132,2,102,10.2,48,00,.
19SH02053,Z4133,2,104,10.4,49,00,ForSync
19SH02054,Z4139,2,54,5.4,49,00,.
19SH02055,Z4142,2,106,10.6,49,00,.
19SH02056,Z4152,2,90,9.0,48,00,ForSync
19SH02057,Z4153,2,92,9.2,49,00,.
19SH02058,Z4156,2,144,14.4,48,00,SM.BAG
19SH02059,Z4157,2,96,9.6,49,00,.
19SH02060,Z4168,2,88,8.8,49,S3,ForSync
19SH02061,Z4169,2,74,7.4,49,S3,.
19SH02062,Z4173,2,64,6.4,49,83,GreatEwe Lame
19SH02063,Z4189,2,78,7.8,49,S3,ForSync
19SH02064,Z4193,2,66,6.6,49,00,.
19SH02065,Z4203,2,76,7.6,49,00,.
19SH02066,Z4213,2,,,,00,SM BAG
19SH02067,Z4228,2,62,6.2,47,97,HARD BAG
19SH02068,Z4230,2,72,7.2,49,20,.
19SH02069,Z4236,2,28,2.8,47,97,.
19SH02070,Z4239,2,106,10.6,49,10,DoubleSync
19SH02071,Z4241,1,50,5.0,47,97,CU
19SH02072,Z4248,2,98,9.8,48,CT,SM.BAG
19SH02073,Z4249,2,58,5.8,48,CT,.
19SH02074,Z4255,2,60,6.0,47,97,.
19SH02075,Z4256,2,118,11.8,49,00,.
19SH02076,Z4259,2,74,7.4,48,CT,.
19SH02077,Z4261,2,56,5.6,47,97,.
19SH02078,Z4263,2,24,2.4,47,97,.
19SH02079,Z4270,2,99,9.9,49,BL,.
19SH02080,Z4277,1,74,7.4,47,97,OldInjuryRF
19SH02081,Z4282,1,76,7.6,47,97,CU
19SH02082,Z4285,2,64,6.4,47,97,.
19SH02083,Z4286,2,55,5.5,49,BL,.
19SH02084,Z4287,2,77,7.7,49,BL,.
19SH02085,Z4288,1,,,,97,.
19SH02086,Z4299,2,74,7.4,47,97,.
19SH02087,Z4301,2,44,4.4,49,BL,.
19SH02088,Z4302,2,77,7.7,49,BL,.
19SH02089,Z4306,2,72,7.2,48,CT,.
19SH02090,Z4307,2,84,8.4,48,CT,.
19SH02091,Z4312,2,74,7.4,49,SY,.
19SH02092,Z4313,2,86,8.6,48,SY,.
19SH02093,Z4330,2,122,12.2,49,LT,.
19SH02094,Z4341,2,54,5.4,48,SY,.
19SH02095,Z4342,2,124,12.4,49,LR,DoubleSync
19SH02096,Z4351,2,44,4.4,47,97,.
19SH02097,Z4352,2,56,5.6,47,97,.
19SH02098,Z4363,2,54,5.4,47,97,.
19SH02099,Z4377,2,110,11.0,48,02,.
19SH02100,Z4381,2,106,10.6,48,08,.
19SH02101,Z4385,2,84,8.4,49,80,DoubleSync
19SH02102,Z4404,2,76,7.6,49,80,.
19SH02103,Z4415,2,84,8.4,49,10,ForSync
19SH02104,Z4424,1,60,6.0,47,97,.
19SH02105,Z4426,2,74,7.4,47,97,SM.BAG
19SH02106,Z4434,2,126,12.6,49,10,DoubleSync
19SH02107,Z4439,1,80,8.0,47,97,CU
19SH02108,Z4448,2,77,7.7,49,BL,.
19SH02109,Z4449,2,99,9.9,49,BL,.
19SH02110,Z4454,2,104,10.4,49,XR,.
19SH02111,Z4469,2,162,16.2,48,08,.
19SH02112,Z4479,2,116,11.6,48,CT,.
19SH02113,Z4488,2,104,10.4,48,CT,.
19SH02114,Z4489,1,122,12.2,47,CT,Scurs
19SH02115,Z4495,2,60,6.0,47,97,.
19SH02116,Z4497,2,108,10.8,49,XR,.
19SH02117,Z4498,1,58,5.8,47,97,Sl. Over
19SH02118,Z4507,2,84,8.4,48,CT,.
19SH02119,Z4510,1,68,6.8,47,CT,Scurs
19SH02120,Z4519,1,102,10.2,47,CT,Scurs
19SH02121,Z4532,2,14,1.4,47,97,.
19SH02122,Z4534,2,78,7.8,48,SY,.
19SH02123,Z4537,2,72,7.2,48,01,.
19SH02124,Z4553,2,118,11.8,48,08,.
19SH02125,Z4556,2,58,5.8,47,97,.
19SH02126,Z4558,2,52,5.2,48,SY,SMBAG
19SH02127,Z4561,2,22,2.2,47,97,.
19SH02128,Z4568,2,134,13.4,48,02,.
19SH02129,Z4581,2,26,2.6,47,97,.
19SH02130,Z4584,2,122,12.2,48,01,BRN.SHOULDERS
19SH02131,Z4599,2,84,8.4,48,CT,.
19SH02132,Z4601,1,82,8.2,47,SY,.
19SH02133,Z4606,1,64,6.4,47,97,.
19SH02134,Z4610,1,46,4.6,47,97,CU
19SH02135,Z4611,2,54,5.4,47,97,.
19SH02136,Z4629,2,74,7.4,47,97,DRY
19SH02137,Z4633,2,34,3.4,47,97,SM.BAG
19SH02138,Z4635,2,88,8.8,49,XT,.
19SH02139,Z4650,2,102,10.2,48,08,.
19SH02140,Z4662,1,76,7.6,47,97,CU
19SH02141,Z4663,2,86,8.6,49,LR,.
19SH02142,Z4664,2,68,6.8,47,97,.
19SH02143,Z4672,2,82,8.2,49,10,DoubleSync
19SH02144,Z4673,2,132,13.2,48,01,.
19SH02145,Z4675,2,122,12.2,48,08,NO.BAG
19SH02146,Z4676,2,52,5.2,47,97,.
19SH02147,Z4686,2,54,5.4,48,SY,.
19SH02148,Z4690,2,54,5.4,47,97,.
19SH02149,Z4697,2,78,7.8,48,08,SMBAG
19SH02150,Z4698,2,66,6.6,47,97,FootInfxnTx
19SH02151,Z4699,2,86,8.6,49,LT,.
19SH02152,Z4701,2,106,10.6,49,10,.
19SH02153,Z4708,2,92,9.2,48,07,.
19SH02154,Z4727,2,77,7.7,49,BL,.
19SH02155,Z4735,2,48,4.8,47,97,SM.BAG.OKFORO
19SH02156,Z4736,2,124,12.4,49,LT,ForSync
19SH02157,Z4737,2,110,11.0,48,01,SM.BAG
19SH02158,Z4742,2,86,8.6,48,01,.
19SH02159,Z4743,2,110,11.0,48,01,Scours
19SH02160,Z4746,2,104,10.4,49,LR,.
19SH02161,Z4749,2,98,9.8,48,01,SMBAG.THIN.AD
19SH02162,Z4778,2,76,7.6,49,CT,.
19SH02163,Z4779,1,70,7.0,47,CT,Scurs
19SH02164,Z4784,2,60,6.0,47,97,.
19SH02165,Z4788,2,118,11.8,49,20,.
19SH02166,Z4793,2,64,6.4,47,97,.
19SH02167,Z4807,2,98,9.8,48,08,SM.BAG
19SH02168,Z4813,2,78,7.8,49,LT,H.P
19SH02169,Z4819,2,194,19.4,48,08,HAIRY
19SH02170,Z4822,2,102,10.2,48,02,SM.BAG
19SH02171,Z4828,2,52,5.2,47,97,HIGH1?OKFORON
19SH02172,Z4829,2,98,9.8,48,01,.
19SH02173,Z4830,2,96,9.6,48,01,.
19SH02174,Z4832,2,102,10.2,49,XR,.
19SH02175,Z4834,2,54,5.4,47,97,.
19SH02176,Z4867,1,86,8.6,47,SY,70BRN
19SH02177,Z4868,2,44,4.4,47,97,.
19SH02178,Z4871,2,100,10.0,48,01,.
19SH02179,Z4874,2,98,9.8,48,02,SM.BAG
19SH02180,Z4875,2,98,9.8,48,02,SM.BAG
19SH02181,Z4877,2,110,11.0,48,01,LameLFTx
19SH02182,Z4882,2,100,10.0,48,01,1ST
19SH02183,Z4898,2,68,6.8,49,CT,.
19SH02184,Z4900,2,80,8.0,48,CT,.
19SH02185,Z4901,2,66,6.6,49,BL,.
19SH02186,Z4904,2,74,7.4,47,97,.
19SH02187,Z4907,2,108,10.8,48,01,.
19SH02188,Z4908,2,114,11.4,48,01,.
19SH02189,Z4919,2,94,9.4,48,01,.
19SH02190,Z4924,2,122,12.2,48,02,DRY
19SH02191,Z4937,2,92,9.2,48,01,SMBAG
19SH02192,Z4938,2,112,11.2,48,01,2ND
19SH02193,Z4953,2,88,8.8,48,08,.
19SH02194,Z4956,2,86,8.6,48,01,.
19SH02195,Z4967,2,100,10.0,48,01,.
19SH02196,Z4969,2,106,10.6,48,01,.
19SH02197,Z4974,2,92,9.2,48,02,.
19SH02198,Z4983,2,36,3.6,47,97,.
19SH02199,Z4984,2,78,7.8,49,LR,.
19SH02200,Z5001,2,44,4.4,47,97,.
19SH02201,Z5010,2,72,7.2,49,XT,.
19SH02202,Z5016,2,122,12.2,48,08,2ND.BACKWARDS
19SH02203,Z5029,2,88,8.8,49,BL,.
19SH02204,Z5034,2,108,10.8,48,08,HAIRY
19SH02205,Z5038,2,34,3.4,47,97,.
19SH02206,Z5040,2,86,8.6,48,08,.
19SH02207,Z5042,2,124,12.4,48,08,.
19SH02208,Z5055,2,82,8.2,49,00,ForSync
19SH02209,Z5061,2,110,11.0,48,SY,.
19SH02210,Z5062,2,110,11.0,48,01,SM.BAG
19SH02211,Z5063,2,104,10.4,48,01,SM.BAG
19SH02212,Z5077,2,118,11.8,49,LR,SM.BAG
19SH02213,Z5080,2,106,10.6,48,XR,.
19SH02214,Z5129,2,94,9.4,49,10,DoubleSync
19SH02215,Z5146,2,98,9.8,49,80,.
19SH02216,Z5152,2,148,14.8,49,XR,.
19SH02217,Z5161,1,76,7.6,47,TS,Virginia Tech
19SH02218,Z5162,1,38,3.8,47,97,CulhamStevens
19SH02219,Z5165,1,56,5.6,47,TS,Virginia Tech
19SH02220,Z5166,1,80,8.0,48,SM,Cindy Wolf
19SH02221,Z5167,1,46,4.6,47,SM,Cindy Wolf
19SH02222,Z5169,1,82,8.2,48,SM,Cindy Wolf
19SH02223,Z5175,2,38,3.8,47,97,.
19SH02224,Z5179,2,64,6.4,45,00,.
19SH02225,Z5184,2,74,7.4,48,BL,.
19SH02226,Z5202,1,52,5.2,47,97,Nice!
19SH02227,Z5203,2,46,4.6,47,97,.
19SH02228,Z5208,1,68,6.8,47,97,Nice!
19SH02229,Z5211,2,70,7.0,48,BL,.
19SH02230,Z5212,2,94,9.4,48,BL,.
19SH02231,Z5213,2,60,6.0,47,97,.
19SH02232,Z5219,2,58,5.8,47,97,.
19SH02233,Z5224,2,70,7.0,47,97,.
19SH02234,Z5225,2,58,5.8,47,97,.
19SH02235,Z5236,1,32,3.2,47,97,.
19SH02236,Z5237,2,56,5.6,47,97,.
19SH02237,Z5240,2,58,5.8,47,97,.
19SH02238,Z5251,2,60,6.0,47,97,.
19SH02239,Z5260,2,60,6.0,47,97,.
19SH02240,Z5261,1,64,6.4,47,CT,Scurs
19SH02241,Z5263,2,58,5.8,47,97,.
19SH02242,Z5264,1,64,6.4,47,97,.
19SH02243,Z5269,2,48,4.8,47,97,.
19SH02244,Z5288,2,58,5.8,47,97,.
19SH02245,Z5295,1,46,4.6,47,97,PneumoniaTx
19SH02246,Z5296,2,62,6.2,47,97,.
19SH02247,Z5299,2,62,6.2,47,CT,.
19SH02248,Z5314,1,72,7.2,47,97,Nice!
19SH02249,Z5325,1,72,7.2,47,CT,Scurs
19SH02250,Z5334,2,80,8.0,47,10,.
19SH02251,Z5340,2,42,4.2,47,97,.
19SH02252,Z5348,2,62,6.2,47,97,NICE LAMB
19SH02253,Z5349,2,44,4.4,47,97,.
19SH02254,Z5350,1,44,4.4,47,97,Scurs
19SH02255,Z5359,2,56,5.6,47,97,"TxFever,IncRR"
19SH02256,Z5360,2,58,5.8,47,00,.
19SH02257,Z5361,2,62,6.2,47,00,CornealUlcers
19SH02258,Z5362,2,80,8.0,47,97,.
19SH02259,Z5368,2,46,4.6,47,00,LameRF
19SH02260,Z5381,2,56,5.6,47,00,NICE LAMB
19SH02261,Z5383,2,84,8.4,45,00,.
19SH02262,Z5386,1,50,5.0,47,97,.
19SH02263,Z5387,2,62,6.2,47,97,.
19SH02264,Z5393,2,62,6.2,47,97,.
19SH02265,Z5394,2,40,4.0,47,97,CornealUlcer
19SH02266,Z5404,1,66,6.6,47,97,RFID Broke
19SH02267,Z5420,2,90,9.0,45,02,.
19SH02268,Z5423,1,42,4.2,47,97,Nice!
19SH02269,Z5425,2,68,6.8,47,LR,.
19SH02270,Z5426,2,64,6.4,47,00,.
19SH02271,Z5431,2,82,8.2,44,01,.
19SH02272,Z5432,1,86,8.6,49,01,Scurs
19SH02273,Z5442,1,36,3.6,47,97,Nice!
19SH02274,Z5446,2,44,4.4,47,00,.
19SH02275,Z5450,1,80,8.0,47,CT,"Scurs, nice!"
19SH02276,Z5460,2,64,6.4,47,00,.
19SH02277,Z5466,1,84,8.4,49,01,"Scurs,okTR"
19SH02278,Z5467,2,88,8.8,44,01,.
19SH02279,Z5472,2,82,8.2,45,00,.
19SH02280,Z5476,2,64,6.4,47,97,.
19SH02281,Z5480,2,68,6.8,47,97,DepressedTx
19SH02282,Z5481,2,58,5.8,47,97,.
19SH02283,Z5482,2,54,5.4,47,00,.
19SH02284,Z5488,2,88,8.8,45,00,.
19SH02285,Z5493,2,90,9.0,45,02,.
19SH02286,Z5517,2,108,10.8,45,01,TxHardBreathi
19SH02287,Z5519,2,66,6.6,45,LT,.
19SH02288,Z5520,2,70,7.0,45,LT,.
19SH02289,Z5525,2,82,8.2,45,08,ScoursTx
19SH02290,Z5528,2,50,5.0,47,97,.
19SH02291,Z5529,2,80,8.0,44,01,.
19SH02292,Z5530,2,86,8.6,45,01,.
19SH02293,Z5535,1,86,8.6,49,01,Scurs
19SH02294,Z5538,2,62,6.2,45,01,.
19SH02295,Z5541,2,72,7.2,47,CT,.
19SH02296,Z5544,1,90,9.0,49,08,Scurs
19SH02297,Z5550,2,70,7.0,48,BL,.
19SH02298,Z5551,2,70,7.0,48,BL,.
19SH02299,Z5552,2,70,7.0,45,02,.
19SH02300,Z5553,1,74,7.4,49,02,.
19SH02301,Z5557,2,70,7.0,47,SC,70BLK
19SH02302,Z5559,2,66,6.6,45,00,CornealUlcer
19SH02303,Z5561,1,74,7.4,47,97,Scurs
19SH02304,Z5562,2,70,7.0,45,XR,BLK EYE
19SH02305,Z5575,2,52,5.2,47,00,1ST 50BRN
19SH02306,Z5581,2,72,7.2,47,CT,20BLK H
19SH02307,Z5585,2,72,7.2,47,LR,20BLK
19SH02308,Z5593,1,48,4.8,47,97,.
19SH02309,Z5598,1,80,8.0,49,01,Scurs
19SH02310,Z5599,2,92,9.2,44,01,.
19SH02311,Z5605,2,72,7.2,45,07,BLKSPOTNECK
19SH02312,Z5606,1,86,8.6,49,01,Scurs
19SH02313,Z5607,2,70,7.0,47,SY,50BLK
19SH02314,Z5612,2,52,5.2,47,97,.
19SH02315,Z5619,2,68,6.8,47,20,.
19SH02316,Z5624,2,96,9.6,45,42,.
19SH02317,Z5627,1,62,6.2,47,SY,Scurs
19SH02318,Z5633,2,84,8.4,45,01,.
19SH02319,Z5634,2,78,7.8,45,01,.
19SH02320,Z5635,1,50,5.0,47,97,.
19SH02321,Z5638,2,58,5.8,47,00,.
19SH02322,Z5639,2,56,5.6,48,BL,.
19SH02323,Z5644,2,48,4.8,47,97,.
19SH02324,Z5648,2,58,5.8,47,97,ScoursTx
19SH02325,Z5650,2,82,8.2,45,08,.
19SH02326,Z5651,1,66,6.6,49,08,.
19SH02327,Z5655,2,56,5.6,47,97,.
19SH02328,Z5657,2,56,5.6,47,00,.
19SH02329,Z5666,1,76,7.6,49,08,Scurs
19SH02330,Z5687,2,50,5.0,47,97,.
19SH02331,Z5688,2,58,5.8,47,97,3RD
19SH02332,Z5691,1,42,4.2,47,97,.
19SH02333,Z5692,1,44,4.4,47,97,Scurs
19SH02334,Z5693,2,94,9.4,45,08,.
19SH02335,Z5700,2,56,5.6,47,97,.
19SH02336,Z5703,2,66,6.6,47,97,.
19SH02337,Z5707,2,102,10.2,47,00,.
19SH02338,Z5710,1,38,3.8,47,97,.
19SH02339,Z5712,2,72,7.2,47,97,.
19SH02340,Z5713,1,50,5.0,47,97,Scurs
19SH02341,Z5722,1,80,8.0,47,CT,Scurs
19SH02342,Z5723,1,62,6.2,47,CT,Scurs
19SH02343,Z5725,2,58,5.8,47,SY,.
19SH02344,Z5732,2,58,5.8,47,CT,.
19SH02345,Z5733,2,62,6.2,47,CT,.
19SH02346,Z5738,2,90,9.0,45,08,.
19SH02347,Z5747,2,76,7.6,47,97,NICE.RHLame
19SH02348,Z5756,2,74,7.4,47,00,.
19SH02349,Z5762,2,66,6.6,47,97,.
19SH02350,Z5764,2,68,6.8,47,00,THIN
19SH02351,Z5772,2,84,8.4,45,42,.
19SH02352,Z5775,1,68,6.8,47,SY,.
19SH02353,Z5777,2,92,9.2,44,02,2ND
19SH02354,Z5783,2,74,7.4,45,01,.
19SH02355,Z5784,1,78,7.8,49,01,Scurs
19SH02356,Z5785,2,90,9.0,47,00,.
19SH02357,Z5792,2,96,9.6,45,08,.
19SH02358,Z5796,2,56,5.6,45,00,.
19SH02359,Z5802,1,78,7.8,49,08,Scurs
19SH02360,Z5803,2,72,7.2,45,08,.
19SH02361,Z5809,2,68,6.8,47,00,.
19SH02362,Z5810,2,66,6.6,47,20,.
19SH02363,Z5814,2,72,7.2,47,00,.
19SH02364,Z5816,2,58,5.8,47,20,RHFootAbscess
19SH02365,Z5824,2,54,5.4,47,97,.
19SH02366,Z5830,2,76,7.6,47,00,.
19SH02367,Z5841,2,78,7.8,45,01,.
19SH02368,Z5849,2,40,4.0,47,00,1ST
19SH02369,Z5854,2,60,6.0,47,00,.
19SH02370,Z5855,2,84,8.4,45,07,.
19SH02371,Z5864,2,72,7.2,47,SY,60GR.ContrTen
19SH02372,Z5867,2,58,5.8,47,00,CornealUlcer
19SH02373,Z5870,2,66,6.6,47,20,.
19SH02374,Z5871,2,68,6.8,47,97,.
19SH02375,Z5874,2,80,8.0,47,CT,.
19SH02376,Z5875,1,74,7.4,47,CT,Scurs
19SH02377,Z5878,2,80,8.0,45,08,.
19SH02378,Z5879,1,96,9.6,49,08,.
19SH02379,Z5880,2,40,4.0,47,97,.
19SH02380,Z5891,2,78,7.8,47,LR,.
19SH02381,Z5892,2,52,5.2,47,97,.
19SH02382,Z5897,1,128,12.8,49,08,Nice!
19SH02383,Z5901,2,90,9.0,47,00,.
19SH02384,Z5904,2,62,6.2,47,97,.
19SH02385,Z5910,2,62,6.2,47,00,10BLK
19SH02386,Z5912,2,62,6.2,44,01,H.SepticArthr
19SH02387,Z5913,1,76,7.6,47,SY,Scurs
19SH02388,Z5917,2,68,6.8,47,SY,90BRN
19SH02389,Z5923,1,100,10.0,49,02,Nice!
19SH02390,Z5931,2,100,10.0,45,42,.
19SH02391,Z5932,1,54,5.4,49,42,.
19SH02392,Z5933,2,124,12.4,47,00,100BLK
19SH02393,Z5959,2,52,5.2,47,97,.
19SH02394,Z5971,2,84,8.4,45,08,EntropionVetF
19SH02395,Z5985,2,58,5.8,47,97,.
19SH02396,Z5986,2,68,6.8,47,CT,30BLK
19SH02397,Z5987,2,84,8.4,47,CT,EntropionVetF
19SH02398,Z6003,2,84,8.4,48,BL,.
19SH02399,Z6004,2,70,7.0,47,00,20BLK
19SH02400,Z6007,2,62,6.2,45,01,.
19SH02401,Z6014,2,50,5.0,47,00,.
19SH02402,Z6017,1,42,4.2,47,97,Scurs
19SH02403,Z6025,2,64,6.4,47,97,.
19SH02404,Z6026,2,56,5.6,47,97,.
19SH02405,Z6029,2,96,9.6,45,08,.
19SH02406,Z6035,2,64,6.4,47,20,.
19SH02407,Z6048,2,86,8.6,45,LT,SlightE.R.E.
19SH02408,Z6052,2,66,6.6,47,97,.
19SH02409,Z6053,2,52,5.2,47,97,.
19SH02410,Z6061,1,40,4.0,47,97,.
19SH02411,Z6065,2,76,7.6,47,97,1ST
19SH02412,Z6073,1,42,4.2,47,97,.
19SH02413,Z6092,2,50,5.0,48,BL,.
19SH02414,Z6096,2,72,7.2,45,02,.
19SH02415,Z6097,2,66,6.6,44,01,.
19SH02416,Z6098,1,38,3.8,47,97,Scurs
19SH02417,Z6099,2,96,9.6,45,08,.
19SH02418,Z6112,2,42,4.2,47,00,.
19SH02419,Z6118,1,68,6.8,47,SY,.
19SH02420,Z6121,2,72,7.2,45,02,1ST.TagInfxnT
19SH02421,Z6123,2,62,6.2,45,08,.
19SH02422,Z6126,1,70,7.0,49,01,Scurs
19SH02423,Z6130,2,70,7.0,45,07,.
19SH02424,Z6131,2,72,7.2,45,00,.
19SH02425,Z6139,2,72,7.2,47,00,.
19SH02426,Z6141,1,84,8.4,49,01,.
19SH02427,Z6151,2,58,5.8,45,00,.
19SH02428,Z6159,2,86,8.6,47,XR,.
19SH02429,Z6164,2,58,5.8,47,00,.
19SH02430,Z6176,2,104,10.4,44,42,.
19SH02431,Z6190,2,78,7.8,47,10,.
19SH02432,Z6196,2,48,4.8,47,10,TailInfection
19SH02433,Z6199,2,76,7.6,44,08,.
19SH02434,Z6203,1,74,7.4,49,02,Scurs
19SH02435,Z6210,1,92,9.2,49,02,.
19SH02436,Z6214,2,80,8.0,44,08,.
19SH02437,Z6215,2,68,6.8,45,02,.
19SH02438,Z6220,1,86,8.6,49,42,.
19SH02439,Z6225,2,82,8.2,47,10,50BLK
19SH02440,Z6237,2,66,6.6,47,80,VetsFixTailSx
19SH02441,Z6240,2,38,3.8,48,BL,LHFootAbscess
19SH02442,Z6243,2,66,6.6,47,00,.
19SH02443,Z6249,2,66,6.6,47,00,.
19SH02444,Z6255,2,66,6.6,45,00,.
19SH02445,Z6259,2,72,7.2,47,20,.
19SH02446,Z6267,2,76,7.6,47,20,.
19SH02447,Z6268,2,94,9.4,47,LR,NICE LAMB
19SH02448,Z6272,2,44,4.4,45,XT,.
19SH02449,Z6274,2,80,8.0,47,LR,.
19SH02450,Z6277,2,60,6.0,45,00,.
19SH02451,Z6281,2,78,7.8,45,08,.
19SH02452,Z6289,2,66,6.6,47,SC,.
19SH02453,Z6290,2,88,8.8,45,07,.
19SH02454,Z6303,2,68,6.8,47,10,50BLK
19SH02455,Z6308,2,94,9.4,47,LR,10BLK
19SH02456,Z6309,2,72,7.2,47,10,CU
19SH02457,Z6311,2,,,,20,CROOKEDLEGS
19SH02458,Z6314,2,72,7.2,47,10,80BLK
19SH02459,Z6315,2,68,6.8,47,00,.
19SH02460,Z6316,2,84,8.4,47,00,CU
19SH02461,Z6317,2,62,6.2,47,00,CU
19SH02462,Z6318,2,52,5.2,47,00,CU
19SH02463,Z6320,1,74,7.4,49,42,Scurs
19SH02464,Z6322,2,62,6.2,47,SC,60BLK
19SH02465,Z6326,2,74,7.4,47,80,40GRAY
19SH02466,Z6335,2,54,5.4,47,00,CU
19SH02467,Z6340,2,76,7.6,45,00,.
19SH02468,Z6344,2,62,6.2,47,20,.
19SH02469,Z6351,2,54,5.4,47,10,.
